-0.0189620336208998	0.379149763746489
-0.0734570835599085	0.0119697123698187
-0.134977042983943	0.225652369831417
-0.0279275144334653	0.0643532369908406
0.0146788979000215	-0.632117845671345
0.0413810825218241	-0.665707743425254
0.120040872483273	-0.199870079315223
0.230221062179509	-1.082131589275
0.319459188905252	-0.473825172192764
-0.264305737044398	-0.295873400255657
0.0617532902491982	-0.913011235027896
0.333765638064827	-0.14758825237505
-0.134634802565642	-0.281465578678488
-0.105747418908753	-0.420697556240947
-0.344980673569387	-0.725496678498693
0.576344436739594	-1.35370226124565
0.812894224285069	-0.423953980878291
0.209963740656363	-0.103650578581856
0.544208298783844	-0.461101531277111
-0.756668650025049	0.337227489235393
-0.287971716246983	-0.463499262375288
2.16872668239122	9.73414503289154
-3.3754411500515	2.78800281222279
-0.0392970867257635	2.14806349304422
-11.8420672148955	-6.98506638672391
-2.91331604667026	-0.516382187512344
0.0232538765598317	2.46726291051916
11.8734074087376	10.3238113558372
1.9089873203169	1.67131213838916
0.265350927711384	1.86460775220346
-0.546862378766675	-0.309402937932741
-0.462924824767352	0.696307987003907
-0.129219020327169	0.813039150945442
2.09584808795078	-0.0854923411287275
2.45388538164175	1.74453635913955
-3.25630651045873	-0.463995190726025
0.574665487514713	1.29853395865269
-0.131904739350802	1.59022791249709
1.10381032274899	2.30304430166285
1.36816205124887	0.166312713784167
-0.784588539783535	-0.506234733271525
0.473835810089713	-0.396538037071919
-37.3133309411639	-68.7311201805903
-18.0911944437815	-25.8650390783319
-46.0658881162846	-14.373515559256
0.592952618283958	-0.469592300305689
0.97288304148299	0.62123399682466
0.245720776009981	0.258908286919684
-3.32676047016685	4.63629445082253
-5.92811278452991	-3.91887336891993
3.22853462327104	-5.4330596008675
-0.0256734273198287	-4.36280699803429
-0.100011012298189	0.753537343019435
0.804941079223236	0.306759586159928
-6.80999513297335	2.24220705046641
0.749629043388417	-1.46646578943915
-0.0768919728476263	-0.0568025126668082
-50.452216889214	-112.894715442512
-152.854734634969	-18.6103454407206
-100.723848695857	-24.5783048746634
0.496933167198872	-0.478124500209293
0.26742847543895	0.481943947006056
-0.117078396367925	0.663619000281176
-0.0652841895281096	-0.252571554859603
0.0270414204044418	1.15081474751452
-0.648281414453667	0.225186744904599
0.249927679578249	-0.613567884677026
0.207940845723455	-1.27076077076642
0.0361568061683909	-2.57428639899751
-0.0763474405754807	-0.0505596291626987
-0.419138001091735	-0.0883799637066753
0.0415216608349993	-0.623650052704141
-0.683928851379953	0.299563099042268
-0.474576730158155	0.168239296919399
-0.107262141463226	0.348446274134068
-0.0273976448783939	0.268940670830281
0.181091905071108	-0.813305773782683
0.18922980386147	0.298960456994594
-1.34666655713334	-0.0506937532883569
1.40346801352392	0.0775684487338862
0.236061461680683	2.85412242747089
-5.96190769043288	-1.95711626893671
-2.98509839230079	-7.84887903522068
-1.33745360106388	-4.3938022296685
-0.376867721751566	-0.10054730795739
-0.0683768123416914	-1.65880775914753
-0.412023541435545	-0.0753713499228861
-10.5940837674381	13.849427137539
2.65029641750693	18.662096889545
0.725437434358202	12.1634570969127
1.81334956039075	0.381911025872585
0.78563495790782	-1.05103182954265
0.104709806750268	-1.11510290892801
-1.08016101218397	-0.622046849714215
1.70742173092742	0.250236961364897
-0.272404831622736	2.98201405556518
-6.2105544092895	-2.33977350394259
-3.56461635568533	-6.87993610603819
-1.88692908194451	-3.74415413509572
4.94197989213204	0.988280305524979
-8.13443827754434	-2.4275636372386
-1.6646233617314	-7.13187655508795
-18.79964337343	28.5661172232145
1.78598003676079	31.6112343323378
1.06731773760598	24.0388957964582
0.0804853736561985	-0.157731123915626
0.0709777712129201	0.984987929060809
-0.285893165437667	0.249559511874049
-0.417289099977833	-0.0999701980473167
-0.12554197094145	1.01261999089608
-0.341131043344239	-0.262068136704223
-8.01377654599202	12.7759879445644
3.85325027380039	17.0928006465178
17.8472083695168	17.3860435966873
-0.157881578152523	0.568164894267419
0.142355398632547	-0.220434416986027
0.129755665224753	0.142006427203674
0.431616086085266	1.98829664677834
0.798720267239198	0.231107202243972
0.807725362276336	-0.554869514519875
0.21886428129574	-0.626491281010181
-0.366231825036948	0.40234796833832
0.0121052241305336	0.538021770153956
-1.59468411986471	0.138174779852757
1.19195439333055	1.76461105799356
-0.522044246867618	0.115101620873021
0.126628446189744	0.373597453406692
-0.0728554068385633	0.951904712091291
-5.96224091511079	-0.09980099892209
0.286720421217054	-0.821362180099679
-0.527886460955997	0.145173924800244
-2.41303710254741	0.767694538085488
-2.56520233233892	-10.2104218766307
0.159629006145559	-7.34068167238404
8.69188289008441	4.95188383699424
-0.0791261081697708	-1.60139413823149
-1.11313488297311	0.671017798250396
-1.27697185390027	-0.955817412516047
-1.24872316464428	1.80040659565694
1.92317286425845	0.0259791782480502
-0.0132075552102584	2.58364201781726
-3.19891301774567	2.58307235661839
-3.13116022087808	-0.636709762590539
-1.82199164478896	-0.349640846637146
-1.23023619230036	-0.757135236465223
1.9641553117229	1.85244699394352
-2.03897938004951	1.02987312845521
1.32142700992221	-12.1604427422025
-23.3859490209587	-8.95413904127521
-7.44170556357159	-10.6420345369633
-1.06258310234102	1.43694210348434
-0.785832859427225	0.040799802780847
-0.849546167047758	2.54978300806284
-1.47032715868228	0.0992149744292289
-2.3587291347279	1.10224608658713
-0.600238851786467	6.09448168026471
1.28720851463131	2.21532142557994
2.43410249096354	1.37856231174523
1.85590531462317	3.39832082312164
5.17081714084049	-13.3122932812378
-4.88854037970663	9.53445319108462
-16.6120278487164	-5.29020427449094
146.871627231473	-115.236693209465
54.2553912066127	-75.7857166713952
124.268655783277	-88.74807025072
-2.79210955446308	1.88623560195417
-1.93333620984272	-3.06592899791487
-4.43257111035725	3.91534871501341
0.411246628904316	1.35404199240662
-0.11594195124721	0.956356605795738
0.854582441991408	-0.632419960364912
4.0007824403379	2.47496305903992
6.95305894730794	0.456102614105754
6.79289510747187	7.09060981522747
99.6986187260275	-51.9545134844112
-22.3410989802788	2.92828806545435
-143.502101124983	-97.5391454442123
17.6351078525158	22.1381922136813
12.9232474166669	10.6222812934712
12.9691842356515	4.75634661718832
0.634642485700235	0.272434973967345
0.448187948306618	0.85801534104678
0.420229806587712	0.262409156631128
0.954176871290087	0.664022820404511
-0.353690394058901	-0.883641301643034
-0.963217027155184	0.322294375542636
-2.85307349020755	-0.353235987854055
-1.59195419214644	0.723738152909907
-0.203202575727326	3.28058860736339
-0.62895684623054	3.29376219555295
0.440339034386313	-1.42079775024478
1.35565058772148	-1.28603610280778
5.88176400347999	-6.6266343244037
8.11846591614268	-7.99176021226608
12.2557123591391	-10.1927076304459
0.219708221402136	-0.500390486738157
-0.75914633812775	-0.348430401299714
-0.141006390380074	1.14484721057171
1.14501633876243	-0.200428265591267
-0.440213131643102	-1.28523699775182
-0.348981490340985	0.965633439411789
-0.252571396008198	-2.89247333310916
0.983174505976551	0.730087515962485
1.58626045319701	1.46628985271309
-0.0929821100517186	0.040381193292315
-0.00901363730840008	0.0422207559081574
-0.0135117998894973	-0.00426285294413074
0.00250094175898957	-0.0120504509225846
0.00380012236963377	-0.0136653864100315
0.00463452968435357	-0.0153437019370669
0.898134817584677	-0.0697045443662361
1.4412200797574	-0.762239631843965
0.131475904093579	2.21204308424181
0.586847572329426	-0.747712246467716
-0.84202700912145	-1.07298643242085
0.361577722813397	-0.397542887547642
-1.08521026445317	1.06596084230312
-1.29092340408934	-0.465355615943422
0.227612858805596	0.145810908476503
-0.0680019794279396	-0.69625282530469
5.6775619593592	5.07576483229267
-1.3870223649262	-2.46616041097613
0.636328658926279	-1.08957793696383
1.02844588623068	-0.845887645293415
2.27547137993977	-2.38111732181236
2.58827912840996	-0.0159461448669021
-0.909510507004077	1.16127812629035
-2.44708037836734	-0.36489717063382
0.0407900362086684	0.155604722682431
-0.465906537490148	-0.226080841980983
0.161643439567784	-0.732569586644905
-1.4456545051449	-0.608270970394672
0.645956861661454	-2.03850325861713
0.299840421562611	-2.67200171489114
-4.54695144942025	-1.87493479339634
-23.9790932786529	-18.3981710016606
8.92706177798353	-11.5705776020567
-1.78207379777826	2.44090910866357
1.2596133069531	3.08933339688384
-2.96731713352583	2.93520005681089
1.91039703642595	0.426553816152355
1.06741466408152	0.514076235450421
0.893140405868734	-0.928747345297707
0.967395263009175	0.159497468775373
0.0461135615458651	-1.47126028601349
-0.128353946771589	-0.0249049284714664
-1.39286804436757	-0.813927607397925
-0.156788858857817	-1.40249762833402
0.360843881198535	-0.222246204515515
3.99910045543143	8.49797993565447
-0.342989630498085	-5.73302367847648
1.63408136731653	-2.3105203230157
0.500402412694748	0.863642917652786
0.673902826347595	1.09732847998425
0.9702520749363	1.78528323072437
0.684915582959395	0.141947987200195
-0.33568773131067	-0.199122889683169
-1.14270460013023	-0.93096396725924
0.7996171592925	0.074877817152712
0.109839944917963	0.361494723302719
0.296371160556238	-0.62126657914363
-0.427955931568913	-0.881538162143215
-0.53225563616531	-2.67260892887585
-0.0965937555115849	-0.825634322563889
0.0384938929979076	1.36433220998882
2.70592400320104	-4.76851397309083
-0.850248257258927	1.11323610376398
0.0518680253364785	4.88243275659399
0.687699236758947	1.36402060427079
-0.144839847060865	3.15062395340484
-0.91843964131288	-0.457260761855586
-0.585773317032296	-0.305370179877845
-0.900713873472026	0.471421715086629
-0.57742155838584	0.615128527387028
-0.309495246652067	-0.445966326109823
0.592592578461307	-0.0625787277461458
-0.542649799950128	4.49946884977034
-5.88873507263125	2.3925275025857
-3.83673750342981	1.34925002428535
-1.81888622124839	-3.42501994440895
-1.08287932469523	-4.82498547971717
0.257022357130902	2.95645916124813
3.92079558530167	4.6444258053666
9.47390917344833	-2.68622127703708
7.6065259405717	3.24346964674229
0.405588593235241	1.01093372827581
0.496700083530307	-0.00858099200380071
-0.94572967458989	0.699905099436802
0.128937839892362	0.30897065291933
0.317639745079898	0.686549875074672
-0.703474222564378	0.717830390666816
-0.922937079610838	-0.335108419485092
-1.28264308818072	0.546914128807777
-0.93304494543026	2.14406923012128
-0.135975264719839	-0.215360912702302
-1.16042983067371	0.204288991063856
0.485601992253313	-0.338000529322118
-2.82209043551705	-1.33291355770433
-2.04182826140755	-0.868942788905204
-1.76822917939639	0.253805582479992
0.597703889828658	1.3847943205512
1.52452208391047	0.321717517795908
-0.920667105757433	1.60561734350189
0.861182539149631	-0.693761306262823
-0.11670266948818	-0.633875960637974
1.73001351973306	0.268404421511693
0.317927333013916	1.65547733129188
1.50546902167367	0.668765306156506
0.810697332320278	-6.47027880513373
0.847158757113913	-0.350320322230061
-0.0318539175411875	5.40431090308662
1.39093089015981	-0.714883082314231
0.599310909548501	-5.42982363578828
3.7850203176239	-9.48025901909716
-5.40229019197463	-29.8072263712003
-0.964448926625422	-0.372514643068656
-0.160833285339656	-1.89940029706168
0.436911519889738	-0.153932174841683
-0.964333618565689	0.728213815036246
-0.301309040753612	0.803746204241487
-0.257597279377954	-0.097491045310155
0.146168500333856	0.95066406731908
-1.24382717396393	-0.0312309140563792
-0.13951428337712	-0.0872140792874102
1.5828236393266	0.739021073501081
1.30883441941521	2.12267133624669
0.0390627960411981	0.472995064328313
-0.021169039809095	0.88561108941818
0.529242382131795	-5.4550974681958
1.11092179025027	-0.572309490023639
0.0327266770850673	-0.297710528661688
-0.108177106365298	0.530882341690317
-0.172214185275085	0.631557630305504
-1.32535251033994	-0.772527521330904
-2.04164185825627	5.85018451459031
-2.16110708007861	0.500731058798575
-1.82488953227337	-1.81804542090166
2.76930523613547	0.802028190391305
-5.84799966918931	-5.79076485741084
-3.8062870599416	-0.94366867340671
1.26546831791996	0.836015676876043
-2.49027738622491	0.347742388670629
-247.952256642611	31.7028994737477
-152.77204707092	174.976293223571
-286.717899534995	-86.2693134456812
0.798989021794551	-0.0452470752359928
-0.340152504058116	0.0567001554903775
-0.400177749050948	-0.289527462481011
0.247683095197113	0.199626588250686
1.1406869416094	0.999439687805068
-2.03212769635314	-1.0494907884774
0.955915816637984	-0.177554189184971
-0.438787292297087	0.175389575460608
-0.732311800629284	2.68039079197328
1.21569881472722	-0.280826277700313
-0.743894176699506	0.887068420592786
-3.19311355687912	1.08436006487715
1.14241648068783	-11.2047683661549
-0.510255146111868	-5.91390323997515
-16.8036935928047	-7.25994845033479
13.8343708929379	-0.104763498881405
1.7653515802322	-8.1878675389132
-0.569052373775323	-5.63465978803384
-2.78607633618049	0.139491843626734
2.39117118355307	-3.47137301370538
2.7967329386254	4.42831411045131
-48.8421400098089	-79.7498146614926
47.1431344390789	-81.1695649767887
14.0002607161735	-47.6488476341466
2082.39106051291	386.553572601642
-5113.24770942348	-111.553857540263
-420.936715600454	-4742.0171962033
-2.34515804646892	1390.61022549394
686.183005430953	988.387275590581
467.105735939543	929.186927526054
1.34103459264069	-0.58950127558084
1.59224446095493	0.61700366554159
1.66953312571608	-1.61845687251902
2.84359710932207	-0.719600106653237
-0.306827657275256	-1.31801251295143
-0.600410491530059	0.948654014548732
0.196263472529009	0.0276477215176005
-0.580855891043467	-0.981903279081657
2.49199136898179	-0.755638577538215
2.95803584503394	-7.25551679713528
-7.0901385502329	1.17315918705491
-12.7750073855318	4.22796431605811
-17.1204618039608	2.7947849334508
-15.7932827495229	2.4310311083578
-34.1923572433103	-2.7966342692155
-0.363725251726178	-0.133162171682937
-0.190265440099195	-0.192823849604164
-0.659341677663775	0.953529459534737
-0.0391821949880076	0.858355772738894
-1.10125110841497	-1.32667612944532
1.10424774039386	0.986403804110899
-3.28003173772256	4.09281782429057
-5.174926112438	1.18767670904466
-3.23784227503359	1.62205719746158
-1.39965636238175	1.66808561737918
-2.1968482163806	0.0403812536438078
1.30665553856202	-0.368621093512863
-16.1444169135324	-30.4958468531433
-4.53126985340289	-9.56018725786411
-10.9230899027131	-10.6507677844843
1.04058033738263	-1.17226361413922
-1.12266109701613	0.892112981257346
0.319648475784392	-2.02421298393444
0.355799688257278	0.699775011654867
-0.0783730967189432	-0.0682072834102376
0.455027521301095	0.483787220990302
10.2522862329378	8.86345719368343
4.58622561399692	2.50226978277083
1.59927651926457	5.87959952533439
4.02979144385995	-43.6208740270677
-5.56109531448779	55.6586495652507
-47.6477569567538	3.82858290897433
21.6016513141086	10.2511884707953
17.8488861466529	-6.54427663233505
13.7438924947228	-3.84599912919776
0.467230301180815	-0.0281067484169669
0.814439490635198	0.504017147880386
-0.0266270669974072	0.61597713906063
1.48049356428317	-2.72602621838724
2.180076126852	1.85074512645392
-2.42417334110069	-0.363295749508081
0.6836566954408	-0.0636015321830816
0.165115187447862	0.195006145128961
0.256750920971516	-0.0401636552201067
-0.142183589234567	-1.25562031950878
0.34618407960447	-0.618814004934868
0.606210554934426	-0.0427424712437063
-3.53021031000189	-7.86949472378441
-0.0478345910050222	-5.18328980067576
-4.71267272380982	-3.29813954429562
-0.888937052605005	1.48213710581603
-0.787569034357207	1.90876846899377
-0.272407086032897	1.46102988148597
0.556204609731641	0.860971171996708
0.970640121593908	0.273685521773714
-0.801001599874261	0.766135438684593
-0.271166934191265	0.620048280713161
2.43512660695171	2.04575999353644
1.90436517524541	4.52085240552429
4.05225114362836	-14.3503214064652
0.74952758609915	8.4566999654452
-18.3658330369329	-2.80727942051265
-0.439604397848758	0.646779749481154
5.89509260062236	-0.298192021951734
0.777025875246852	4.60459715955405
0.0245762977563429	-0.116758986044279
-0.253067749960475	0.190902272462968
-0.150160311960804	0.308857350917853
-0.798798421720326	0.573997536390535
0.242740676631138	0.746268842298145
-0.392719739147447	0.378793952454088
-0.600402466974218	1.56348900351888
-0.522809651630677	-0.877990547048899
0.921594140365902	0.75549000109912
0.0918832072863847	0.653067639859303
-0.428770747390299	-1.34759247584077
0.888783361950535	0.571527979193135
1.62022684412695	-0.720804283663191
2.49786590852428	-4.03362840929581
1.22913205056117	-0.927577308231065
0.416653022860073	-0.1291341474047
0.40770085100669	0.043166865892787
0.359386439654574	0.242956862388543
0.029654816903372	-0.103765935013167
0.0269948909078794	-0.516593167712515
0.589299630042553	-0.114489172149889
56.1914521973913	-19.7695199034828
40.7520491331465	22.9766468407695
47.2842622460601	2.40404230241787
-35.7537446470182	-32.7764929031171
-6.13426525990241	9.98016034415739
-5.57316628275639	15.8035591305988
-33.3492168393056	-59.3518588902497
-50.2316918988167	-60.0948132798635
-14.9753685763808	-93.6089603312178
1.00888794301654	-0.668719397591492
-0.0739018960204644	1.14237139822187
-1.07192020733956	-0.0422768428933292
-0.49903849212443	-0.0775785690545308
-0.716375391880408	-0.514706040351347
0.313467860912723	-1.25470186033409
1.35115110937937	-3.19811677698732
-1.20134618954626	0.788609483170095
0.166271244267488	0.463958733096458
4.65400179030497	-4.88706841328572
-1.38946639349736	-1.51959477630097
0.524371278457353	-0.793773947257421
0.268417290097871	-0.18322567411652
0.256461974676166	-0.380777350230904
0.569837620834325	-0.308184830201014
-0.102846102751912	0.123533761390196
-0.168905633574202	1.07806437685088
-0.483839959632178	0.567833330760583
1.22407651751066	-1.77153206868931
-0.177665689038195	-0.53851338314618
1.64759479744638	0.820622325755869
2.73559759006476	3.84699914463614
6.0354589052782	1.56812101968627
8.01487722850866	-3.08195664397102
1.51207156599555	-1.54728713374653
-0.406839151823861	0.657587651693847
-1.13928715708631	0.509673160257253
-6.25365811764943	-6.20659687163329
-6.79497443042367	-8.46582494093393
-8.04873744182208	-11.5906266783156
-14.8755414864184	9.79000371424752
-8.11544338793372	0.32132303157121
-3.64629825693684	4.8199925330191
-0.0237429552855004	0.000939034979109027
-0.466169024276163	0.113374252283081
0.111502197035089	1.2196848615083
10.0833865519468	5.1118524403043
0.00611019526603472	-2.08594636948493
0.364188703264333	-0.781601973847077
-3199.40819826653	-1159.874764825
-218.409928361889	-182.202673004742
-122.188249489029	-248.767594072361
-8.5421905221313	-0.984118682064168
-4.00955161739189	0.566745416180601
-4.13264810449693	0.269492928373842
1.14803800037842	1.17175899063921
-0.451321485082796	1.07177777400503
2.22158949067268	0.226087458693684
-1.89625236934828	-0.447989802741806
-0.415860631629019	-0.593125600489934
-2.43527234230676	5.6514926952433
0.80131224908057	1.22568499648687
0.266943881202416	-0.276601518244789
0.340400334112951	1.31428582872919
7.1483846093283	11.1709420553886
-0.0166705375257724	-9.37449684029064
5.54706680333533	-2.2253399314044
45.4199169147686	-65.5121704965234
-12.2877606239646	-23.3222781021716
45.4569942763228	-20.0052456383034
-0.288622477004592	-0.0865427807867485
0.163081290743023	0.441405143677878
0.146232964805834	0.339926516286001
0.377702282713165	0.744477969124253
0.102129453968012	-0.0140152212672258
-0.26118646853924	0.484484720138638
2.0371670642403	8.39111066085193
5.10978677889254	1.6056528582065
7.45673567045942	2.17121647603082
4.09301115865299	-0.356898785142138
0.561862465097609	-1.47878005154895
0.10314827245826	1.82478437219196
3.34363852773041	0.303201314295712
3.63352477449906	-4.36124947426911
3.91448473219223	-4.08740279732323
-1.62177141883703	1.51920672950572
0.330324664348905	1.03193182419054
-1.49411200858871	1.23204503300524
-0.154673406611194	0.138495573280622
0.727592887858523	-0.68070970053602
-1.25375586255407	-1.0096657429012
0.546599287930909	1.82028622302388
0.870649485770741	2.64661302210373
-1.65504167156238	3.18543491772706
4.12805291221654	0.0605218274880677
-12.7221989882729	8.43769218242747
4.0617405695296	-18.9089692684485
-6.2308782369632	-6.66086162407077
-5.27790283310803	-5.33476303595017
-6.76990318823142	-11.5502934984844
-0.354538927069288	0.447618164425278
-0.00687275785026998	1.32218457966628
0.310861314107527	0.0745482654159259
-0.252188401878163	-0.322097583101733
0.181008962017778	-0.256365839543754
0.74707648209911	-0.428652362872122
2.66472926253503	1.05561127296704
1.59051243049534	-1.3730617343145
2.61386330166513	-2.87735545021624
1.21588881816615	0.734030814800977
-0.970949559146518	-0.829834908005975
1.42731232052155	-0.920848356365402
-0.390727554213426	-5.15247471505402
-0.148903910906445	-7.26360966508215
1.11264841123522	-10.5165007804375
-0.385006973269099	0.0876427220970885
-0.198527241429931	-1.1835722871829
0.0060021851805668	-1.00023164718813
-0.817434308632117	0.985862179617129
-0.586470128381668	-0.0281832990309195
0.168388231134648	-0.0497145437985918
-0.174424691050095	0.427960118721713
-2.25744270116616	0.342149257454283
-0.587124847084189	-0.831887087132042
0.24946678085434	0.179259943776136
3.69124505669848	0.932500582680137
0.0971770455142093	-0.353961117763937
-0.791130955852918	2.76864677478156
0.0944728619095884	-3.40645590867311
1.63088181067512	1.61590322989686
0.92888067898242	3.38050044395321
0.0918811447443522	3.2405304356153
-0.921833726442098	2.89864661899739
-0.276815779336831	-0.699384342571268
0.0942318509528506	-0.538564826819748
0.614137441764536	-0.60627706948137
1.14512486569553	1.86131487626328
0.774839655896174	-0.808980166366403
0.654898885079916	-1.50312610846233
-11.5438860143457	30.9215853132831
-8.33085750944114	28.4270105849304
-4.4190552613757	-4.17100072159077
-0.679462236373059	-1.71894504479897
-0.743988972199583	-2.19972212905785
-1.11310991862149	-2.77478750145936
-0.265878112460367	1.06424594620831
0.0196175511232044	0.078013487118082
0.612319903583701	-0.800560929426591
0.0088808728194207	0.696364042034909
0.19377759520685	-0.107343503382032
0.0108499907330256	-0.98466927619388
0.866130888548339	-1.80923382434245
0.0785478739871072	-3.15414765476564
2.95932741677073	-0.90397752820232
1.13074359759587	0.309306617691921
-1.80934239891125	1.35305915079775
1.62386421504803	-2.95957101591312
-1.49472876960375	0.395716079677194
-1.87098435691156	1.86234503415479
-2.99225492509063	1.12455510099953
0.641942889305706	-0.631529520923095
-0.4789704523763	0.91835286455588
-0.821810388033783	0.330352977938299
-0.570696533617215	-1.06955436141565
3.33660940178695	-0.0147245215826772
0.839834483384866	1.9185509460687
-2.89887138199237	-12.5445855081065
2.36464473718568	1.01731066928634
3.18341481458284	-1.95447945988848
-9.68368170040364	-22.223495219029
-5.8000162156365	-1.38045691400932
-1.10503705080927	-3.58051425701896
97.0023045544116	117.568035045348
77.2497374178016	-37.7738385372657
68.3134807909791	-11.4012983482226
0.753270019524512	-0.350486793163502
-0.604729584492177	-1.05222334213997
-0.0156004758836289	-0.390963882272132
-0.639568583488537	0.95925077016566
0.907651519578903	-0.639296992037848
1.05035378256582	1.35357768017487
-9.82475110121046	5.97370727192408
-12.0191665297094	-5.73478001226568
-7.21019163002139	-3.18115125684996
-0.472607434662707	-0.357901993052083
-0.105738352986266	-1.96644642962268
0.0872702313976622	0.422294059166482
-0.135947664244779	1.15016399208407
0.974393933472735	1.14580130226158
0.0410446624158251	0.601749451865086
0.318530222761313	-0.0226140305342672
-0.00296393457101371	1.03981724795107
0.0176174577671501	0.0992456523187478
2.28568281541203	3.62471697231436
-0.475888593926962	1.02352501823998
-3.52677445396667	0.526595157621424
-4.27588605491571	5.75075693038382
2.51669937448138	8.08553013237082
12.3204537856779	6.64232316630446
-0.0813533660291266	0.0879270269499868
0.0470986839523892	-0.0290272918356666
0.00294841370761591	0.0523698464146932
61.9915881280376	-20.0762672414678
42.510959503536	-33.2041871514012
11.6306117611525	-67.6115040106286
3.58846541991896	3.24813903597187
-1.60163487755824	-10.3207470459298
4.23645680112125	5.1151967617137
-0.609738634752511	0.346074306364111
1.29406940029312	2.40125641587108
-0.717607182862673	1.40808519369433
-4.11634817730903	7.87941309098054
1.3884926706485	8.03938377442439
-5.90679518699988	4.7353367913864
16.2422335992322	-332.430375760109
1148.64628144166	-0.098182257542005
-657.945463465788	250.940410594117
88.8947396500618	-15.9231072242616
59.362703780924	-61.2532287139019
53.9405024042996	-34.5713009969137
0.740376374150488	-0.402239652191934
1.09733485910446	0.584170710878082
0.38182290521362	0.389696595351456
0.14419356510493	-0.664896207637838
0.311685930196287	1.05360548954571
-2.14523038715948	-0.823658965062482
5.53194977761823	-0.727268543669001
-1.02790927353292	-0.207122160117744
-0.490241596605183	0.672152497386333
-4.86394320646542	-10.6649523285057
1.08296450266971	-1.48554031828446
0.81111766091322	-1.17923260213617
29.0076589156339	16.8095636119344
7.44683011462078	1.84389638559912
-0.613566238557148	1.49337152167352
0.372282141460803	-0.8127317863366
-0.224256694134829	0.841551938900821
0.83346267083033	0.690484158809959
1.45340653591034	0.614153135556818
0.148550029244035	0.580679445324605
-0.640590602180287	1.73725350549194
-92.5244856511616	-230.218675148071
-300.309613637602	-82.295803754649
-465.199755023224	171.871800498319
-4.23409577616865	7.0235479262764
0.82649473004602	1.01067724726649
0.14002804849269	1.14669934750789
-16.6245087275793	-3.15681106245168
3.01570371756752	3.35798385194737
-1.47587219150352	6.01473080431641
-0.455958589646655	0.914567084053235
-0.00733085582096039	-0.420493697327895
-0.132184342588937	0.104275651183638
0.40400626304714	1.23772959508582
0.395425202596798	0.222994800443153
-0.184550045346973	-0.48183134303094
0.788751009394406	-0.329291008963813
0.544929346654138	0.758952480032587
0.408955366134309	0.640632668688345
0.214032685227093	0.127862859714765
-1.50395242950593	2.37203065714354
0.455511238784416	-0.645634437979184
-1.54583238636425	-0.100027003012447
-1.24796486551367	4.45674238770929
-1.31893202910792	-0.307380055855849
0.259843107024464	0.750943307409218
0.197178336527648	-0.322721506686649
0.530930242441891	-0.474767766435578
0.238943826872781	0.458489610065686
0.255085334504151	-0.72371358554495
-0.0429083177203499	-0.677845318310474
-0.0639646071924034	-1.76653736747448
0.635292760086437	-3.19167637793303
1.43904579969071	-1.23227376772136
0.00503822447643412	0.372108332865651
-0.761631066003708	-0.856529463784059
0.471164258704828	0.045700980915509
-0.161926008288318	-0.214626170358207
-0.442466299029246	-0.246927784665624
-0.363841706779495	-0.227901845514173
0.941173848221412	-0.786246182773285
-0.589598825880668	-1.02966578569847
0.12832443480243	-2.18124717454873
-1.1677132777489	0.145285928941725
0.212180481285355	0.122335475260857
-0.127466934615416	0.435397315541317
4.17574828722018	-0.0295678490214052
1.8522993295517	5.9106289595061
2.44604049569696	0.962476347015348
-0.0821522539903452	4.55138622911593
12.3050807677583	-12.8092166604405
14.6390030602236	4.16166970623928
-7.15535627672576	-5.43004708703637
-10.6681266955214	-10.1323359017723
-7.73609463163609	-5.01807659559583
-0.0571473813836467	-0.750271596268166
-0.489190023324298	0.622712482814877
-0.244006109098201	-1.10731234374674
3.00519372144231	-1.46927362912373
-0.21851863249728	2.11677956427123
-1.25113357573201	-0.379368147201227
0.684236856568714	-0.371305905634541
0.46899991778929	-0.492634296819204
1.02600378475849	-1.46805895601914
-0.205098934176732	0.210998243318795
0.296046924402336	-0.423573796118255
1.40388746195152	-0.39223166763268
-22.7978998478398	3.72502773995067
-18.047103379774	-2.78317112508072
-11.1137385631694	14.4447869332701
0.139837212904795	-1.52680090136606
2.00800391230791	2.27246907423307
-1.16894951484805	-1.11921140482308
0.615077074434564	0.0968422141575893
-1.98517128904837	0.969101212960146
-2.08496939817285	-0.292389943674223
-1.93640703848797	-2.94544515769421
-3.42252984178348	-2.02463176137072
-0.262740793235283	0.0589833089619216
33.038517088873	6.08799176754451
-2.0715229810893	-1.06082974817623
13.5557182530682	-13.7482432359104
15.9351111937957	-41.4609733354581
11.3668858804652	-58.9419768359371
-1.9147521622714	-45.6524292325295
-0.0220631633386534	0.0948142629370214
0.304462628310922	-0.668181426119579
0.462921293866382	-0.00677718068676084
-0.758292663546574	0.100991079085427
-0.162164520581488	-0.0610776054768053
-0.0754227437777132	-0.0730185601922227
-3.2011971403454	2.59044654148897
-3.99112126804779	-6.16711860975258
-2.65696888219104	-1.23942974400379
-0.117134533380597	-0.522951025387223
-0.0758585975520522	-6.71466034384616
-0.965095443190551	-0.490265666251392
4.11944309039391	1.96328605017728
13.3882179755926	1.9380284627812
7.78488220588341	3.42111531085191
0.838500617276617	1.50082196629335
1.23982648057818	0.101907991446563
-1.05760846540902	1.36377145953934
4.71060065793662	1.23423456621268
0.515366455497104	3.25273191749311
-1.71649043748005	-1.10239460934778
-0.221706654619091	1.55308592703089
1.54783442964906	0.567147583240915
1.60630849815282	0.254315725866146
0.105888096200034	0.190062388429406
-1.67691306709436	0.301574877016243
0.369428783166936	0.187982305410846
127.867829415135	-96.7854021738695
69.3860470423044	-83.9694659336023
30.9234866313393	-80.8057250372195
0.282861490426677	0.555906765491978
1.66923863258569	-2.09722071897346
-1.13263169877972	0.347114461438466
1.21319573894438	1.30403616488954
1.11615036731633	-1.6835137487958
-0.952713268356598	-0.316924395167035
-0.335340644410154	-1.03075803825782
-0.250232817424038	-0.382000971415301
0.093418991781987	0.655583662126904
-2.6858938121427	-2.91308174719711
-5.9431115729955	1.90607982400008
-2.29177525345657	-2.42370267266905
0.0124475052690977	0.0277467004852869
0.0187297376148261	0.0394495952929596
0.0391408400208808	0.0561605627579788
-0.698394947583782	-0.416006739736562
1.04026240716092	-0.920530193896925
-0.493869711451503	0.294106158177298
-0.42199937137572	0.520616662317947
0.178286592776372	0.0651187186548357
-0.230757583929788	-0.0488989316984647
-0.902741245480181	-1.76264808617587
-0.250129406804017	-4.49695381799086
0.0186975409032208	-1.49030700401358
-0.355240747240005	-4.82085623879393
-0.532060599183179	-1.24947497832803
-1.49913707808646	-3.2885721326781
0.537644962719521	2.68158037920052
5.6575913666303	1.01202937967235
1.66343485840459	3.79243534829691
-0.113113695449678	1.64403724774807
-1.01616156606454	0.264706681958502
0.888601022840819	0.53569714183122
0.16225062761076	1.23439808962402
0.108655410133442	0.151903176506378
0.758447278275359	-1.34145609155181
2.04034602047488	-2.25750196394984
2.91136932863543	-3.6554911022127
4.31729948014555	-0.193637493601441
0.564742006951488	0.817747837081274
0.0538298559631876	-0.492843806479227
0.199833846439471	0.289375056042863
1.16994560415154	-0.655257983413161
-6.77922303299644	3.39211618905779
-4.79099758620924	-3.44640962166306
0.403159031145274	0.156648311501224
0.178242323290466	-1.26790914850892
0.531234909508267	0.301798861320538
-0.810180095363055	-0.946400817037842
-0.607688098454527	-0.181606028590105
-0.383734116001525	0.385591024137387
-0.65974233786103	12.5684799023392
-12.1355984000298	7.63637062834093
-7.2274913007237	5.53998812106795
-0.0456715260540995	-0.0345073143277677
0.63763171660603	-0.564793745106342
-0.316311700527624	-0.014684022619063
3.03759555576679	5.15002124244749
9.96943963420698	6.04515999742994
6.53643668125458	7.08835464765644
0.176464021762595	0.245429841101213
0.158312751340434	-0.869962058894995
0.245244204222234	0.453814705088607
-0.862546067028343	1.73343430987753
1.76538223063521	-0.433649704105919
1.81854310003232	1.42407206578353
-28.6005096511585	-19.3785841465969
-0.674722810497216	-38.3632864782404
-0.416955835389891	-25.1243068882853
-0.402059358821762	-0.371540602911134
1.50246325952507	-1.42043227405851
-0.514711865740538	-0.251839033543082
39.0205643745336	11.9989721716663
7.68274867277775	-2.82608147237417
12.6824872353427	-6.9611612667666
-0.608392996371684	0.777911944741202
-0.640815661809526	1.01910273359778
-0.739935462070187	-1.61516177450421
-0.276415756426331	0.143735630146121
-0.0237391083378995	0.79522782994131
-0.493430820187296	-0.675600433046679
2.93326355803461	4.3264594816263
6.45687245746504	-0.322633838762713
4.84832387648249	-6.65591887218625
1.67294147407994	-0.754091545988245
1.05584953887646	4.81553990256544
0.27166114884279	4.76097424288546
-1.34278673598933	0.679786431271127
0.530561903991562	0.907478106170634
0.859395845280277	-1.9394896541477
1.0729312115287	0.0653810040918591
-0.561039774526227	0.739090501570991
0.740523717854995	-0.433971690063752
0.457307740920961	0.573435207261124
0.845290203891092	0.161296586828981
-1.46926885691346	0.00428657391317117
1.26495038777717	-3.28636701665832
0.03314831279987	-0.509159494774298
3.60834233118038	2.3955985632822
-4.15827562991047	-8.49190676390212
1.09872525798937	5.82880095179675
-6.25421181111147	0.719627073401864
6.76332220081547	2.98170270932635
13.9329891795379	5.7133600504281
16.3124520628003	15.3307812638206
-0.155045262184756	-1.0999322538809
-0.196018818186825	-0.554405724871471
-0.703805334962489	-0.160555189738961
0.414596585545393	0.0771308711358533
-0.336471610516767	-0.163235788088397
0.634954889400589	0.0186798002589646
-3.20920923084931	2.62930176484465
-4.12139255407617	-2.67806826508259
-1.91456202548771	-1.42135507980209
0.427961622551032	1.19897827485196
1.12154979432246	-0.188776731414607
0.267777591347383	-0.13626742778669
-0.443018410054706	10.5876802490552
1.95959680651163	3.59218746047985
0.662459538084365	4.76341110758125
1.89441985143649	-1.60235746757466
0.2563717526601	-0.847924165849703
0.63859533639177	-1.93962587615782
-1.24755098528906	-0.108698911938448
-0.265344401988998	0.564978810783169
-0.13293650237933	0.498743961700406
-1.59011485121531	1.02508729666552
-0.506282773507701	-0.900494428210553
0.510284574479315	-0.933892970389542
3.8893521197314	-9.24507068540059
-7.60827780015316	-1.04383143150119
3.7079502652022	2.88474558043712
-0.0630752331491153	-1.22854858379086
1.50273219255649	-0.796271974904645
-1.32516623526193	1.30853058966182
0.579435636264549	0.60897827406959
-0.442142433474764	0.179144784545097
-0.0849961611792775	-0.144111091266392
0.727282251198649	1.78014584781543
-1.0959163670889	-0.65422267922813
-0.538294328638568	-1.22609294822811
0.00641607309508489	-1.22936867367235
-0.743896014850115	-0.406942914666161
2.308622898014	-0.250048668787884
0.371639593024817	-0.678310425154729
0.780190678384967	1.12343251508207
0.802308518589214	0.633802860697298
2.99458264646079	5.69213336180113
9.23757556315232	14.5550258689644
8.72853000061127	-3.07493602966944
0.272164551407628	-0.845436168563185
-0.0435810527720358	0.978926307125148
0.82222900405942	0.343200477336532
-0.448327559445903	0.287109233903637
0.0334470294798303	1.00491874773889
-0.302003103890361	-0.376318824635822
-27.4759445921926	8.86841618661624
-12.3995099445327	32.7321573998421
16.3147570981414	53.362311488752
-0.124113669162682	0.0309166345599303
0.0327838215312203	0.0416846725858241
0.211168282076219	0.0914710181614221
-0.211288734750339	-0.0692405893008032
-0.0106765977674839	-0.146410405334294
0.32780599664479	0.134596486825197
0.80616080099212	-1.99224813662952
-2.11786910942602	-0.151079638428369
-1.80230217083942	-0.759015082825041
-0.314058061801872	0.354841259231659
1.02397478736262	-0.599548992428895
0.687240729851818	0.939353751983029
2.51306556835159	-47.8769907781755
46.487507733147	-30.8816068154382
29.1844825168673	-21.4716192223723
35.0401269274697	-13.280906286849
4.39046798943138	-13.4140168862848
-21.8716013296545	1.60118083469744
12.8244476358945	32.4210760710068
11.7347913305536	9.65560108305671
14.3464154055159	6.35342068370129
-0.0218909276202241	0.416962826716047
0.286436613716133	0.532272501312458
0.0373876433342791	-0.972413384560734
0.136980898154156	0.470567043768378
0.0957413018036684	0.729909686933786
-0.415261378508187	0.411026663202717
0.250007986693033	-0.808030879270314
-0.74120797193134	-0.906797078695326
-1.42571047755864	0.145137535630116
-0.0956441899559014	0.0670691333665272
0.095695827255732	-0.0690661773835559
0.263257834754503	-0.332491793047405
-0.502425033847819	-0.858455569607773
-0.38323780237585	-0.704432368596149
-0.535780295703402	-0.203476069493247
0.303470284940164	0.45504711890474
0.346034562435083	-0.168643579384795
0.561381325417203	0.879251337621628
-0.166170528166196	0.60904262269679
0.158969152971926	0.270218721322729
0.121642517256545	0.708317680254399
0.994030499844285	1.90187953480956
0.151544209434538	0.46820843860724
0.81363155966123	1.7153638165938
0.277504828612121	-0.0366532903508731
2.09224690487847	-1.80282613071892
0.313013644904689	0.0707371258167989
0.493064551643837	-0.238755792390423
0.400729891093864	-0.421944752595928
0.18044027265127	-0.250554137706772
-0.557403800256861	1.69158947286795
0.0356102722447333	0.914447960388353
-0.992737512510249	-1.15280807001084
0.0541765956149839	-0.188282048953247
0.0561781220242975	0.469653538823473
0.694062077065331	-0.119082983748505
-3.45496721866221	13.3244949198908
8.55070834676407	12.774675685326
32.6791971431334	6.95548539251586
-0.286711891645926	6.70363376028773
-3.45187300432127	-14.1288285426151
-19.7043239461095	-4.24109438473932
6.46657333462846	2.2329169344708
10.3591018179465	0.384078637094221
23.1018894831452	-1.75861945832009
-1.60911511807635	0.207791496778176
-1.5826136876599	-1.45923996077433
0.992633103777763	-1.06449953695003
-0.32576953710362	0.450736224753912
0.632237580655381	0.302072531806767
0.0491565686929058	1.0435195454993
-2.04122657668464	0.378441601917929
1.15968680326253	-3.28357452435432
1.53500994899058	-0.575944969920775
6.79076832695513	-1.53989125598288
-15.2793686896275	19.4185024827143
9.71254060447449	-0.374437991053653
-0.618564874036441	1.0969963230483
0.484757434653342	1.05010381920724
-0.0939321281337485	0.900374010097993
0.842268530101956	0.321671329457589
0.275509087078941	0.765879838277171
-0.374269899258161	1.0759245424888
2.97621366087382	2.72170210921685
0.0216635762169868	1.62926053729069
-2.08976684240198	0.533850603770116
0.453829082795984	2.78268294110053
3.02732438893805	1.64464656295732
5.142833770761	-0.642645879158526
0.065055329633905	-0.128980774612174
0.162520302721989	-0.00829711367014962
0.0616988206780625	0.0119807840732849
61.6759806812127	-24.9950136984407
46.3837963825133	-23.1358451722104
21.2346168175128	-30.7684443293091
0.414227871545775	2.65587387014177
-0.439451281031873	-0.598834148538187
0.0124904522566205	-2.66120422901268
0.0656060496412679	0.553899147355964
-0.515841619561352	-0.226275608788393
-0.0379671856621974	-0.47261555805016
-0.845468720400485	-1.36000366839675
-1.09285688404432	-2.40245909392109
0.690674529831619	-2.51999787521728
-4.14334787874933	-5.62954773709351
26.1386165549746	7.79422165438712
-16.906556103197	10.7244534509679
-1.3675112292123	0.586313865937374
1.55544307197272	1.99084213601063
-2.05116701756587	1.52753909518759
0.0685997011453273	-0.644677764995075
1.35540838670096	0.975018644529375
-0.349182238848845	-0.615260172994025
0.154011818771535	0.875816280708125
-1.68170231886363	-0.736876734573848
-1.1669990154104	-1.47476655838213
-0.680345169388013	-2.33487332248801
-2.90445295592212	-2.22054346444928
-0.480358379224186	0.869094294174764
6.38072715591386	0.415428602278227
0.298664611080876	-3.15423419061602
4.66186718460607	-4.98714764333696
18.0346364926113	9.90719290585555
35.5590330707492	12.9584374885183
34.0096008495788	2.14374846269747
-2.22827949903538	-0.970947402305299
-0.169150301406292	-0.0505675129179262
-0.640939394364877	1.06311991017927
-0.041166526411672	0.625621560021989
0.470391662502538	-0.270053866151129
-0.45469844390723	0.783653550251659
-13.7613093984199	4.08936556667509
-6.59706707499856	-2.28363628873191
-3.44686521660494	-1.43743834724947
12.9371161680373	47.8281106495491
9.17468978142745	-4.32164849873137
-0.04683718173109	0.13488343688233
3.41557955970092	-1.29268490979325
-5.90038232167764	-12.4440879352709
-0.738014595982523	-13.0551116065869
-0.0632509908232528	-0.588009919418241
-0.172946808627338	-0.327917287716923
-0.323450475685032	0.680458110587211
-0.240494718987981	0.292153168823399
0.534075069272715	-0.485511985533341
0.294153084076126	0.98805613805758
-18.7790336719626	3.77771698072016
-14.9409233247858	-17.0583318464293
-9.23074491492157	-10.4032626823623
-0.341337033433035	1.36029415193039
-0.654522937369493	-0.0627855793903423
0.295419173865971	-0.10713192722795
1.2604360471318	0.150931836435456
0.582209954470683	-1.08930726603811
0.687927529141333	-0.627006795747509
0.0363411374796947	0.23189061990251
0.586139262466829	-1.30948210794376
0.191857118679309	0.363732969619382
-0.406636865275056	-0.926416081424464
-1.01828608157509	-0.347849014576554
0.480649170718784	0.0184865887569991
-2.1212706755123	4.74454152996609
-5.96931482873219	3.16496267778922
-3.60604924080849	1.08806451295695
0.0788545081540824	1.33716554729736
-0.141772696621227	5.48245879538492
1.58527833181198	-0.575795545952309
-4.33643770634087	9.70435672643726
1.49148658820984	11.6398613097777
-4.76975814877587	11.7495415266075
0.269158037187993	-0.105660106260743
-0.489479481221554	0.942257714884295
-0.214324464875941	1.53775972509972
2.29399167564068	2.95467463912875
-0.344186033445318	-0.15530875490756
0.178413445350673	1.67929074470189
4.5398861333887	0.129420271627194
3.70817728253526	-3.27196166000146
1.6254539731636	-5.35051548634357
0.708663654861955	-5.49789366897835
-1.80717191248259	1.26370517474246
1.96781267035816	2.90175030934271
97.435199988951	25.9323375907089
82.9167573570565	-11.1382301958331
74.4672293388186	-37.9907590905392
1.38419497996274	-3.1475068519019
0.79490614519748	1.29500211786875
-1.49038818074208	1.06495541854366
1.65013497525545	0.674980180700032
-2.06960204058341	2.4174036605503
-1.93233616879429	-1.73400462220124
-0.235441507982233	-1.76842393204129
0.0171463011973105	0.104920623134969
0.619312425219257	-0.608047245361993
2.15524650264502	-12.669829730564
-13.469667994521	14.8665810160976
-8.0755898774933	-5.91189922166698
5.32117189182294	-6.56744296261621
2.50159788960285	-11.7762948904171
1.65806071665231	-5.21773120289992
0.906821280716244	-0.647168583820195
0.166270036516696	1.43219225275656
-1.1829117947045	-0.178976611896438
0.445137341267365	-0.273494245756872
-0.540947787817339	0.9135809541704
-0.582304294846204	-0.932385904519222
0.259331183556561	-4.6096270066665
-1.01816468585141	-0.071446097865449
-0.179261098987818	-0.0750151748583573
2.41109939143533	-2.12058286245476
-0.580725656893161	-0.648972503518984
0.265042609345052	-0.273565003080461
-0.590776056101801	-0.184264010186301
0.00265103865883043	-0.246843640725071
0.0792389857641579	-0.00214403578008033
-1.31855977287614	-0.495275312677975
0.0691427113928692	0.0281732554828781
-0.587250152944954	1.23266767569267
-1.88247699751904	1.67519498974932
1.08934369012771	-0.616961491764827
1.74352319926769	1.75520247785346
12.8360855722129	18.3835605423989
-9.74913856391922	25.2064327856964
-5.75080089823262	16.3236320926371
-3.44848573440251	-0.135426680172989
-1.67774499049083	-4.86661050837316
2.40129181448617	2.62133553369576
24.1500931458395	16.6237075282157
33.1480576959526	-11.5017900809317
25.7791743684177	2.34654205458053
-1.77362046421896	-0.44293840641841
0.599771357691703	1.04875575553959
-0.856707017928196	2.17579832871274
-0.139507248204826	-0.0304529205730621
0.386034503119941	-0.711294645701713
0.460512845571543	0.928905023955902
-225.700241390584	-65.3432498968891
-100.353214279828	-280.229561623921
-71.1539487493981	-180.966090919026
-71.8312196061329	-10.1087074944355
-1.71509927372383	9.59383745204846
4.28518940237762	0.975515188018368
-16.9737044565707	6.05928777676086
2.08561629352617	-4.25331856629813
6.94329510094814	-3.06829511941416
-0.786373776700801	0.102313028876128
0.25981035878995	0.364090511173899
-0.890519299030249	0.76647912244941
1.44412905180499	-0.497211536634338
2.09087455845497	-0.45103096092105
-2.29115374288947	3.85810910932355
-0.9248615839682	4.1721802837019
-0.702278680478449	17.8100464482721
-0.503813301370206	10.9597171674648
-5.83696666886143	14.6213423411997
-2.03178673902967	6.36173747106044
4.41226017805383	1.5397612937043
-117.404051954431	107.563166588134
86.0789021414211	-65.1049675805637
68.5815977297973	115.559389261906
-2.25348198632167	1.99727486953195
-1.51422874978662	0.489318469726147
1.69234161080028	2.1660632270919
0.0541470664696013	2.29326157696889
-0.970132889844984	2.01873549815565
1.29922860253451	-0.885755800006254
-0.165586526796387	0.064059242328989
-0.362287354507194	1.04962606465862
-0.308111349496521	1.0741007622369
13.4897964677879	-0.528091694943639
-7.27962460647042	-4.00228544521491
3.51570815706766	-3.52936429648898
-15.6116536135266	0.747831513573516
-19.0530976421653	5.80046070964255
-5.0391855464909	6.29555954658049
0.34276750977098	-1.13160030229791
-0.116416387784949	0.973366867462558
-0.560678495684874	0.469152842962814
1.51643786930651	1.25416416438486
-1.71365561802486	1.23945913837417
-0.450672857615492	-1.59298565005891
0.356332779739315	-0.844614369722635
-0.252535248182427	0.626721198173749
0.505123463932886	-0.339097920572393
-0.388313927208686	-3.83229908748271
-1.70988086324308	1.94829353252776
-1.34054113850532	-0.256620463237041
0.921386688461759	1.05274724583122
3.24741714308735	0.764792598871237
0.418802025569832	0.577064456103711
0.0826699147051916	-0.318839649083395
-0.725349539817335	1.11844303209164
-0.954817895747235	0.695605104544918
-0.182018045976168	1.06059368736053
0.591291056570183	1.02485993800508
-0.987418657121938	0.566536929192367
0.515469732815456	0.670651993302375
0.750365245534943	-0.484341845172041
-0.397531678642172	-1.26071878664011
0.10314348930187	-0.238549324106372
-0.849801975219492	0.533505818114148
-1.18432460343656	1.94086642636436
-0.551933769580781	-0.00512056977988119
-1.14766278650605	-0.0568828086471216
-0.583810567666961	0.132134411909757
-0.642193597038486	0.170814811116338
-0.195404449033306	0.0825438014886761
-0.495189599697752	1.09005314994908
-0.512660574851355	-0.149420027611128
-0.591531327433677	-0.134170605626166
-0.324234654097091	1.08821772419862
0.303840593639076	3.23919633770765
-1.30273692038085	2.28199522906958
-0.577819921580506	2.52654559138791
0.928970286837663	0.510081911755031
-2.42770073675035	0.265996593020806
0.778653180959123	-1.36183251726224
0.893542045660426	1.74058266472427
0.231980637930213	0.105776927548613
0.226106724594419	0.669718160497703
-0.396490585394106	-1.15947069438874
-0.873968252738823	0.532091584867161
0.319896353551031	0.62250445186731
0.825387771333315	0.0882550504017654
-0.182949795394027	-0.687620947965536
1.24080267425923	0.536202812878647
-4.68016097483323	5.11794813660555
27.7387648373704	25.0612991254839
-0.0868355674346302	-4.88673460460971
4.8352553610344	5.17628469928897
3.81310390484435	-5.91399032980794
10.0311347820865	-3.29247163778501
-2.81881215477622	8.86409052086671
81.3521042199084	43.5717333017816
11.4346292292508	-13.3918424034873
-0.380397078380684	-0.584800504457064
-0.345290009027724	-0.245287100395621
-0.833006512182808	0.0394097654501014
0.522223426005809	0.246676520813721
-0.251217030653128	0.0943530094711272
0.879091089745429	-0.179315630406281
-1.70621731599169	1.54034593614046
-2.60584338346664	-2.2094530025869
-1.24270725847299	-1.17209620051165
1.44945168325518	-0.352322601489986
0.547268965623374	-2.7491368813506
0.293644158235078	0.200747932563452
4.52398227415832	11.8242474393189
4.50960303802313	3.34722877151125
2.92088357494501	5.11829183331159
-0.0540124698291745	-0.00666284859003659
0.0272933817316413	0.288961277429867
-0.166247268714447	0.479336746903306
-0.855658763939023	0.24516652354229
0.111668377529685	0.53107046325389
-0.215317242569443	0.242394257137609
-0.511704189419891	2.92549936602802
0.107497620849892	-2.17029409852226
1.83076390364762	1.53795773753563
0.870575880330841	1.28965003136352
-0.444419351799777	-2.40253591424056
1.0690961592052	0.916749394632315
5.61714206129599	-2.35652755234054
7.66252590553441	-4.03839628569468
3.61723472858468	-3.36008503762857
-0.152821149991539	0.517944744722648
-0.396405278037635	-1.37642866461348
0.724912805508038	0.053016449978677
-0.7167808534129	-0.169720394715453
-1.16720938110452	0.267926849960633
0.249694265087764	-0.256348133038953
-0.988030505331718	1.97716315729308
-2.66100469797886	1.25516298808989
-1.12632412153057	0.110323996797943
0.626911554478273	-1.06432531441135
3.69724437219687	2.72348375986023
0.255410283628195	-0.4332291663908
-0.663680068850113	5.95148702130834
6.38414108171166	0.824166924855848
2.85498295383862	5.83588647760416
0.27204031780722	0.552518112531786
1.66957863226596	-2.10669170399873
-1.14931925604252	0.35557941255224
0.127962884807401	1.21083396150454
0.718574725668765	-0.224832324743834
0.0522459508656343	0.150425620686251
-0.357282705221272	-1.02134865900957
-0.276523481155763	-0.376038432698938
0.0626858899512947	0.65108224835956
-2.79230058809575	-2.92226565435434
-5.98994679890705	2.01038904509528
-2.23375867855968	-2.45216191099335
-0.0109715913455835	-0.0143759589414555
-0.0289657695182178	0.00412084494001037
-0.0147464021065256	-0.019004427152925
-0.73159803628612	-0.769333819527768
0.423275486120949	0.0794727597764595
-0.881623992097739	1.71981731792425
0.491314463698403	0.30988780268569
-0.615563104369563	-0.589027699193297
0.898663768136154	0.142678580448471
-5.21242110256805	6.35215342773759
-7.25130859085812	-1.86330650631494
-3.98210583570858	-0.624888873926157
6.22640906539474	3.13187725289066
-1.39717960329269	2.17933261810768
-0.057481932128819	-1.47064448422152
-13.6182952193226	12.8597374295902
-1.84371396037581	3.99571423261663
-4.18547982778792	5.3426178718283
0.269301225665709	-0.86826181139696
-0.0149046051287751	0.857583786396886
0.725901856507155	0.412752010258965
-0.384592184494576	0.263882674250195
0.00454864943526233	1.00403847123909
-0.403172217691783	-0.243473062652628
-34.3755572620762	-10.4715458157902
-36.7177669427492	23.9269780838313
-23.5079152543242	63.313447163015
-0.777281876952946	0.193941547233714
0.103067561978962	0.157263404101183
0.726511461084607	-0.0693578084978189
-1.6563461273248	0.160086830199607
-0.327572014206283	-0.34427503356816
0.941338239305474	0.00847205842563202
0.473150891873417	-0.406655422789374
-0.484739928323037	0.509545869002642
-0.54163095140458	0.370369110854416
-1.72388151876802	0.156730684386119
-1.90013893906364	0.510224201463422
-0.565196839032331	-1.46995305512179
3.0215936434466	0.0965100294278155
-0.471929214015972	-0.299079106999517
-3.13164530832922	-0.337801254885277
3.91886251563572	-0.804460222603658
-0.724982526593013	0.681064443433751
-3.09772188675135	0.804684906562068
11.7370361796325	-15.3288593234477
18.3898735679666	-39.3772909641856
35.6135788230515	-38.1904015266555
0.343872924615265	0.186630180331363
0.599563913000254	-0.938279058850902
0.658901224463161	0.912733850670373
6.83604325436447	7.1015820496978
8.27067932620121	-14.5192064674248
11.5239559443747	-3.01656478384363
-6.26666525565364	-6.91389568456693
3.04627163348603	-14.6712618867461
3.18060230057932	-8.22444812672173
-1.00541077382034	0.1105366626574
0.726725829286581	-4.39957630728895
-1.05057994844227	0.483008175952913
-142.76429609876	-1535.68941257217
31.8036765871789	-1779.76217451733
289.910582513861	-915.819540675169
0.524257701163073	-1.48713027372934
1.7565521862394	1.16785913777198
0.67618256317921	-1.25678653880124
-1.01700349511098	1.36923812136539
-0.658876433579042	-1.25595755513013
-0.543884791481297	-1.13843311984016
3.61311405740556	-1.77117639148475
1.52082699117975	-7.619755723339
-11.0923447077126	7.62681846352095
0.285841576655273	3.83308203473719
1.38188069792295	-0.431565605279731
1.66611377847056	9.38009525015616
1.67642371972523	2.40078694803833
-5.87732372390787	-1.56401308311907
-12.9706109660495	24.2094469365891
-1.74397713627066	-0.46841686552087
-0.614189961943596	-2.43300224573712
0.809997838666803	-0.269760371330664
-0.30082234151844	-0.0132417090851049
0.217946531804887	0.625832092155683
0.0939738568201874	0.602243411610648
-0.779506713953391	-0.1784513611162
1.84089267287491	-1.42359923501594
0.711929888155563	-0.435349722484541
1.52166570536139	4.44050805433221
-2.97870494829592	-6.62317907763905
0.621320788829953	6.05508422965068
-4.07619081629829	3.03362864889414
-1.10192222638366	2.53321350050955
-1.57700848068514	2.49438827409543
-0.468454501660742	0.830983389394898
-2.55938326222056	1.35580377050851
-0.0766005844230385	-0.729961163832602
0.832292879853825	-0.334851091696215
-0.39426157712999	-1.02758607391405
0.149386250212941	-0.0468532428192855
-0.218262058383578	0.953650295683473
-0.617256993313555	0.179812456425867
1.09550382055339	0.523242592254047
-6.4895669367952	1.97492837460559
0.138783875994676	-5.51545136866516
-0.51252657245408	-2.12631259123776
-0.0454161464857084	-1.67706052490374
0.0803318340038534	-1.98987552869955
0.385749999332185	-4.06704325935476
0.145671990865776	0.148764354796014
-0.359365553398036	-0.0174580530452839
0.253745209423021	-0.202684289179978
1.36489372488342	-0.163568494721091
-0.624456199998452	-0.00808797269769235
2.73800749202481	-2.72882687152382
0.257287464772386	1.28641037373982
0.797308271255339	-1.33386545966248
-0.989283597909584	0.471213429210303
-0.332691763303262	0.529519997905905
-0.600693990516156	-2.39325898373649
-1.06209568240332	0.255209722333719
29.9925340762546	-7.16194729381173
-9.45231875542099	-21.648548210622
11.4708911592229	21.748087990723
-0.42790264584344	0.528925646641303
0.139458687922196	0.751987545500029
-0.303686191486547	-0.286861785435217
0.730455388430877	0.842589376712049
-0.229178467224503	0.774694819969765
-0.696729004126429	1.02722636525757
4.30833136606435	-7.28039113913774
-3.70653708431845	-9.59279020049282
-14.1539501761534	-9.80567719829657
-0.224854377755225	-0.0593805310908965
-0.0478842614081446	-0.38641637998906
-0.269469188972658	-0.719063054977342
-2.72845268006159	0.913852418354056
-1.86185290593255	1.01995469325579
-1.20293871818625	-0.053382111247072
0.587365080713981	-0.397348953366998
1.13369826144329	0.397753689443019
-0.387764135927649	0.432896710203213
-1.05214502598821	-0.351290178533212
-1.02067921082581	-0.0260676489301809
0.194260757077336	-1.63097708909509
-0.205629387621883	-0.873011989701917
-0.106249151789609	-0.423290044283576
0.135663916921848	-0.345607040183107
0.419173181417655	-0.489609502765676
-0.801811324755384	-1.78484554422948
1.29224087357796	-0.450497767166635
-0.375586227184958	-1.74813548359657
-0.823710831239483	-1.82147900806889
-0.148716456903569	-3.88096702414995
-1.99986679937591	-3.02893068972628
-2.87904258432876	2.40617294380399
-1.20766052550451	-0.867578114759032
0.38745045802601	-0.215641366674735
0.337304300054885	-0.64970615361091
0.623167288918535	1.14376266784326
-1.08939540004795	-4.06206539726812
5.65623583776611	-10.0694135633383
7.20570353803806	-4.6446579761348
-0.206782458278984	3.02069425048096
1.18234550180786	-7.87593526509194
7.75335397501039	-0.28263268630205
-0.217219851232524	-2.33796495293438
4.89277386340115	-0.527717358295074
2.41391007220736	2.77291091939861
-0.0530322848529035	0.100974901131261
0.136199016511054	2.14406932440994
0.693581475050432	0.374087030177072
0.782174282483663	-0.154987012692006
-0.20262943347777	-0.729012505745785
-0.0436104854890801	0.111011234036715
0.446469410509094	-0.0951222043450949
0.792420602081763	0.25845026789297
2.48814475778845	0.388070527031236
-2.66276268765517	-1.70608238640993
1.14382984419198	2.17629539059824
2.57482273325887	0.815451517149021
-0.340266271557497	-2.58872474371786
-0.0154407457790743	-2.89533170222781
-0.379463359653593	-5.30248570036619
-0.400436438231523	-0.694987800191561
-0.518734868406408	-0.251554844316552
-0.588127092850189	0.71066387034614
-0.0896112670369261	0.206046601488875
-0.0443932131743274	-1.82767507256851
0.495887596278122	1.07675047095508
3.86104489513537	8.45874149948312
-4.63912888714967	9.04682349923908
-2.35381937318881	6.65485844670965
-0.0308287187480393	1.55032267403426
-0.379741348882773	-0.788084214842787
0.938253825932906	0.448236320788057
5.22568315552873	-20.5011783376835
2.45955733598868	-10.7681808720504
1.88400739075747	-13.4610451992268
-0.357403482421049	0.754167248263599
-0.593291074936416	0.319538519192972
-0.209774408141458	-1.60913465845688
0.0982844736600754	0.175244646548816
0.0778776214232627	0.620340375778498
-0.435277903699518	-0.681725358455141
2.64825707493491	0.331548227771085
2.72366243308489	-3.49284430795766
-2.77852852984424	-3.23280089057577
1.02899559613545	-0.831540059760545
0.157288596427783	4.51905018196494
3.58653068293637	1.71443047347916
-0.694380918336742	1.48005953979674
1.59525606711464	0.845591286691077
-1.41920725906423	-1.96308055713756
-0.0649733904055091	1.17422840674867
-2.34009173163259	1.42705280397319
-1.28644676498814	-2.83037813330989
-0.0724452019396938	-0.288844159033298
-0.282971536790172	0.471219408769271
-0.342348498818698	-0.796010093150016
-0.171786692553458	1.51442870040724
1.58657619207711	-0.263701115017947
1.1755616528565	-1.31216858696232
2.32804904165906	-0.749552804301455
5.36960130187634	7.36441947651756
-0.59039738765522	1.40537317811829
-0.517528668249039	0.461586391882397
0.540093930897872	0.432487960122036
-0.0288129586403011	-0.403994017821193
0.466338921665499	0.312180128375685
0.407476323981717	0.837439488631048
0.406774912735656	0.45794322782802
0.00761141379574127	0.907461909883555
0.435820283714907	0.180571970449252
-0.617487632385668	0.379459716390966
-5.33287422564036	3.21044674975574
-0.59407768240937	3.12071614970134
2.93173386297893	5.13434542149394
0.00345730701410048	6.35046465404469
0.303057198006334	-1.20326527725469
1.02765243336131	-1.68155976781915
3.09902404965644	-0.548931573815663
3.10168838568575	-5.99931648901832
4.8031608467326	-4.23971354182311
-1.78180021296426	0.521767913087779
-1.34214329263014	-0.761199542565909
1.14310693573578	-1.90620228030076
-0.366863004452704	-0.0847736475725676
-0.683406338591386	0.262926584072692
0.169771466920783	-0.525179217248153
-1.07908394821783	0.398225780693291
-0.415837332039318	-0.512164526821357
1.93856004544853	-1.14922876261567
0.529316804689788	-3.35795645659878
8.26241914394203	13.9766669569721
2.92346460875624	-9.10457351856914
-2.86673636868488	1.44870769103392
-0.131075762732166	0.928916114947551
-3.65243867548997	0.659357644272218
-1.29061167934686	0.651719889055226
-0.573935513361926	-0.24988671494508
-0.257583519250206	0.563326719142258
0.151408767314225	0.77389236504026
0.526499414298945	-0.425427533463863
-0.343118426058932	-0.287323897323088
1.74216987348916	0.570901764940939
1.46848994794812	0.934171568196528
0.829731454768606	1.0616872573379
-0.348900746749058	-1.55858376710671
-4.12644193822307	0.0275993641080531
2.23898533289192	-2.01300361610256
-1.98962481128382	-0.700075052941664
-1.87677557475337	0.126757926711553
-3.50047249840114	-2.4161813605566
2.58071282724411	-3.2178256825107
0.99503943707268	-2.16230388088528
2.17393621153429	1.23533266242722
0.583845140439307	-1.37564213645142
-0.632734349586096	-0.816688202550671
1.1106800223855	-0.0559108602691207
0.751479352862551	1.82497077245315
1.37181854549547	1.82378166873597
2.66702959181523	0.184067622271176
-9.44442618808212	-0.357925419605424
-22.1003311876435	5.56604101260251
3.03219960809925	-2.39290654412366
-1.35505644717718	-1.93980706192228
-1.74825298156841	-2.64421260212005
-2.83220241443583	-3.52650250692564
1.66252321928658	-0.520535399678718
-0.940434216490629	1.20812841656733
-1.5868803009199	-0.0322385763013007
0.489540403520412	0.0784129342022345
-0.444258035864514	-0.0889732014708033
0.22561860785407	-0.594479950508783
-2.65329337379722	-1.06350220367432
1.14437735210264	-1.22315300985687
0.467466357223263	-2.4844757083721
-6.34055958153556	-5.48971895322685
-15.2018059842154	-4.43323358235669
-0.886064345231137	-7.31527493994477
-2.46865441991869	3.59445068475371
3.32496856921115	1.42159130332794
-1.23824756503232	2.48030301447559
1.01109559217779	1.1139268077801
1.01832336555091	1.46022331274316
0.634611053578184	1.36307061492746
0.0392083393214478	1.155819493477
0.911117002657813	-0.559194514779012
-0.432743455435935	3.07168583452961
1.56830423193591	2.78849015956303
-0.0360543748865975	-1.36130007280338
-2.04358757756721	0.414383590494854
14.0440058847991	10.0364798711049
6.05541768425022	4.71264358770419
-0.262070570128518	9.7738360816692
-23.5697687016478	-2.78772106721021
-11.0587442063721	32.3882114455549
10.3908826259346	20.3426665972859
-0.928952664782969	0.810620377798249
0.469411439779449	1.71719779269477
-1.03888981648528	0.610985593848775
-2.43425373220531	1.08355890913809
3.76081355736649	4.20082952446092
-0.925525543148283	0.369101079901631
-0.74777503229899	0.840364735044257
-1.02427097660308	1.33917061987019
-4.63862353785228	2.3198891591583
0.462039696890983	0.645441435846713
-1.74226286246968	0.04073384625029
-0.427470283567142	-3.97075035121917
52.7037951470102	-59.9808169836996
64.3508977123674	-50.3270225492414
121.742788047633	-3.72421029471339
0.382227336204978	-0.312113942691271
-0.0670867857497345	0.660036306868184
-0.286938772975414	0.645348649919846
-0.693453310765647	1.25952941406271
0.923288259105204	2.15111953492167
-1.95857516972866	0.341954198306999
0.0820991232315224	-0.27759100593181
0.230554681308521	-0.782852107373259
-1.01886189285643	-2.57163130878405
-0.392660332039502	-0.297832116256589
-0.367405292105516	0.165595552969511
-0.810304859351975	-0.321395638052713
0.986442548039987	2.72282889189352
3.84244525265145	4.14177109366076
1.82366100838402	3.74288067412195
0.0977724396204783	0.439534484442029
-0.925770241212336	-1.17520675802967
0.966736061789691	-0.308514184742098
-0.331785414102542	0.301981777182185
0.297708140384255	1.30237193688554
-0.48889585243937	0.526164233720981
-0.309611018923367	1.47147852024517
0.898938670195295	1.15169508910347
-0.174694284723779	0.0998516576780206
-1.33663888461401	-1.04773819905311
6.04122962247267	-7.62608747486273
-0.381765608108259	-0.349921899097682
2.1585850848761	0.735324224336134
1.13691011902255	0.194588537142701
1.26950985873687	-0.373369984035735
-0.721869229824538	0.334957231396757
0.470419899327202	1.18044107150422
-0.115762426516773	-0.1064401253572
0.469864304170088	0.317720399989512
0.0336413521798284	0.564660534208472
-0.587316544474636	0.801436457039623
-5.07909069327316	-0.475285390412665
-3.62562103412612	4.90284998937012
0.619174686778103	9.51833252765446
-0.542413791593078	0.443459191546871
0.479496341007285	-1.28635244006317
1.0085065769291	-1.00116748059404
-5.22140676934493	-1.06689111272294
-2.68354782670988	-0.643965780151715
-2.45376291107986	-0.284622899910649
-0.102920914553733	-0.42757936253551
-0.514330012198291	0.978552746889287
-0.0803058385813029	-0.770264656827907
0.66134230787683	0.599991818883019
-0.383456308922619	0.602850648109224
-0.0139248830027862	0.0148120260811421
0.985007853103698	-1.35000192288355
-0.248448961799771	-1.79335685817252
0.0326181394924748	-1.46543863731163
-0.430780898640353	0.0354035929727808
0.773381900267944	-0.374798636177579
1.51541275925345	1.17863100150163
-1.30053905248808	-3.32352331660353
-0.931053159187934	-1.90706327488762
-2.28764494329346	-1.02406654155285
0.52851395072777	-0.440599441076438
0.135292973386952	0.893398375087885
0.557559710600869	0.26388250682389
3.03398016411499	2.49021181279549
0.591741648198657	1.68718918222834
-3.89704767975007	0.337913574123874
-2.46614125811124	1.88858523222113
-0.0607411728632944	3.33352846167118
3.85630333658638	4.00604876648791
0.427629528554948	0.41132900877984
-0.0132911491024623	-0.302219257958755
-0.544372043454561	-0.35936933759641
63.2208177715802	-80.8887089573844
34.0213971188436	-70.4477684809066
1.12039999967717	-73.7351537219955
0.172575620341085	0.0465008874689899
-0.0241532656850381	0.579885985782937
-0.0401581219441546	0.922626459516774
4.73188986660702	1.76710974839673
0.437047221551932	3.13732964608673
-1.36384362285677	-1.07870535512602
-0.0422124578955826	1.94447815747373
1.84863964383704	0.682300346187317
1.75966564315629	0.307857518712781
0.167392556799038	0.0949249145152987
-0.126028013409306	0.0688257161705954
-0.0086158374619707	0.0573015911395947
168.806086369658	-89.851307426319
94.8699978953129	-83.7998887546701
52.7700957464295	-86.2625465658579
-0.0078251580702419	-1.13989254605397
-0.237612917810444	-0.141626839019258
0.0765698427241376	0.418173263326972
0.463237845125771	-1.24453405765243
-0.692294679070192	-0.655124875010261
0.578586579394704	6.01139998579362e-05
1.12471425041717	3.39215313025086
0.222100233667159	4.83260072158593
1.50633853413482	3.33316028449682
-0.704535431170032	0.689092292935791
0.280301073560785	0.56709027288569
0.0391564903905282	-0.0161838277946317
-0.332661147601845	-1.14313920445708
-0.59199458591636	-1.29846588627625
-0.63892269667158	-1.44808844375381
-0.213561826516213	0.33292489805129
0.0997847807425054	-0.838734043754025
0.324826023747453	0.553534330906278
0.476703021995382	2.12931914309538
1.03034184272862	-1.12170860960489
2.3520196024131	0.0292082407154848
-64.2718768866994	-154.455061628727
89.7723224678209	-176.229952322333
66.4267912851787	-112.946459909096
1.70325639389552	-0.873675304479528
-0.736000711946642	5.55989255634204
1.47487907598605	-0.940839885236175
-4.42153607064463	57.0131947005702
-58.097477533947	-30.7739449882354
17.4308536886524	-12.7321817668944
-0.278331204508315	-0.891946247592608
-0.214509812830807	-0.475428480060858
-0.53980343131182	0.577241930947299
0.0193437340720531	-0.028207686652946
0.10743485852464	-0.949225253010289
0.377393094503103	0.469759765838964
58.7925625874959	47.3658001861459
-5.38094449403871	89.6770275790818
-1.64536245230093	57.7562470666216
-0.211665567986381	0.160263233438277
0.0537533796745052	-0.111974310264889
-0.370475035586524	0.557257469763965
0.388324919983972	0.819584448748844
0.74730145099588	0.243493994727908
-0.0480036452204987	1.61790217975566
-4.8068583417452	2.29438460486122
-7.21499208709725	-1.81800009632455
2.7680934865247	-6.56034727008305
-0.324580875995932	0.33697365598791
-0.265295815631877	1.54527870338401
-1.78960715396389	-0.923901069809057
-0.179998901035989	0.242919793429972
1.7032866533211	-0.154360439670352
1.0441987133134	-0.788425516372489
-6.30855535086274	8.22229477427087
-147.249909568679	20.0774021173527
27.0203154384134	-13.8269166862631
-2.3825429267959	2.73842422309678
6.02177932464848	8.18916813967949
-1.12376212330293	3.08464634514458
0.138175227623492	1.50340462496911
0.154444183001508	0.361981910845775
-1.16190494572262	0.0828162810854564
-0.363867581218636	-0.158037209916978
0.154186474238311	0.117667122904709
0.560370024887302	-0.431093087442267
2.15965819431875	1.17013684557461
2.234343800819	-1.42306046839931
3.3186649969183	-3.21913793221343
-0.105208125787312	0.369819395080465
-1.53968169378591	-1.78550581426201
-0.0682719153797698	0.885773969044586
0.17144457999582	-2.81344326824041
0.942006532294234	-4.29033852477186
1.60361062632175	-6.66217142477668
0.647846323272424	0.680908786627953
-0.287713126809578	0.0365244138118202
-0.98278220406952	-1.08074677999192
-0.0735285802677389	0.516901358099099
-0.334217538400268	-0.093393427532344
-0.202320856811875	-0.794323202444743
0.0584766613127663	-0.986555982282265
-0.677300016709102	-2.65182793619219
-0.395167057670413	-0.111648376411329
-1.04222651174368	1.03524743890052
3.31564017321465	-4.56800900319844
-2.27178733043711	0.51149339922859
0.468288190595992	1.5696849096736
2.56416443777557	1.80259393010557
0.778728447950554	2.44194568649164
-1.37835482244467	1.67640505229194
-0.495405957677879	1.80382871172227
-1.73394189705723	-1.63437545443068
0.483352267350523	0.491021787136311
0.124999437919981	1.11429205218809
-0.68820176115322	0.498287607951328
-0.119245584084171	3.21675142853237
2.84890273190083	2.38008194231872
5.61035545493335	0.0365450109977456
-0.130681857042896	0.743273591827873
1.1629625081173	1.73076265853628
-2.57060562858383	0.539143178610476
0.213830063520941	-0.135721859341814
0.130701339217923	-0.068839275536938
0.0430026223824101	-0.155599122370408
-0.310479588782005	-0.58477276772495
4.61399698778468	0.343607096954923
-1.40854088373	1.57717965612936
0.0834416062865598	-0.136572740674438
0.453535518118799	1.17957995386194
-1.00945518024328	0.754713304841668
-1.58905468597465	0.196285085743309
-1.38028227531589	0.454710247587221
-0.547039310457938	0.371133323193969
-9.94552418287667	-16.3725837938468
-11.2298723231091	-18.9041622788408
5.73375382796546	1.34135610540188
-3.09250881317709	-0.743179665717765
-2.39414604071468	-0.196761198212094
-1.83741735538492	0.515394207022067
-2.23870104957069	0.748287792780099
-2.47959085919114	-0.273562072798262
0.768435628418943	-2.16394977574411
0.947647054468074	-0.597825919017011
-0.868727820664472	-0.781780154531737
0.101789783714676	0.133033072904822
-1.2466228925631	1.33642755706964
-0.818744177689949	-1.42205004919554
2.50305258249582	0.00481600486271123
-0.413202026485384	-10.9692622379826
32.0511733680976	31.6470062114028
6.69983522880021	-15.4875387322843
-4.93565648241869	-4.22944166502923
-4.660246168349	-4.72755319201805
-6.49695456591641	-10.6060055875657
0.444960522638731	-0.36314082508407
0.76508528983374	0.502341506417789
-1.47425705570383	0.0252395439358011
0.691301507836228	0.190152441037293
-0.62402809455523	0.564889009069379
0.208685763607025	-0.266802379928067
-0.523597739260665	-2.60569671262853
-2.42948779990278	-1.57571926941744
-1.32965118635586	-0.603535713421183
7.12668373581045	-3.05661790615892
-3.16424237614068	-2.28480129434462
0.266414594600182	-0.650009793891886
-6.09713723612785	0.648198260426223
-1.65073416886055	1.71254204277012
-1.98546849339732	4.08684617369417
0.0151019115397597	0.0215096462607786
0.451567573647715	0.130847590450279
-0.168205258108996	0.650299063580536
0.296473628775346	1.67586543361075
-1.9426440396243	-0.45491637305929
1.0501255712896	-1.01799546337837
0.534403748854654	0.428056844082194
-1.84673268378434	1.65158106658645
-0.514493173723029	0.0902657495126709
-0.0880635398148565	-1.19889896938504
-1.05549385585015	0.592726414666175
0.409283022107954	-0.637358238531472
-1.99760286147414	5.07541702550427
4.96984461380454	2.38491257695731
0.594083210157939	4.71760041726011
0.768121716511851	-0.049332658238082
1.70788332884722	0.744462985475381
0.450522363898452	0.440492266930848
1.37920979356163	0.968861286620763
3.42255343930665	-0.0389577562261432
-3.47908747181695	1.5887664491025
1.88611617869595	-2.41250693157499
1.23192558159032	3.05945293281486
3.39776933259731	-0.604805714116649
-15.4196872089723	0.727237268163603
2.39266867530829	-5.51012676291536
-7.22939025171786	2.4962400995829
87.0108741538349	7.78768134598579
163.887212046861	-29.0153927636532
137.278816988998	-32.3881209990346
0.517538965374009	-0.272873602870958
1.06868355668511	0.262004725362356
-0.484040863666926	0.511575752967998
0.409393009630809	0.143813085795
-0.0644129754541945	1.17481658472127
-0.883617687329374	-0.0866249716812147
-0.386319673836247	-0.672936517632976
-0.360278653893128	-0.270729375570832
0.0949565928470062	-0.122332563586737
0.308355977419414	-1.02197094055763
-1.09969194660994	-1.42532994486404
1.13309650707245	-0.611887095910481
0.0251696078123372	-1.54412687058673
0.341802792785463	-1.34545123061089
-0.403634777040114	-0.678881343647712
-0.0300325152527421	0.0758851216732056
0.509517845722554	0.227597989721368
-0.093997955545611	1.21450552771685
-1.57741150363902	-0.195433698779667
-1.07064179473043	2.7492563804981
-1.70142822049544	0.654017449004653
-7.13564537564516	0.276593778659641
-28.2996775456985	-34.3533680838694
-4.43259471386953	-13.2934232908732
-3.53375723723522	-2.42519680092343
5.24305495520792	5.64585838632408
-2.01227507414871	-1.40723533243774
-71.5850941270049	-47.3655795586698
-58.8415883733252	-233.050718954746
-2.7958924182526	-63.795406910722
-0.323350041711037	1.18716004332981
-0.224668014758797	0.780285923371665
-0.83945469382251	-0.125352330736787
-0.0829211874687664	-0.325384971358012
0.638978866511128	0.345005937395494
0.855443511435756	-0.106067343519654
4.17332256037188	0.71596560543681
3.05035824497572	-4.01702452422633
1.48763810156755	-8.20988050017422
-0.99061499499106	0.709520282868895
-1.71761676419148	-2.58729434652905
-0.722124983739609	-0.108736386911513
4.80686257027905	-4.66519236120787
6.54172357764242	-6.61379014954563
9.39246463362513	-10.2603369566627
0.10616257257187	0.448830469077715
0.509647653751809	-1.10108504442969
0.91560937715631	0.584126859781704
-0.636154195956692	0.156365502761196
0.405843791497039	-0.526425973285345
0.340708185086612	1.04127263212184
-2.49444261066453	13.5224182261561
-14.4860760363082	6.6199125743744
-8.49463060695171	4.70616637742125
0.129775100109077	-0.249369194322583
0.194607280285909	-0.164531521895479
0.249992834092605	-0.344936477883489
0.592517523094072	-0.240718554969996
0.847365288021783	-0.636550255887013
0.339778140021348	-0.0326107195235653
-1.56124635315254	-0.103359840992413
-0.3924304137302	0.731551670997069
-0.70782077621986	0.214994532602877
-1.28498648773587	6.32171149358302
-0.935746342084762	1.47760040293054
0.774037964476983	0.229439061238657
0.0133097711499439	2.27313752333203
1.85186570783366	2.30799385024513
1.61795963736623	1.13138138570077
4.20009734802852	1.54380105479336
-2.97680664698765	-3.51170089701099
3.1605618450052	0.888273273355123
-235.104233448194	102.484135972409
-156.1388186423	138.187461906953
-89.891213355249	102.084457643623
1.37347053611454	1.0956430161832
0.944905451132589	-0.988179737066068
0.561959850773849	-1.19669508045682
-1.17880644716456	1.75981220783163
1.15207686190955	-0.267715696655947
2.61597826395296	0.930251826162655
-0.0501385659877284	-8.05230544447924
5.35992491718964	-7.60375175227199
4.84854935579883	-4.3112376920139
0.500456652565564	1.02966760036439
-0.781537846528875	-2.48762611055691
1.63964221083379	-0.633860480422421
13.4862662327927	29.1082513811412
14.3780656709166	-13.4961957041587
16.3302619362915	-1.27892573555877
1.32326223965879	-1.06939586548977
1.69989702974456	-0.605874138197039
-0.0216787917229293	-0.33050062615561
-0.417103610808535	-0.265018128255166
0.690774997489391	0.366108023247514
-0.00278410732013104	0.522389944287769
1.36967397994124	-3.92303615493532
4.23683570521838	-0.191713647787775
1.60613023476378	-0.810061320198975
9.12407764075864	12.2017426637952
-7.05560396586235	-4.21329945983853
10.3278321132118	-7.78333985585142
-12.6166362303012	6.36923975354398
-5.64326641063327	4.65401766281752
-5.97096193685845	4.9336044859747
0.441348657326373	0.0233737874277356
-0.0735875632669415	-0.969732966290956
0.377750036529323	0.300676236356814
-0.551416403373802	1.66919470781975
2.69723528227261	-1.72249318534677
1.74522359109842	1.51810773546001
33.9826242767477	21.2445643303359
-0.132797113508616	48.6239211572374
2.76780242491347	30.8295463777376
2.12261041970108	1.52370698007432
-0.993523001338651	4.83513450613135
2.44032370773004	-0.742126557353835
59.85855349637	165.888588749226
42.135256343528	43.0825911179522
67.8544069949699	69.2803182659553
-0.917695332750099	1.70600189573568
-0.930754143138401	0.00140946118264398
-0.530280179286186	-1.09741060634334
0.0367170136280133	0.10590572813933
0.200041440747257	-0.466659122860293
0.0260928971959261	-0.59374434786551
0.375540512258693	-0.464685887663271
1.06257363378266	-0.8832071203044
0.564070565502269	-0.718070382478516
0.311524638563697	-0.585131864905912
3.63172367885319	7.13747026572966
-0.655587715832469	-2.43454938727245
-0.551142956416102	-0.249697046962242
-0.27701691438595	-0.535439205364354
-1.35913437238762	-1.27407206756258
0.25881621203642	0.695859444058239
0.210413983680815	-0.164301035349753
0.293975648279643	-0.815825847404385
0.462962520990058	1.05561107865702
-0.00418925936839711	0.177229774506443
0.499525936747907	-1.59133488105819
1.56013507989397	-2.10976626756132
2.92424432887489	-4.26802170381469
3.73938859000503	0.221907204652294
0.143694695988805	0.150590286831034
-0.580033343998077	-0.334884007602011
0.55080989236122	-0.191491784403756
0.331231328991954	-1.97584808507717
-4.50410562263731	5.90215950726249
-4.70553651616028	-2.89332155546835
0.674284534206047	-0.448137157647728
0.476254923975656	0.182375839758488
0.172580078696961	0.189276885829561
0.802403644693018	-0.176218820163316
3.24769993196674	2.17733485266494
-2.92329818303893	2.43001460122931
-8.57389151243459	-9.99497596089247
-2.83921568258912	-10.4161226341779
-7.14667715302686	-7.21862176970527
1.66701938144715	12.3727149745585
-0.823680583840311	-1.90984354829575
3.12068418852412	-4.82200610105475
154.317063664426	-135.382361127162
30.4859796641348	-206.718454185532
51.1371257504945	-176.013727935037
1.13803803070054	-0.0132053734360374
0.933223959917772	0.410975905203785
0.938070064460871	0.0897826343648723
0.247697613912447	0.947669005613188
0.650116573825499	-0.503081983278571
0.389025002378146	1.31782053775751
-3.33522359433441	3.00213377122112
-0.14136777161526	-1.34626518299495
-0.559399882142798	-0.252504521720883
12.6954267109801	7.14438008236104
2.12907139345945	-4.5184713082834
2.63169770683469	-1.02295963188907
-5.54721229409367	-0.659140532362892
-2.94243135549387	9.12646816403304
-3.84912452110408	4.14978218433281
2.64187342420872	-3.35080294157004
-3.75996233804511	-2.39870363849806
2.49874727625527	-3.57324882369751
2.48381518258966	1.71491042939726
3.42244789263429	-4.50206093988994
3.82399932623965	2.65673013335228
1.44108248667784	1.65427036274634
1.0158524534842	2.08234316314876
2.2178485458386	1.72899180087515
3.54941062149109	-5.79452698017036
-18.8638479983661	26.5637914855755
-16.7991161102843	7.71782978409413
13.2281984411863	14.9637350911162
31.4286472196543	-4.01431671939259
19.3109238001512	20.5620143453993
1.20084620132867	0.724294470449756
0.155509129961855	-1.84417423781922
1.35672519258967	-0.421535044786002
-0.0413448625974395	-0.0899257560997774
0.169600713942769	-0.909381171834731
0.317498131910658	0.56269396717231
35.9138289498777	13.0601602549156
12.2373981123845	43.814364531561
9.26645556708641	28.0628727647582
0.00176423257614473	-0.105251342145309
0.0727358496270007	-0.0242883633936216
-0.295704749915358	-0.651082797782566
0.102601817266965	0.0805556306759473
0.110682978499703	0.089209689130737
-0.0842235039390868	0.245456904334119
0.400715282696353	1.18856747635813
0.785523274795871	0.783955730198017
-1.578793976061	0.743275174342697
0.395398590479461	0.394111044269607
0.312147588206076	1.00670003887414
-0.873984458504973	0.611068876898945
-2.41960710535157	1.07705549765532
-1.13219540539568	2.92980049427318
1.1693242479505	4.4395803840408
-0.362369130567213	-0.626099265993519
-1.73105502214964	-0.377604846270537
1.61759839719972	-0.137638455200656
-1.71560563829205	-1.83244483397327
-1.28361823434314	-1.03711517161141
-1.56453947854208	-0.379790700736409
-0.576572123952753	0.699501302245698
0.0608688949175435	0.821277622289954
-0.505883340507926	-0.590679299323963
1.48655832159278	1.63345514524871
-0.388580804823751	0.808029385219714
-1.45274402230849	1.57842691673136
10.5701298293	-7.8757285403327
0.4049737791484	-16.0864947115691
-16.2052149484744	-22.0725800257608
-0.0404148900785417	0.0147752167680941
-0.0233381105509088	-0.063915667164205
-0.446101227138551	-0.0708613719734237
-0.988325104124251	1.03293691776425
-0.85987727348156	0.793945727806069
-1.22362253282875	-1.05274497936002
-0.693412016252577	-1.47007158297117
3.18031974805716	-1.24913600180567
0.0840453009610473	0.390138053382454
-0.10451548612874	0.157022357480122
0.385316654124701	0.702503779697309
-0.966608480723217	0.667637179604813
-0.393359710961748	-0.240391879982907
-0.511648790592903	-0.97699493080698
-0.497924875630459	-0.0954536944817738
-4.2622522153303	-8.51083106371923
-4.9937070103193	-1.23652356089422
1.19021989973044	-6.92930170746937
-2.12389677580985	-3.01692437560827
-2.04843867723408	-3.57280886256096
-1.88812007197154	-0.911481637796503
-1.14751237305068	0.093140027026607
-1.30309952640285	-1.42415749159764
0.935213063646163	-1.9664653497652
0.581799163012741	-0.0100947713108897
-0.291071433635189	0.385117966417058
-0.222602044522332	-0.242145519547929
3.22620385550002	-1.43944575123688
-1.92786085615349	-2.12698990367677
-0.401624447275581	-0.742890631387603
2.08076438441248	-1.23161892397822
5.3338291774519	13.7278096071711
2.24169645326926	-2.66100715766381
2.02442947719816	-2.0436621887445
-1.0853563466661	-0.265541290897463
-1.78694400177884	1.22280613164039
-1.26013674436038	0.699598297245252
-0.437006897548849	-0.468540704095602
-0.0949178582635244	0.315445043816057
0.36795153734844	0.905686602336209
0.867801084195685	0.371535337549642
-0.175827259231736	-0.0951528415076697
1.4898692287437	-0.230161012536626
1.52889945298434	0.0638152906347086
0.938114995942284	0.301328667373949
-0.694636338650641	-1.00159514418246
-3.25848268765421	0.612894848619379
1.72236104123013	-1.70300517023117
-1.69677892008072	-1.20445935053949
1.8973193397168	1.37351783664269
-0.572066108839829	-0.974499085012748
1.45903137370788	2.02235324847854
1.71572316988817	-0.712083525461378
0.694494946738598	-1.35799496675948
-0.382989359802497	-0.616276354795221
-0.755599843617425	-0.248022241847959
0.202474214665511	-0.313782175477666
2.23274914015224	3.87941358933103
-0.225709964879221	4.11332653652114
0.388941840161251	4.34026300134409
1.52490232430437	-1.20125849260101
-3.52852240569352	2.66325370559663
-4.02725441483966	-4.1836445277873
7.42667902084493	-0.415490624361742
9.37041345413772	-3.74444640093265
12.378977780207	-2.48128174728937
0.616826695452712	-1.07482930044381
0.282560487771676	0.103448240640004
0.292528958229368	0.629415492323588
0.906255593677154	-0.450266997296059
0.750291967121571	-0.0912142549086154
0.319504202013974	0.948609010857613
4.6041671942162	1.41199213673393
6.22018318567095	0.126293862831089
6.87855907706632	-3.05097248243549
-2.18998462525819	1.01230108890941
-1.06553310022765	0.62930795228638
0.938444004538316	-1.16699905693468
-5.78521951602905	-2.91047038131611
-1.08741052640947	-5.25213739607375
0.0978787501334601	-5.44021841335014
0.839480245034741	-0.281826479455062
0.0351660204092541	0.648353566324735
0.462341599767378	0.39526714666024
2.30463957616796	1.06617545143835
1.52848343295596	1.36916143863257
-3.70228321568966	0.795640568531755
-1.93077600189362	1.17057620061545
-1.00851331971948	2.4875744082563
1.75602231697633	4.09122231694766
1.34687390638716	-0.0250458737317252
-0.205885360234379	-0.571253639271836
-0.948177544939074	-0.721035453019126
-6.96354814105246	-84.05155514014
-13.6708049335637	-52.7696228171502
-30.1674078049598	-37.3150181592023
-0.658386456163452	0.952065810060217
-0.149821334168956	0.923921151958791
0.0864162513090745	1.09924920766542
0.270244836657383	0.863523513192639
0.540954099315375	0.0111196813956676
-0.230350621655619	0.73915296746489
-1.36291676844283	2.88532866384822
1.7815601278592	0.378460791038759
1.94213298925041	1.24829466817433
-3.87975216238704	-4.97620387268992
-0.70472563554559	1.89758670193953
-1.48750356042571	-0.108388595504586
0.374637488759256	0.517130402702526
1.3297157389629	0.0662036533881587
0.803385783145759	0.315231166966803
-2.45295852707316	-0.323882059183157
-0.805269699400461	2.31669292337223
0.0537175008079445	0.115976670659393
-0.023107954674298	0.174150625950093
0.704736584542446	0.286073746630602
-1.04654677155111	1.7034021029238
-2.27616228133767	0.804299629525319
5.3804062293673	2.5087214387318
3.83934555700853	3.82083447450968
5.06203231688904	-7.05476150409009
-13.1376428717064	9.59468913040895
-10.4757974044349	-6.09364604784959
11.5347358133508	26.2506920035828
6.29641689284667	-0.367576899144868
12.9921936194381	8.1298231745071
0.266438464999214	-0.0820448930861845
1.17125425928683	0.779365613997491
-0.166688466059396	-0.358627243591111
0.214045803270591	0.175180606385549
0.115945391826355	0.775192361294878
-1.09434814697445	0.293238051059586
-0.49928481879609	-1.44540842355538
-1.2772800943952	-1.17517387086355
-0.697493972578177	0.400695055364749
1.89927544592707	0.918867627653515
0.438139036100811	-2.56643015979292
1.76564786890428	-1.40649723458658
-0.266628570938336	-5.53763048385581
-0.425517713236994	-5.3689786431733
-0.87555280117573	-2.44608152214109
1.2588900952564	3.87038680765942
-0.209332407664784	-1.21500840608086
0.128410388536504	0.99129138649302
-0.31599871937015	-0.269728466235784
0.00916287381121473	0.805478711506582
-0.221586178084538	1.12774185467925
-0.99736565153586	-2.98575158487851
-4.02269625656615	-3.25639892312408
-0.17847031723134	0.672953873243177
18.1635030308451	-2.1606382880321
-53.0395106112914	-3.10695632385898
27.9085069399113	17.6670623439486
-17.6926199328695	2.70580807711394
-9.95678125992886	5.95459605285647
-8.03842333694238	5.90560715753694
1.70349837934308	1.00280413502943
2.18077612364369	-1.38102900288296
-0.346610848435852	0.092354487657747
2.22986816043524	-0.167053844135231
-0.171377697202171	-2.45152402663197
-0.538775207380529	0.396289768790598
0.446622258053272	-0.51841820305656
0.439381146068213	0.58474281744255
1.16236145055606	1.25963642892053
0.867887213867429	-0.220603150161041
-2.01581748500525	-4.3238947141405
0.485106416418048	-0.894947546084909
-0.38920018059701	-0.337522065031228
-0.600333347777092	-0.555060179297903
-1.2000493428825	-0.482851864516722
0.378812820935677	0.231459523305996
0.550323816066046	0.0520655206306616
-0.48250897121664	1.12079786721783
0.873744337159735	0.401464989740134
-0.704042699053299	0.245071664870688
0.733249536533867	-0.92550057529781
-0.331323284235653	0.93205026086242
-4.6671062337887	0.394281949611617
-0.902050451305588	-0.259668519354137
0.513870128796555	-1.15398354635679
-0.459780047927306	4.53137923073493
0.703992303160683	-1.56988711018365
6.16038268013372	7.54760019261411
6.06505825652698	4.93699996517167
4.28773442930369	4.82464748034327
0.18518092881381	-0.398364939419777
-0.327088599685509	-0.0290663083092328
0.303961715101746	0.287705519691257
-0.929733942126253	0.401840848612763
1.88777923705585	1.51014249383638
-0.323725738451061	1.14056417283855
6.03133684701833	3.9025074551149
6.61036546900944	7.97228106095095
-0.190407121253558	9.13119731225895
2.62998965710225	-3.09893900440753
-1.65496516533257	-2.65928434062806
-5.00400885469628	-1.20418341557945
-59.6273274220707	-37.3093561151637
-56.4189910382769	-11.805714662569
-35.877714760876	-16.9505109398235
1.70091616132504	-1.57320391644215
0.269753375224139	1.56267489131625
-0.326724980458587	-2.00335471773563
-1.99236102703069	-0.124357934371226
-0.989930604084249	0.605685609771477
-0.345116992984559	-0.721626879021928
0.56868526804927	3.65211596581256
1.39927092511212	1.27510347623095
-0.682350636761612	-0.272189033070998
5.20197431808975	-31.5144999051491
-11.0886761966444	16.7626377830082
-10.1923456898368	-11.8952228757263
13.3204709344457	-9.23668088196951
19.0442693795329	-12.3509832987544
26.5513837550206	-7.07101009341186
-0.417805680716396	-0.364025106694097
-0.318761903927538	0.871140515127157
0.0212541671646854	0.742552096386276
0.513465207816419	0.387766998437389
2.6992581704515	0.438778779145245
-5.33631944730452	1.00029362601625
0.892438845644701	0.439502628726137
-1.50360549417572	0.105828687791303
-0.849433464900713	3.68971634635145
0.990315946266752	-0.291632975446168
-0.6028859655902	-0.125035907240896
0.409485143559561	-0.487923749443262
-41.6084346503575	-32.5653491565106
-54.2996007292876	-3.98250367889641
-59.955381690153	71.5240776749672
0.53149972128439	0.00483523728035846
-0.388959462310194	0.00585172761417941
-0.17660933177831	0.288539326929584
0.77383168385671	0.521846546919509
2.67547225142453	0.258619316931769
-3.95568316648104	2.12145110450808
-3.77292617467265	4.87215814827182
-0.170250284661149	-6.41632771110432
-6.61054187882876	4.76357516946194
-4.31574152594542	4.57898600003202
-5.71569141662705	-5.50378113813785
-4.96639808521852	4.96368065187097
-180.964059094417	-21.8741053818001
-313.923299046043	-60.950981453978
-240.350680615912	89.3381115613449
-0.0753324360708378	-0.543544323907321
-0.0105292600385323	0.397820679658097
-0.430197733532048	0.226497839680766
0.0129278821318584	-0.354017622277602
0.00630343435059761	-0.412284945914655
0.36931419508046	-0.412762784425703
-0.152836221757055	1.60494786733004
-0.25950810975434	-0.761837030927684
0.781111172811881	-0.907938668235563
1.18995399663975	0.709177997553385
-0.472001420409486	-1.10029341523234
0.769824387633563	-0.288443335133001
0.849877090526318	-1.69639964565888
0.840100093480192	-2.57813674771004
0.678542728834211	-3.36595928077609
-12.8064946728182	-3.36326309439061
-0.265557859349951	-4.19047311416514
-0.95132584550115	0.897676774855556
0.127931795532337	0.271921516785738
-0.142974154830692	0.345985792554542
-0.273753692771334	0.469393049154649
1.95286556403261	-3.79838663288358
-1.14825160395685	-2.05236184018556
-0.374650666571169	-0.951765376906094
-406.699678160149	-235.279366143031
86.8971141279073	-75.6232684306256
104.886421948722	-49.1735181441905
-2.69692076242507	-5.61428635708437
-2.46667053951141	-2.11049579422493
-2.52199995476613	-0.790505400465339
0.219989096101855	0.170820040291701
0.46548130952966	0.119722105372483
-0.184496405563352	1.04494683033773
1.25578052607129	0.448037997436998
1.51612535445411	0.452963489759315
-2.64593497037067	1.07750546649155
-0.32343453242277	0.159670956366753
7.44462298356126	5.91868093407151
1.36751547669607	3.7941750332651
-1.03633626367671	0.154158734766445
1.58534774885179	-1.21906541577235
-0.566768808392235	0.0278898059003169
-17.2035964599051	-24.2208352773976
54.0213708486932	-54.899528985826
-4.4735592793711	0.836205283391409
-1.19388084772121	-0.221662106517257
0.763489514895791	0.247879230842978
-0.46113086182212	1.39562961314596
0.18470672676747	-0.64725421524175
0.126592765050899	-0.747794464688122
0.0245820156359522	1.00129918790922
13.8227281377586	9.08011962343233
0.581953560587641	24.1676903648949
1.85105446879745	15.570922459584
-6.02520766003751	8.14602896471236
-0.899270688425511	-2.90945952472561
1.45926759572095	1.64326970398704
-7.50816323251846	2.01854988042786
-6.68710190456413	-3.71515909864319
-4.01042358379767	-3.76698423484462
0.763574891921364	0.516850582285995
0.538583308641103	-0.766492443115962
0.0264808010239054	1.03061441894353
0.374458566265908	0.181413567300741
0.183540551949253	-0.481694045418365
0.128806954169584	1.20993981470695
-0.0872117389267118	7.60117398235701
-6.30099804981747	-6.51212721826076
-4.09897429672586	-0.541796233458068
-0.19978213473626	-0.129121265491642
0.761168958214283	-0.88691112322386
-0.341578497473114	-0.0664883429834379
-3.24983141612849	-1.34170102031432
2.7936697541218	0.947794547657918
1.08880295071791	0.0717837880506636
0.887402562080787	0.324728465684668
-0.247517257870065	-1.50974958052644
0.947077879006438	-0.337625301303777
-1.11558463376425	0.539020728938417
1.04229212152874	-0.869763384139562
0.853810947348374	1.7530021386502
-7.90085340639195	12.1112423178041
-16.8900611383059	0.233581023627385
-9.93139082142094	0.732223731076752
-0.516108747856159	0.0751089976867141
0.150148161113935	-0.668396041669903
0.567037563648633	0.786748356268131
0.301078336137885	0.269248203241355
0.182974026701566	0.0662888954747395
0.276203619024137	0.0303851328070903
-0.0403415019505217	0.876899179065291
-0.130911704002747	-0.525439768161771
0.0446168895697011	0.0289958323806085
-2.46264424963655	3.06101306329765
-3.74258838051049	1.79659239364353
2.42879963883416	5.37737268847369
0.188827220253731	0.602884735466896
0.0901679685459604	0.843103367254312
-0.448363590047155	1.46501702751006
-0.036344059769528	-0.0599261398467892
0.431633310234141	-0.169777653124503
-0.0642784969783018	-0.0342316730034588
9.4450663741515	-5.61963428960412
-1.37934363040459	8.52079420552509
16.9401635504731	1.15335322132784
0.45438834962217	-0.388251534641462
-0.338803911220005	-0.359418215839703
-0.106815708052638	-0.0609440464033485
0.407410556516495	0.145337439499275
-0.114707457853951	-0.535084314890841
0.669568619737577	0.0892575584132157
-6.45442625234659	1.51478383110865
-5.3474032497446	-6.09661183610707
-2.46106645590122	-3.78562180219603
-0.435404411741321	1.47014204053945
-0.377654166774471	-1.7065823787931
1.62306307374248	-0.0700905427407148
-2.30116030528866	6.1290433736067
0.665770019338884	1.78194193836196
-0.224079710335749	1.70453668466906
-1.95925366280602	-0.469282673193691
0.0763821971283143	-0.830811400892681
0.188637067514606	0.952305461402196
0.325329892729551	-0.178814659690881
-0.141183304981039	-0.915726854243015
0.22642145248273	-0.475359926158657
2.35842761879427	-2.35388187229361
4.28335530196436	0.870357475209421
2.76151682269158	0.318441036128526
-0.316224408411243	0.81732328504103
-2.72003085863639	-7.97245318611435
3.97173123997457	2.69939320871513
-0.423374806135965	0.107840731399463
-0.382332299339873	0.191405717062754
-0.874916093070561	-0.055832926287519
2.69236970821071	0.642324945336059
0.674836760504615	4.28866185977178
4.57142978535774	1.05255204663755
0.0260117914279946	1.00777740333625
0.066430635358005	0.291342066625741
-0.190635666087001	-0.534750246281383
1.59092981596566	0.249794817053567
2.5104151985204	-1.69489229745486
8.88393482309215	1.18833925856158
6.25872156835412	38.4593394635568
12.7286747144323	-13.8936245233822
45.3275564684666	-80.6840459421793
3.0331638819751	2.38538130471952
4.60113730522025	1.30557581618149
3.10476943819558	3.6134189644903
0.585054534462669	-0.950470060488143
0.436932892181194	1.18032036544668
-0.487799536937112	-0.680845045591238
1.78165780559797	0.754353823569815
0.475255860963447	-0.424259292025714
0.85253325387029	1.33450433023001
1.9176136414208	3.36888836817899
4.04502712954362	0.672526150629318
1.18266645179911	-2.26175785701496
-6.18937180347909	-4.86152688282298
1.92842008763143	3.91390576165242
-3.71730865073848	0.575627961183806
19.9536750076041	4.86914650669493
31.7442226411107	-4.02190909711695
24.9783621652966	-14.9165790734678
-0.107513229001758	0.115308323597306
0.799031890586832	0.911333159406469
0.104775306080863	0.0451548935729443
-0.253524223749569	-0.254257410637846
-0.281928775489638	-0.608285758567127
0.232776714285488	-1.18233542110746
0.0972040845746682	-0.374817981491183
0.274947740236697	0.130342327903255
-0.5461646239944	-0.492764688212383
-0.561864122815066	-0.0200187923083838
0.583759938236562	-0.00904378666773336
-0.733535535344599	0.52820052312247
1.08089329120301	1.77708251769459
1.29144252175946	1.75290393849233
1.60734298703048	4.39421327044344
-1.43627460916462	0.620773832928225
0.173643148115968	1.44527423967647
-0.827074723121941	-1.10321691887266
-0.527161062549489	0.112837008759608
-0.0425745806685709	1.03787436375638
-0.177331006215816	-0.192717010578471
-5.75574363322874	7.88009665545226
3.11203944060267	11.7233056318209
14.6933115652	12.4780802966814
-0.286733578272433	0.120364168014758
1.16283187246226	-1.22063735868808
0.775327676195744	0.214667334182867
0.672922644571993	-0.0293406249313576
0.0992365714642591	-0.411650922424904
-0.102880634389293	-0.389315775411448
0.0618278096147002	-0.931699741280043
0.545415130632159	0.530117188278477
-0.632058269420511	-0.143218298090103
-0.00437904225061187	0.496261511925046
0.436097406560079	0.812098734656714
-1.18344982278274	0.355285575117067
0.448037507555334	0.572810077891015
1.94777510589466	-1.76621624039651
0.830353152551774	-1.72882694119525
0.221197347051623	2.88562057489179
1.02079818953946	-1.34349382752299
1.00410835171787	0.924342981284394
2.59620118111162	0.150531551378744
4.37774578255646	-4.90883974506341
1.30431075126915	-1.23177756570788
-0.456566301127127	-0.51497080543465
0.395218732025764	0.124978670739432
0.187596972795945	0.547103873917924
0.732930989487016	0.428151190713053
0.320581927438962	-1.50828488490989
-1.03128379284717	0.815265118597731
-5.13163481874105	-8.59448511788267
-1.26828361348557	-4.99230288856883
-0.847806131393381	-4.79910146274675
-5.44515575893153	3.60676985843719
-0.368523091698255	-1.10614127263492
2.17648482184033	0.450544887883309
-19.8854165530652	-11.1240547194216
-21.6315204302892	-13.7186405653027
-21.2256732012425	-19.1162880710123
0.153015801012824	-0.65714236134168
0.675770963334973	-0.147428777478662
-0.137923346897499	-0.989719223793177
0.698725918022683	0.370751734632089
0.0220799098873668	0.334270854859133
-0.414896591977808	-0.653546569310766
3.10547872180905	2.51490951051964
23.1176197509578	-68.4192726056462
-7.16387093206775	1.50907415285329
3.59344113976458	-2.47236129937489
-3.3963778020695	-3.8599210051294
-0.959742506220442	-6.59370169861184
2.53544363470099	11.8948309114117
36.8187241379373	-63.9463694162699
-5.30283201814935	4.398772439337
-0.185972963966271	-0.307265944860621
0.0153634109971592	0.699845164224423
-0.0650249093342459	0.650113927584878
1.07071137931865	-0.765884208057298
-0.0687509033811927	-0.829047753976359
2.06880602440387	0.808422548270388
0.630422977159599	1.55070012760182
2.10243464486946	0.221568046313887
0.584300212479094	-10.1414084965961
0.657169021915634	0.00485004371330584
-0.263594680807016	-0.161248669373133
0.267503284122794	-0.212947696895094
2.40798035699447	-7.54621056852208
8.76287377128997	-11.8874673891105
10.2801979906253	-52.1098917854876
0.128217894206523	-0.680501697207563
-0.332575514150128	0.347718275002176
0.169052014229835	0.565145062292089
-0.938768575931689	-0.478735968142881
-1.46584255643585	1.81898050754801
-0.787102126006643	-0.22845446316096
-0.576187493802505	1.08631498794778
-0.82614549353498	2.73845689977721
-10.028338416842	3.24407951400753
0.467945297888607	-0.510424224480017
-0.31760449807028	-0.111424724506938
-1.94913117866653	0.346551881435108
-3.23303006560722	-1.646742686116
-12.3808440871124	-4.72908745433131
-9.77707956846374	-38.3671169429586
-0.811224939694253	1.01375764166077
-1.35569771428362	-2.23785311430826
1.95748078893518	2.86606817065863
-1.44369846882685	-2.23659075099992
-0.468475658112221	-1.26251919765135
0.42275010779434	-0.00644544734767476
-5.94341664707787	18.5695792008144
-4.50292019609835	2.9572969040359
-3.39351535026574	2.10610756955152
-37.6025152770873	-226.312944149581
40.0325856550486	16.9339975229028
-27.0804614575072	11.4822250387639
60.5746062824721	127.066452994429
-16.9522919151547	89.9131241957628
-25.7092471328808	79.756800782034
-0.957992066697903	-1.23976503156959
0.0844972135324283	0.432861060159
-0.195311051399566	-0.786520836214699
-0.910346600407185	-0.0408944686373922
-0.294140315351553	0.937210698953561
-0.671395278697776	-1.50486656989421
0.267691467549749	2.72640655035909
2.67091568257155	1.33904923893888
2.36228935646368	-1.90502451846502
-1.55731796535123	3.08810679405244
2.30650572217654	-0.356066189289023
-3.64313501137444	0.0958003736572639
1.00138577867325	-1.25936384101053
1.89164501852769	1.10300472154051
8.1060345109204	-0.492652633121824
-0.209894149339169	1.45872145436554
0.288331973808687	0.591448402280849
-1.17000136397786	0.0962584014042311
-1.16997953112207	1.24648743653468
0.219184115756204	1.07982542935307
-0.743226837274231	-0.787609382862228
-10.9726177962825	2.62560176465103
-6.24652430250273	13.1533361700203
3.447454088821	21.8230729175978
1.15941397468398	0.596594047803569
-4.85115495627072	4.63034533359759
1.37318812774034	0.434164342524277
-0.732306205771487	-9.03827520662304
-7.37432296891531	-8.74957254848937
-0.18366492907869	-5.9393858484945
0.332769463459867	-0.0304044049561501
-0.162494364230331	0.105589650721516
-0.0287752268798623	0.0881926527842819
-0.0851899632635876	-0.593132991086806
-0.691348361703468	-0.141167173173306
0.349182488470687	-0.0799900770704504
-0.498988030804381	-0.801352706470268
0.973026726013498	-1.91883866575273
3.77910870838056	-1.51436337600827
-0.866688417952511	0.0178408982615072
0.27426814382921	-0.781882266033431
1.88016637200559	1.03798657537518
-3.56077121168098	-3.68877249611724
-2.86220963980916	-2.87797374252037
-4.10058985272083	-6.29324582327568
0.784713564084266	-1.55750885241547
-0.441787825753392	-0.531513949196608
0.278848911251961	1.44286272326045
0.420584804650322	-1.24395722319134
-8.97600195510752	-2.06542908548725
-2.44336130692271	-4.84354621795919
0.106889937514025	-1.13173161657114
-14.7860674199419	-4.78085914537073
-0.602603181297916	-4.14940488279563
0.408749388399831	-14.2042491297069
-1.22171698895384	-20.0920534137086
-16.4712633841792	-10.0282465094356
321.468836673147	299.323700774454
1470.41067626615	353.043947689885
389.671240953428	462.980108129838
-0.236615816118072	0.247825044299946
1.14504520063899	-0.441892474904638
0.589985137621818	1.22292812382181
0.256414617090144	0.711560933772258
-0.894768304083722	-1.19959690083162
1.25975556369317	0.136425381605334
-2.25459464584411	5.57792026034586
-7.08948811313122	2.36995322640731
-3.76271663203873	1.25631310973536
0.71612720723145	-1.16400594692766
-2.25585711456227	-0.186975353936729
0.830682495829209	-0.415728678343182
-19.4848695335408	1.39754789646282
-5.35965228512656	7.87693337817044
-11.4225144684936	5.58053946276419
1.43548715123562	0.336970386817672
1.1098296101963	0.123370977427673
0.70451962652661	-0.476007008891074
-0.838453743277587	-1.96114469143776
0.676121529929598	-1.02769417109386
0.461013781653173	3.75912282809244
-1.843783113584	0.602195299035093
-1.81787833936638	-0.601008843343278
0.496568201933592	1.02178499857191
6.35843693582094	0.756318306710132
-3.7062196943795	-1.88931091051336
-4.30899848289053	-5.74696856982981
30.0687440249344	51.0457335055577
39.3388683657037	33.1796393246515
41.1604462082217	17.8459131021747
0.298283619081832	0.0357579148606952
0.0390069883375479	-1.08255324482142
0.866248876249503	0.366479750592822
-0.448971708847602	-1.26899613243557
-0.965677789694321	-1.0361201477284
0.680760876207369	0.191684438419163
3.09152558189696	5.77749116443748
-1.77030836762308	7.32622482822095
-0.727250232149408	4.43798981990852
0.409972477863044	-0.458151889697315
3.22878566385505	-0.2505320802059
0.46450276947493	-1.00835216597653
-0.920892398811064	11.2648381166739
3.8993603235644	21.2295590657253
-4.07619974201123	19.6044739777393
0.391273767647044	-0.441009958343474
-0.197462354063328	-0.32563589169488
0.310682550408138	0.414122302194572
0.349843427435008	-1.405789843723
-1.09020889824864	-1.04122074158917
0.723366148223032	-0.0397039289885996
2.7230868517798	1.5919222359478
2.55190150362288	4.25201086491042
2.29813221512797	3.29140765669876
0.731643214074268	-1.20011532182582
-0.0714437622341804	-1.06537684521084
-0.523329586555326	-0.377141726354049
3.31005102201638	5.12415513581859
5.63127897320579	5.98393596706951
5.7012272441554	8.3190773028205
-0.0976900215672106	0.235549813911263
-0.418761128413496	1.69410252728237
0.617049670486703	1.08733073727243
2.66382420767637	2.66036069968832
0.0816968718649151	1.3357399006727
-1.18349898964403	-1.19824811414637
1.11377541705905	0.42217194562569
1.76604525431888	0.0406407188121278
2.87405746520743	0.0910336967570303
-1.88612761087292	-2.9889364899455
0.0491280488434304	2.00825595589952
1.03931308918348	1.42151886929848
57.0902790872695	-27.1897475227787
51.4565361508761	-13.0911500049179
31.5705412151807	-28.4687027149501
-0.318311851354293	-1.73442020393685
0.354512459146548	-0.598312562958484
-0.0170425352495807	-0.432679684806823
-0.232901177049691	-0.875237597928135
0.011030329009914	-0.634776486218462
0.520501895432287	-0.441297104208286
0.409281214039063	3.72235282697768
-0.0706339108228853	-0.0272420021269464
0.374894693025046	-0.455647617395248
-3.46003916242709	4.6017304140629
0.805340330606084	2.73455783970018
-0.897730097288149	0.0832742290502224
-0.332548206908531	-0.111144531547106
-0.370710694575446	-0.153396675555173
-0.410051841595432	-0.171606375008831
0.175690482150616	-0.387939146677297
-0.341433199713802	0.485092000753269
-0.278492509634965	0.940546540279608
1.348692364934	0.515620346645138
-0.706171199381717	-0.912053277514606
2.24190964219366	0.800559709049566
1.57709957770969	11.0760745240273
4.55555763195755	-2.48670466099706
-1.37637812110078	-2.62418716352758
6.02475000539716	8.78713301840117
-0.495993466740737	-1.31375561537628
-0.138624890958983	2.82346907019032
10.9647340167652	84.5194557441322
67.9940960787937	-27.549406630809
25.9613882610103	-30.9619701684745
-1.15357618787957	0.110999474039042
-1.04302358417131	-1.77620741861553
1.4405818403458	-1.69870475968281
0.551511904498684	0.287102439991967
-0.662127962950068	0.741553926264938
-0.491545055450775	-0.495925667325437
-0.14538854839288	-1.22636694802682
-0.563538580566013	-0.473000882630992
0.566347199399409	-0.79040414929606
1.29166045914122	-0.753758773083878
1.70342816399264	10.2929525365372
1.23708876666026	-2.20085131925324
-0.880691482371268	-1.32995434666663
0.760626882070794	-1.53588659481022
-0.737880686462445	0.180768693232517
1.20584984124385	0.819952832440761
0.850925404664405	-0.456717631215311
-0.53281892724323	1.34511890333379
-0.191368034906772	0.0346457237477353
0.583042417344781	0.538140537672476
-1.60084030816629	1.52441915425631
-0.187361536730041	2.32018060823201
3.05261372175841	-3.78552488028397
2.26431655142738	-1.13814458458501
0.2426183518282	1.53980045416148
-9.59751089979074	0.989839376207225
1.67480665693938	1.87844186752431
27.9508543007167	1.5010453918152
1.56382408258992	-15.2875920547414
11.2466154034007	-3.75519401280646
0.744244114092238	-0.466953818697056
0.777955897237093	1.19081509138757
0.822252912252279	0.535725713303785
0.509711443018976	-0.523433187864321
0.860484031143377	1.22584235356743
0.484517817375198	0.279589932370613
2.20823714712323	0.777469818188752
2.05662110100857	-2.80760517661088
-1.32568438480202	-5.67558561042296
3.29256209400333	1.99990373338576
1.21664576822145	-1.2229760434872
-1.35387310331629	2.5032590217595
11.3315914841185	1.74131339228983
8.40110087930804	0.615642816974499
8.34663810776312	0.318778714488832
-0.275094196020772	0.56379047833434
0.12028841625423	-0.822280449418884
-1.00789481311399	0.984433236608388
0.0221762805749459	0.661976468695378
0.214311493820033	-0.683449793998648
-0.757843981636593	-0.578095610004285
-1.42429540307362	1.02769312119979
-1.87771474215957	1.63353499634213
-2.00045276354865	1.90524194110457
-1.22726609118347	1.5486729263968
-2.12769114236367	2.56198068862949
1.40144512781161	-2.24023184328899
2.09665378238749	-2.69245714184919
2.24877063525759	-3.45733503743115
5.03347919186865	-4.34847403952446
-1.82117279470057	-0.191246929806152
-1.1759406262346	-2.43262521635479
0.829037407539551	-0.800841524357399
0.12950605661667	-0.371107229638355
-1.55581952244232	-5.09013707023623
1.74622565210438	-2.07025072756629
6.62314915618867	-4.73761516051625
1.07621005773122	15.9876437450356
-0.350128345574783	1.37206818385384
-32.9407954944576	-20.4132099801618
84.5416852769326	-58.5091489407988
-36.2361030374142	-5.75453299359594
-109.896813521401	41.5890237197893
179.270093581798	369.085342453379
-143.51807881453	270.039540140864
0.73815469947268	-0.620827986070091
-0.723683259840217	-0.389150406610156
-0.323567360860144	-1.2189926784785
-1.05206125468478	0.812496420356903
-0.245624466560128	1.01578930054671
-0.330798036537563	-0.0529800412129723
0.235660942261472	1.18623905360226
-0.838420951263705	0.123946758821234
-0.091697308527313	-0.0107573236986774
0.0141152342946126	0.214086218460523
0.0549439958705862	-0.429295041636737
0.037630190083929	-0.379685791034076
-0.191993874501297	0.816583012782697
-0.533629300340774	-5.61132643830895
0.852968969947153	-0.981309003516348
-0.136972470125779	-2.20963569682258
-1.14497252424093	0.910662633551539
0.122292191858462	-1.41610310814001
0.503361389206769	-2.47150809791463
-1.69140662356714	-1.27693249320761
2.27066028110236	0.244119696396038
-0.452414968244571	0.842913780385514
7.24707946331979e-05	0.997363143324513
2.35510851796175	-0.0493946681600525
-0.485073954783578	-1.59819432362377
-1.06566590636552	2.13191977992971
6.85477202828878	0.667999377873917
4.48778429525408	-3.62508859781628
6.06717760518767	-2.46057380437164
12.6218244045165	-6.5955864908943
-0.420176247877807	3.70484251392851
1.70678595971095	2.84814166006204
-0.178210219471544	-0.948296320797856
0.866518843154347	-0.484091160344003
-0.340488566908015	-0.46750753231987
-0.240167311817119	0.429928032778576
0.761134119201223	0.570607094163195
-0.654294892121728	1.05986424736751
2.00989901086702	1.08059522388653
5.74629340026129	-0.362945745518269
-22.3490450680739	12.9872259526736
-7.13566823583872	-20.7341920840342
-0.0624164238647019	-1.95525797981204
-0.370599297628672	-1.92218758455035
-2.0711900634787	-2.90703375503782
0.402664255107162	0.267931835385478
-0.681448261242753	0.0331797936707332
0.243905358417214	-0.126708169511061
0.444405264969627	0.870541893287661
1.01632841915192	-0.0433002811915835
-1.30552925517151	0.145220113898546
-3.22365256514088	-3.30427433072185
-0.862459133908643	-0.972402825347328
4.17769112088968	-2.96635181820727
-1.98591059609132	-3.33222438350635
5.94471863568329	1.87374457254776
1.96540420890573	0.534802699759171
15.208612283193	-9.48116828900904
21.3827220386407	-18.0742497588235
35.8831243543037	-19.6969078949817
0.0805673276088221	-0.303002910337554
0.849237518323987	0.836048155812541
0.140805713592456	0.108253464201113
-1.2000328181135	-1.55156869221347
2.0122959468546	1.14775511121048
-2.49897114588971	0.276529645675724
-0.00977763206146316	-1.06343403304858
-0.242984258705894	-0.971740081698878
-1.12377648250146	-0.82964413092188
0.089904939968534	0.643021045698592
0.733286608980917	-1.01922885624237
0.78475189735763	0.440102770861967
12.0042498711862	-49.7817201126653
8.11368278664609	-30.9566110711752
-9.86767946618092	-24.4453359346653
1.50348575103133	0.381442003871323
0.104300011297221	-1.62335210765034
0.164010087786426	-1.80633366640999
-0.449374466752473	-0.2958150952172
-0.968946555117142	-0.177135276581564
0.325590997374831	-0.0577110596665314
-1.77992348126328	3.791114244635
-4.95590856484784	1.83591933322744
-3.0661994163179	0.383233806174
-1.32722652430913	1.9846841358232
6.76390508313184	-3.60725173066472
5.16939114906141	3.14213480194369
-2.46031037790054	8.13963655405855
5.91979853533847	5.69579575470276
1.35938654882291	9.55967083578423
0.689372188625735	-0.614900348017897
0.540512931728305	0.733291194229319
-1.33751485316347	-0.191677369543583
0.646359930512931	0.110322190761801
-0.406989857209429	0.624549276944273
-0.0395421053770446	-0.304057606178588
0.748036899876358	-2.03181627591985
-1.5251106034592	-1.67078639245027
-0.720213219892524	-0.805198345532241
6.39620336034313	1.54108219629932
-2.03281920585958	-2.60015973436294
0.998998757627831	-0.988555677356536
-2.21211417511466	-0.712591404543857
-0.95695343431186	0.164333961000715
-1.47318355246958	1.90080421031919
1.08310569047906	-0.633423867131278
0.195282513022344	1.2340775774048
-1.11457208078141	-0.260101727178499
-0.429620051543446	1.38373620985274
-2.46314102911549	0.0233482531153929
-0.329353358011138	-2.25071565467451
0.865158311064476	-2.3146650715936
-1.22055269378081	-0.0125305665996358
-0.171316916325071	0.0689267923652544
3.80633373073783	-0.44308392709507
-0.619823809558665	-1.33871956259729
0.565076923069732	-0.312257248650417
1.3711473805156	0.585853609065199
2.65671679614849	-1.11181856453308
1.82779943028753	-0.273813038401325
-0.562940371362769	-0.257261891082898
1.22319380721716	0.779667300677313
-0.668376820973649	-0.515180375129387
0.528151188093954	0.348806382038595
-0.516543371930208	-0.0829187698232139
0.564680575410586	-0.603257538132461
-2.14144062159902	-0.125267631728607
-2.38860993106783	2.49329483011741
-0.544388839665544	-1.66691247277008
-0.641180365898848	-3.50228380947298
-1.44489207216921	-1.72819524112896
-10.1109218281982	-0.11499030047585
-1.51057020674305	6.29354983289379
6.06915368694585	6.0892898641893
-0.171622455572133	4.83290234370664
-0.276987929301613	0.102047438097071
-0.202047705492329	0.42395444420619
-0.16232952401709	0.567786278822
-0.250518383777926	0.765919689780819
0.380291263460318	0.431858313898732
-0.168557981553638	0.695428518222809
0.0176399240755933	1.88750861243841
0.358939190605533	0.171996892072707
0.89046780106366	1.0081862993131
0.398306783555204	0.0719480557251293
-0.545437306847639	-0.816079911816409
0.46890237769689	-0.0815178090309211
-0.298353485440978	-0.514629174568233
-0.872705537338492	-0.651225703139333
-0.320346113372319	-0.271159415143074
0.650934292787159	0.390113844780271
-1.08732553914327	-0.571728380918683
0.941179984485482	-0.484778200697349
0.028546367232202	0.011791602486739
-0.279301159068272	0.109575706869716
0.415838811692958	0.368577336243801
-2.4966946082287	1.85654237555887
-2.26746794993028	-1.83027638117277
-0.790732023879188	-0.945751442503423
-3.78052158228218	1.2048312911162
1.25408737354589	-2.89493968717796
0.564331998340206	0.801978481770084
-2.6080342109313	7.0056255695621
0.722523291842234	3.11273258420381
-0.236020614286425	3.89942437510176
0.20604080476622	0.506457424871738
0.265901448202613	0.0300382305729181
-0.357091134594345	1.22546723601737
2.87674613823596	1.09011959447952
1.12085407663716	3.5371726300832
-2.68568545916852	-2.41057641180981
-0.799034434398233	1.46455579059221
-0.137880657400469	0.645738312305077
0.632541587999369	2.05823054483562
0.277227493916103	0.391351247815934
-0.885678195325092	1.26036435412087
-0.30768691635576	-0.314230464012727
152.430469248992	-87.0315517374716
83.7782895915423	-72.3817692536825
45.5533572064185	-93.3207224233639
1.40794629264717	0.522648913225227
-0.280972999464517	0.82005393713595
0.695146246378347	-0.0914248251164508
1.76685542967441	2.42452289168861
-0.788254918523093	-0.956942413652273
-1.44400126246227	-1.87437476904932
-0.110577837701068	-1.42472210366635
-0.486374473616996	-0.52817925103771
2.01835144907664	0.664829999198853
-2.58677550001505	-2.24771682778426
0.531345163943779	1.0723752756344
-1.94783487676995	-1.58068868126455
15.1207008659547	22.0993527501908
37.2594291382448	31.8451024360791
41.4946499006121	1.13640902842523
1.44763366310135	1.70677089907311
1.4554873918772	0.11995184943639
-0.0835963558319361	-0.0354214812260729
-0.485392617204771	-0.399607226361947
-0.590509682311792	0.104281836190522
1.08659951305746	0.844835774274949
-0.728033514975225	0.75144775031781
-1.00968092725478	0.924355291484874
1.30840241418897	2.48732396802554
2.52930370429451	1.16237941375939
-3.02857348120112	0.944841537357801
-2.70061089744963	-5.17394738628666
4.0272459075694	-2.07174810753703
3.95257212043137	-2.10778994743908
1.63361872248761	-1.37835391233883
0.492351588604685	5.31811335039334
4.63696547056239	-1.3398700808274
-0.850169894477549	2.58047150049905
-1.62217104338939	-0.120635188093094
-0.350826762753422	1.42152133233472
-0.319384219471174	0.418932425708039
-0.478122638471331	0.537278445152571
-0.302387580574309	3.00037953872844
1.59911219019442	1.83710674451746
5.85803740382734	-3.04597801203239
-30.1630646818674	37.3312246934567
4.72216059489042	5.0566015413198
3.56825079875374	1.9595999563887
1.09406871123298	-2.93957382466406
-0.380814034551417	0.944132555555212
2.17625163464835	-0.752699690904632
1.50794066861506	4.10027390589335
4.13047679323423	-0.559203975801503
0.022216497446552	0.422536819074613
0.273783165856534	0.350634419273602
0.406875402416617	-0.606428761211024
2.68075678755486	-0.54015715030682
3.04114569083518	-3.4128948907036
15.6227665286846	-5.18715610792285
14.8654190862179	13.8786836964925
2.45848686203784	-8.14784529078037
-36.1569160566934	-55.3145749159531
0.644888200952213	0.735923731582413
0.776334756153889	-1.50692193038661
5.98570456047732	-5.27947523199449
0.79285722396825	-0.308337440680004
1.26368365905491	0.507885841864641
0.311071629418389	0.211717711580324
1.05061521765408	0.0757275527195368
-1.03257855693051	-0.173506826907352
0.129086041044673	-0.997768235118795
1.10360960515574	-3.32905998827179
1.65589217834979	1.04077042054215
1.73686857079308	-0.902307288085665
-8.22514620664682	4.20130608094349
0.875107225973679	-2.76936145183389
0.042017287110273	2.57847263128232
1.73890695438955	0.203752108921208
8.82714926239621	3.08816191778447
0.401270925014107	4.72097163006055
-0.119708211112348	0.389979539278071
0.500482799919653	-0.418245561521871
0.703485765255706	0.750327820418567
0.0207189109786613	-0.132801812688894
-0.113473499924928	-0.655947957495946
-0.015888208366908	0.063128987891476
-13.0725561424809	-27.3224341295881
17.5645531691157	-33.2487765476563
11.2445764521878	-20.5786763603555
-7.88799008260767	3.64781621560075
4.64415331649561	-2.46398989720261
-1.44703125490009	3.21862936106492
-2.72644189355714	3.16456202661908
0.891746241083244	7.70407017101518
-4.42868357888762	5.92230111389503
0.010464391508004	-0.680181657802771
0.876737525011894	-1.99154182298508
2.09684696940356	0.862456638946889
0.924493601845668	0.441365370294899
-0.892431217454576	-0.472594180827227
1.00312998060879	-0.235083417651474
-6.12221114402657	2.28206450443362
-4.46205421209467	-0.0270005307831916
-2.6872827048719	-0.641046562493593
2.81112627299652	-0.543943975509533
-3.44129113094151	11.3643206675567
4.01706660303442	-1.17722476125099
-18.3252553859158	17.3972128193043
6.69097489864462	11.0658196819095
-0.225337091824224	13.2601536819053
-0.23042667625445	-0.547314707072638
-0.212596574308498	1.23867757645964
0.436971545913576	0.690109595302185
-0.32175598593955	-0.0428003597654663
0.00541686803268728	-0.745176245763273
-0.00909122512206411	-1.09080088140523
0.263156361078262	-0.185516850817932
0.0346530024931115	-0.440118355180504
-0.94652417611296	-0.184884375272525
-0.625964882106758	-0.231561263378835
0.322463436132283	0.457712077536231
0.719171588445004	-0.105890359644609
0.527953237882432	1.46869498323642
0.490325459080637	1.74744730203385
0.84327501487485	3.52571115996051
0.780719743448967	-0.156394752844227
1.53021395472339	0.73735706833901
-0.220517067955875	-0.0283216585844127
-0.700345996323072	-0.580801745993075
-1.06145141223738	-0.499299427424025
0.390122072478675	-1.44370433294029
0.0316100347746305	-1.19419301593794
0.302701119208629	-0.310665105580227
0.102919807868951	-0.141845717877856
0.121491516912945	1.9733444456421
1.14351612308304	-3.72548285521145
2.27976542694951	1.16247625452158
2.67945821818515	-2.13307148987632
2.48860555098633	-3.17040321800255
6.46304547674309	-3.57198480554929
0.941759834719519	2.31416698783281
-5.81728456602998	2.34001206094614
7.05701116387214	1.36256840431986
-0.524872415917777	0.927200601717912
-0.808516112524926	-1.54530990082591
1.5117213180538	-1.97737979672368
3.15908819290066	-2.39947717692736
0.707484712571633	-2.0828897602351
1.43939388331165	-0.584660386519044
236.074850871644	37.8829260905569
-49.7496583756999	-51.3857046214827
-22.0605200405502	-54.702546724734
-8.59535815159765	-23.8838542362328
-44.2661284969708	-18.1999856486836
-26.773509167651	-27.4653085520954
-0.179901407635799	2.21466866994126
-0.0154771489707002	1.00637829370892
2.12960434035999	-0.459407863521204
0.0700299796334553	0.817559302012725
0.483331946212893	-0.525372685168326
-0.276014034283221	-0.868219649284235
0.0879248876868991	-1.27506613208606
-0.406450242697189	-1.62118252756737
0.399057025014323	-0.635425986482838
4.67877057111629	-1.0423603126189
-3.41772326141619	-0.0817967104282028
1.1428188915135	-1.57639199704841
-0.248778980227816	0.759418951642742
-0.318903294557525	1.31903825276522
-0.198328045124815	1.91288255385879
-1.6374966112193	0.0859611019420462
-2.11096526615923	-2.17931486422387
1.5897278065605	-2.2152961570922
-0.270036921041253	-1.27966184487643
0.850815084574109	0.856792329757849
-0.659704991473655	0.104136620468711
0.640262443064868	-0.476493566031695
0.798482078031674	0.17379649456752
0.417589092611137	-0.852072633886093
-1.7565965332254	-0.109176249674412
2.82642187928953	-11.9785932676171
-1.78908368568921	1.38178355883485
-1.78807653110962	-1.72551511874458
0.511214071208808	0.11942416955441
-1.53255570089214	-1.53061468021836
1.47268723723542	0.0142917543555418
-1.87352030343551	-0.00717230946089096
-1.54252670505326	1.30832670810189
-2.7923109878918	3.39894167564303
-0.309683693022179	-3.71027316491421
0.669350244887131	5.22749329119266
-0.435020524124984	-1.24621482679307
-0.713543103633858	-1.00595949285276
-1.55601991342927	-0.338722232672509
1.98251939577583	-4.92534340525477
-6.33453335568587	-4.37371378203698
-2.40876120756931	0.843264429865776
80.2088743086021	229.040981601721
48.5132414132266	133.038077780891
98.5694719294328	77.1968954205926
-1.72039277449517	0.913211629994869
-0.901244669339285	-1.01831647709231
0.147792845507427	0.000689680959207949
0.219561620828635	0.101436416623779
1.62557746726496	-1.37167515626972
1.18463059834559	4.45776421067398
-0.125376572322497	-0.968322686247463
8.20386694207604	-6.36790804273497
4.0353760272636	-0.955628082400043
6.99383576794377	-11.0943365859347
-1.2598990287992	22.6927004684301
5.72117723794881	-9.63789328987855
-20.2921035177055	-53.8276112309459
-39.3731604438558	112.617413175551
-61.1788716031625	-11.3791223286102
2.56157204744818	-0.835103458084191
-1.11051150958291	-2.07686884943026
0.930684511314462	-2.94005370429889
-1.02203496461051	-0.398412679410258
-0.0579771954251312	-0.0164102897582274
-0.213961584451914	0.580919437032446
4.95025882996968	-10.2126901937487
13.8600736855387	-1.17720745754636
9.36327548090541	-2.41805890448105
2.07848206484782	5.85350707304891
14.2365741993204	-21.9710922201172
24.1501714759077	13.8623688856027
-7.00904686107379	-5.38305894133452
-11.3269641578775	-4.92280557891233
-10.8750380177299	-5.84915464063128
0.010119246088688	0.320518417451584
-0.0116423058258192	-0.850372234101302
0.410357762264612	0.453981985928721
0.119105031261449	0.208035832729557
-0.240811739042792	-0.538372777182084
0.515678636972618	0.240268656841867
-8.05015510854203	4.00153780953193
-8.34540102975523	-4.39312082059465
-5.4102581283969	-2.92004958386737
-0.333727396947616	-0.692625152925385
2.29035273806641	-0.205266109097163
-0.185121309114702	-0.280691648771419
-4.81716818132153	5.35563010058934
1.31036898513223	3.71725035921724
-1.74046592518322	4.33921983988101
-0.388160745911395	0.0927817360472817
-0.283537155662045	-1.32590275560427
0.869057592173246	0.097613340636725
0.209832823148283	0.0447673878684859
-0.349284613573411	-0.195806029561684
0.646111205882435	0.212974080419156
-3.2083013941542	2.13333934665933
-4.04183092572539	-2.4701693320829
-1.27893743138864	-1.47125487718689
0.974403463887865	-0.448241381950925
-0.450568852466703	2.97918958651319
1.22742844607535	0.123817914242458
-3.54948800847143	7.81100910109536
-0.0652611481594303	3.54427756000696
-1.00664559214101	3.77202138507606
-0.112633456814104	1.02127714581752
-0.330705626965395	-0.425313401551022
0.0727530423630895	-0.0631275556623376
0.121167677560473	1.28810697141614
0.0151960405600373	0.198127724406058
1.01722622350246	-1.59315367775223
1.76791686975329	-2.59467640805727
2.63088793046044	-4.7698875311382
4.52863578660648	-0.858486533677276
-0.130393712837148	0.144187837226159
-0.0188750908455407	-1.02471734815024
-0.256144620217335	0.164942550544886
4.32584481149499	-1.35233536462054
-9.14047179761063	4.27906591875382
-5.80757175250167	-7.12974155404111
-0.355315491939747	-1.25254292358756
-1.0550349497759	0.624919719800992
0.141860430272415	0.523322352537942
-1.46492752312027	0.148917656702135
-0.0389821536160841	3.18123128941258
-1.14181066896169	1.02286554092424
-1.35413215813386	-4.58853674681215
31.6730657977627	96.390141755579
27.7298262996501	-5.62744705883374
2.14644427220015	-13.438561528464
-15.2300573801093	3.56427737725118
-16.4739105775468	-11.0403800854222
-61.7274895562343	-160.650608632767
209.308746507418	350.753917170587
74.9576768465461	-137.056907821432
0.532427452862249	-0.0596915994784891
-0.348983246370925	-0.00068952428093156
-0.354870690849316	-0.484076819821901
0.64163275278962	0.47769081177031
0.289347390366012	0.793478295609291
-1.4732902208381	-0.404106136587907
-0.0158399583615917	-1.01834033805673
1.13174740107791	-1.33135224635024
0.518157810589565	0.755280164738377
-0.234657301289774	-0.314235911669242
0.823650115387613	-0.274514148832402
-1.57574412853805	1.46028280681476
5.41790997636849	-1.48477354690079
12.4668624868384	-4.3886464507006
3.32268436357742	-0.43912472684778
-1.0500736427594	0.931650313751048
0.116516947968973	1.67972908479605
-1.11068403367505	0.926896900960841
-0.0940605000390964	2.17084881581012
4.71142984576206	-1.2374838325491
-0.173826743851985	0.245244444456654
-0.445111088274351	1.48956082802783
-1.08475370259812	1.71023679432905
-3.58405001414948	3.01448094488047
0.974673591685529	2.00726615094652
-5.8452452583827	0.674961070283802
0.261395358422485	-9.56150812609157
-83.2521010023906	-5.41799803139469
-76.5622648718756	-8.59379007168957
-103.289186693231	-66.9018648573482
-0.0192944850836862	0.234873540258082
0.0956610928105641	-0.552561152668232
0.707376812145772	-1.05791446827398
-0.900969195988375	0.263651735327833
0.287241793859275	-0.341482096364991
-0.0864910625684974	-0.329791588675798
1.04616234015933	0.186622006345927
4.47197611966043	-2.57303644978504
0.00115258406252418	-0.0644128467075523
0.326888023638214	0.838366425458254
-2.61249099738801	-6.15535343734076
1.50946395638864	1.70013705209362
-0.444108437118746	-0.60250215604393
1.43962397519673	2.61029015402095
-0.412627835941176	-2.91914190722904
-0.106350125004848	1.11901950892062
0.0124532970819083	1.14156468005905
-1.53379370028121	-0.15104018875017
2.56564282823385	1.85593756477579
0.158538437339862	1.49783042163755
-2.08370344341024	1.43479898917348
0.463166573596239	5.82941112893413
5.68111520123603	3.75563277808924
10.1957575020959	-1.30822184231296
-0.325229675629706	-0.0605751486190632
-0.209579042882124	-0.353723740234243
1.21078893310117	-0.573454345930177
13.5978934438395	-23.7404482860854
8.2506362588365	-15.3839216929155
-6.0793875837335	-10.6451555812219
4.39130822871139	-1.80493906066164
5.17852397730917	-5.68930516987221
8.25142021315241	-3.61672754521977
1.14668872903786	1.01053730648144
1.41825674575474	-0.0649015724882893
-0.857124350605165	0.949563496103062
0.252512571145794	0.255671939360856
1.41985745383151	1.46889687669876
0.813085378810915	-1.78205616585763
29.8548285529442	10.5076737411268
73.2721941973284	140.403176189045
84.3768347781799	169.20482009817
1.54319775127132	-3.20162721095089
8.83863443490987	-5.35361449128324
3.05816898343145	-11.5117172564232
-3.18956181823078	-0.813295429713513
5.20599874827714	0.482982004320689
-3.79967536637114	-0.0978248989374324
-2.47520637733007	-0.0925127778646605
-0.598765354699592	1.05119888072198
0.139538061621293	-0.659778296395855
-4.9683805608937	-7.26908723421945
-8.46309198358442	-4.85980278637307
1.78763247442609	-5.01569802922342
-17.4510338823048	-231.25328240812
140.089657599071	9.26750855715744
-294.273744579604	-63.2906256420661
-52.5982065263943	51.8770728444838
-34.6938237004965	55.931605289069
-108.04244088992	58.9675987069836
-0.816580358801248	-0.0597918152854554
-0.149025184727914	1.29685655423611
-0.269917875254603	-0.452914777339414
0.896031633290444	-0.00105223438368254
0.21552728154214	0.639531088141954
-0.198016697566596	0.977130342510666
2.98827709219034	6.31859259466081
8.94684224133652	2.31055980568767
13.4996889113807	-4.62584121200437
-0.17394172803435	-0.0470743197320566
0.351974834955459	0.0662173239578177
0.189116302127987	0.357195439054087
-2.66061200023792	-0.875093165434676
-0.949222623925862	-1.12873206932471
-1.19561210018461	-0.64715212575723
-0.301549428421021	0.481028384972729
-0.494233809470476	-1.01983439031264
0.714865246391496	-0.521889851621824
0.0837591932017711	0.654019458684795
0.066724911213755	0.667212251199661
-0.261439477813132	0.415820252095466
0.58624869184041	0.159971083164854
0.302406488304217	-0.440111338627493
0.197192746565713	-0.0168210893730418
-0.17114472485467	0.147664000464576
-0.964822586868023	-1.19860850323641
-0.0500792054353103	0.195893109546545
-0.0815662665315507	-0.0831391900421364
-0.0626164371962112	-0.0821370770064178
-0.0714623760359439	-0.0133507642710793
0.694950272256314	-1.78953530961783
0.388815478080027	-0.619185564053273
-0.707702086750369	-1.67546589015561
-0.177008674833528	0.145897335668507
0.011233357475549	0.386889655050684
0.466894174252344	0.734141452328886
-1.25068187689377	0.978865342822844
-0.258115748671188	-2.46143855904594
0.102996553469382	-0.868335369473668
-7.75261111981954	-4.15030503026697
-0.417444852938978	6.9033860778323
-2.66993009604239	2.48741844611752
-4.51772602168618	5.67322381959522
-0.2674956979851	3.64475129448309
-1.22579266080831	3.67291125044034
0.313158657774673	0.908606422514936
-0.00863723660208825	0.259821903090737
-1.19572597711429	0.44485767133763
-0.410786048251817	1.18071651271923
-0.369761779555698	-1.25321385841587
-1.389978128895	-1.57758357188797
-1.03401814447301	-1.60830608870494
-2.55985563906023	-0.933617869994155
-3.37106880076316	1.41722392736792
-0.215933214362673	-0.579542683175504
-2.32459423368247	-1.46764244932326
0.527191602137148	0.509785090133196
14.286632331154	9.60339241984821
18.8774286687495	12.1725999299702
28.7442155955694	19.9399866182073
-0.315346714689915	-0.338182327408342
0.273136449895282	0.286399035519318
-0.322618168513288	0.189996916978129
-0.10312742538	0.391196035510193
0.440126509227252	0.572837291010653
-0.940901924638349	0.772847937937526
0.747343805112513	1.53022696269952
1.11608516775671	-3.00017263420552
0.88999354440033	-2.3573647256145
2.49168121702248	0.436523850608197
0.20701934938493	-1.92285061307519
1.60074213769473	0.0706014721469516
4.22700140940173	-4.39685951598188
-1.19871737105112	-7.87380019082267
-0.105235990633441	-3.69545951169644
-0.831956610724501	0.683153834447394
-0.73913536992564	-0.710182921120896
0.556433134053385	-0.961405424319214
0.495700033780691	0.43135984444581
0.159236130714387	-0.501848601457324
-0.437494405703349	-0.313117854134674
-0.330749632130258	-1.44943580913466
0.432354299057772	-1.56072234180627
1.71058593823282	-0.421242882482954
1.13366418546663	-0.313497092158289
-1.88657085466796	7.93078537310928
2.15801556572078	-1.56131602368255
1.67710705959216	-0.722064064471227
3.35101832247137	-1.26532996807065
3.43665256367245	-1.81250105467012
-1.41393126246614	4.78501479326423
-2.17147087478403	3.00158290624669
-0.194949715761314	4.25809266523575
-0.205175883484056	0.540579035407915
0.551764574810061	-0.266334361645974
1.25211174733588	3.87371095720419
-0.16976703392823	1.68198567348317
2.23743146491094	-0.961708454590465
1.40074824930768	2.22508943682025
-96.961601480641	-74.0425431804096
-6.15371716408066	38.3361071531444
-106.372558859051	31.5127661166142
-0.245096487821908	-56.3738192661674
-5.09739810951431	1.30514812553725
-8.94370690048653	-48.7375114936215
0.627337451925964	1.14303701427456
0.719817101992205	-0.144395991965812
0.023853731191711	-1.1294386354262
0.125747035441986	1.64204706101136
-1.86750274301534	1.19220208069696
4.03559215521673	0.954120257548458
-0.113013607093151	0.373122801597119
-0.614085367296548	0.494618010174325
-1.02748411086756	1.89306051597103
0.100912939973674	0.451983959421732
-0.516277153489772	-0.779965261659504
0.759279456724804	-2.25761773549036
-8.45272807811774	-23.9637344848957
-1.60240286222875	-23.6566815304321
-24.5797286213862	-9.32457735267653
-0.618509114276379	0.390450478374093
0.552256845409071	0.611548332700977
-0.673270031629643	0.302577369110435
-1.45528937577781	0.305293229000846
-0.0924704690658725	0.519404900673953
-0.441565682712264	-0.0539739180267655
-0.0296971732600615	2.1037949947193
4.16200187841298	3.03439334772986
0.610061616055436	-0.911130351225855
0.786218175270136	0.98494517247709
0.300051555473658	3.41759079276338
1.49825306185885	2.42888279179786
3.4927224313774	-6.30984607827165
-4.94203217165097	-4.83021729217753
4.05970312543061	-4.50837085010478
-1.09459522598292	0.539445622971304
-0.562817290627385	-0.406406418051382
-0.570164727597071	0.805091495281969
0.226499875836632	0.432758733204122
0.274609198768059	-0.801125595292764
-0.260390128159291	-0.446442290064268
1.39328792532171	1.21585331386801
0.980971036775169	2.33585479927779
0.0933521520832116	2.27039132236008
0.723647274548175	0.27067569085305
-3.69498851623045	0.530936605845531
2.52424798391215	-2.05464685115671
-0.593490384099244	-0.33865917580767
-0.671387096899853	-0.210837212080554
-0.96509994163742	-1.002894582167
-0.173972441412419	1.11651157303144
0.764155005728577	0.371657701534384
-0.855411362368473	0.77302387627414
-1.35026979941684	0.788167597213028
0.138600412121683	0.921396426031794
-0.525544686616318	0.0490251675754973
-1.56071289672404	3.12226751686124
-1.34151658818325	6.09677577019815
4.39778719368822	1.15156201346772
2.15984035369338	1.23865558200573
-8.6714490958964	9.7709399143948
2.42874791200144	1.17262919523296
8.69954335061915	-10.3600317477222
-3.75784681769069	-19.3220609284285
5.37809600100832	-5.50239184703629
-0.54391739707167	-0.408105912175089
1.07238382035707	-0.551972482031011
-1.70447399651405	-0.613304205666206
-2.28745873757603	9.39356058627168
1.76509453008758	3.23174186466494
-0.775682716763643	-4.55226859840133
-1.34837209380063	-2.89075035414778
-4.88703290197685	-3.46902923059173
-1.31447934120807	-3.84435282747476
8.57681634627407	-9.13293453091243
-5.29942272624504	-6.79502540671258
-10.3607378366269	-3.15550100831414
413.418111711652	-340.569051097321
326.232289934206	-311.258144334489
543.215738359653	85.1664016408206
-1.69879934213536	-2.49621913880711
-2.30266949975831	1.7476753675107
-1.41668659965339	-0.334258457388468
-0.0816523025041391	1.28779315992624
-0.868890785359576	-0.951917833897484
1.43792772998924	0.10446026930481
-1.77884864227564	3.54322040419235
-5.92798657986907	1.65627600528924
-2.93373012288315	0.355538865492107
-2.84570325093015	-0.920215050529816
6.61005760386557	2.64380161133673
-4.21970959219773	6.01593380389826
-14.2398274400399	2.45258655982007
-4.01790029528135	7.91122806921026
-8.20743730513763	6.02333021429377
-1.62116541422479	0.764340716121845
-0.754959182890608	0.682607772855948
-1.11075489942487	1.04168939488651
1.27704868877979	-0.0178798983156378
-0.0888039423970033	-0.808760687300356
0.178307471699747	0.662911367755125
-3.02820889736006	1.02871842057192
14.7625009163529	-1.84803897773319
12.0065902762686	2.16933049015166
49.4514717506446	-25.1660525158086
18.726588206175	7.3937522301691
-16.7986994988256	-21.2157899265567
5.1368387350401	-20.6264096259048
10.473567024005	-32.8649418167419
19.5486785582825	-31.0805583498712
1.19781688472934	0.304486729925676
-0.293964455994286	-1.44183384049258
0.817067957763113	-0.779989488875212
3.01609122445412	2.092921045524
0.0571999288528635	-2.86276713236233
3.24057807540374	-2.25460943958538
-14.6133161765521	-3.714686823973
-6.09516491893382	-17.3171885407695
-3.3562295105572	-10.5110970271875
-0.406851206978131	0.154574309486024
0.438544416055258	-1.19590844825444
0.154430638876155	0.731983093277898
8.09892430684472	4.95557824214327
2.10148640695813	-5.56766733009319
6.55243113954147	-1.59597215772085
-0.266063446188225	-0.375513117794696
-0.33648012530747	0.976077972082607
0.197161147099458	0.772946997486153
0.816945460617993	-1.04191172180227
0.243086415937057	0.958130725393026
-0.396136993465403	-3.27391759803919
0.918773330994111	0.567144800899313
0.349416447334381	-0.648041586638414
-0.941140184292494	0.335523739163952
0.334793928667449	-0.355601802742114
-0.247500015329073	0.121869323028283
0.482960198957357	-0.104015126689039
-10.5692940960972	-2.327810545654
-5.43929215367145	11.4404741180342
12.7401397507951	-2.70990713370396
0.278104338064394	0.988247456469378
-1.55081548330102	-0.578492299116723
0.861335773643141	-0.756497148873401
-0.997205826295315	0.415771404790752
0.508091544508779	0.336444703966196
-0.0612663214521023	0.239411584881343
-1.01390341538602	0.712914450129005
2.9988845233691	-11.6139976945673
-0.00182593293192291	-0.837719413127431
-2.92355980865939	-0.723574855074906
-27.0248646596373	4.10072772903689
-0.355830212663345	-0.246170102246163
2.48598560547547	2.49570731594348
17.1815703745225	11.1710543478286
3.96047804855186	3.09444153898259
0.0813023181845504	-0.111101845034297
-0.496712847606317	-0.0836532459006058
0.0580977625947438	1.20588349620909
0.260230093456204	0.757417962643542
0.426041978171588	-0.193079019261491
-0.154297108240263	0.803198958366919
-4.1180025873256	4.52089597858036
0.79757310003083	0.0543779390264465
1.23306947183719	1.07277669571492
0.986534210614772	-0.834169784690884
0.308717066173361	0.224225518218707
-0.063123013804712	0.0589797739406334
0.107121958212525	-0.0395953562453806
-0.00666073226828019	-0.225635938160466
0.0487537671228539	-0.169929431937542
0.423943344469747	0.9385439167599
-0.694828547123089	1.08237662204478
-0.446872553146676	0.51480897511544
0.128877432529437	-0.0150614556663757
-0.135710067360772	-0.883975322731428
0.0191598151425839	-0.667354047420167
0.102042306658539	0.0834532285537313
-0.158773456657989	-0.244047011512173
-0.0295902297457532	0.221749849404817
-0.608218205214797	0.651917550796115
-0.78248334895857	0.37880194199993
-0.442083435392755	-0.332469665480807
0.623751092998589	0.401446548708618
0.739052249690322	0.533042565194847
1.35817086364177	1.04540472854784
-0.560241198551205	0.640135740558126
0.0823526193904077	-0.0281138227666895
0.460854016297353	-0.386030055649853
0.140473601089568	0.880913699361179
-0.273538151016886	-0.0219439396678976
-0.0331130404702634	-0.268694368485183
0.230844779832241	-1.87467407704552
-0.740156924202547	-2.31404317211581
1.53499500394546	-3.41994002272323
0.183839913694068	0.452558646726
-1.7436468730559	1.10268262812357
1.19303755957856	-2.70015206121743
-1.04759044080562	-0.932367636867267
-0.739643376974533	0.416354149406022
-1.64457325968696	-0.666017823893145
2.27790160597428	0.651665417602169
1.58675087996854	-0.362044870798824
-0.513643809032204	0.27468773764118
1.19575621213333	-0.672912843858086
-0.433977330384671	-1.06142143029561
-0.0428449745246936	0.530641310476808
0.690424572108451	0.244672393814194
0.23113160953219	1.50202208332615
1.98229940484701	1.32619059250099
0.580166406439897	-2.55790714394791
5.70185789375223	-4.78174573047688
0.318633168584191	4.57702671087883
-0.660414737393782	-1.74050247309338
-0.601593695101423	-2.24414520871665
-2.09038105739075	-2.90061993450436
0.556624909318803	0.521859969024649
1.96294419542478	3.09106531529497
-0.169798060502845	3.40360254066226
-0.0738323220314182	0.261834443554299
0.243882709993668	1.34569043844193
-0.538750751822243	0.43887736315732
-0.126236411784286	1.13537609315264
0.634630738701798	0.520089323423148
-0.085586896467333	-0.781450788582402
1.43401702822449	5.74796335922812
3.22200453003167	-7.08369542208883
-0.873134821236193	0.803143517440569
2.35504825137616	1.5694871472172
1.33307360390443	0.906077286152431
1.47492035705345	-0.037452261298979
-0.233088655913626	1.7420267093479
0.751638488546628	-3.39495844782481
-3.31447249571848	2.46711986625933
-0.184958801959077	0.957535674257138
-0.241807257427067	-0.127052360418592
-2.02940247865268	1.49732808233065
-2.86819657298464	-0.00393767593808549
-2.68031152564843	1.8665374908735
-4.08652978531117	2.98012044213332
-18.3059657492021	20.3962557386787
-9.70836187664179	21.3842210638148
6.4900816591998	-40.6694522655177
-30.5544343481872	15.274085326726
-23.9581718448346	7.54153300382304
-28.4935463188349	9.92149038365842
0.0913859224083593	-0.0741087509578005
1.31541771605436	-0.0274053544074945
1.14071604756909	1.5413861740125
-1.72568648718835	0.581876707005413
0.08671601453261	1.02640714149523
-0.835423444692588	-0.148055552893067
-0.0404633175989003	3.38769868914656
2.06906933289718	3.86814050274058
-0.342475201212264	0.835684668053695
3.87619481403074	-2.71696360125133
-6.30915823875818	11.6517262641251
3.81210270189173	-2.91018962745929
6.77333260660898	-11.3986377721236
-2.5510101382428	-17.5036597655551
9.1928389254593	-18.6665236429192
-0.747612261544212	-0.274139040582868
-1.34831218256553	-0.244359997630469
-1.11429597680036	1.54839121883181
0.117977364451878	0.544895306539774
-0.0226811406955928	-0.541447847070876
-0.208525664215648	-0.229277695850223
6.65019339744445	-2.94523918170711
8.87988705966323	-1.13120535334692
8.25156740648027	0.423042411730319
16.116331597157	-2.31178248722827
-1.98380398223257	-2.74006313918325
-4.81275666700552	-5.74930255149838
-3.23487577076767	-1.13548310280545
-4.71976092941326	1.97927523090924
-6.75144960623176	-3.76351870407218
0.394513838418962	-0.957056847215483
-0.9502706919257	-0.140979739329776
-0.534585909206258	-1.16424133225997
2.70675398265441	3.68535541289938
3.91816112162811	-1.13633319777875
-1.85037103142803	2.19882655742583
-0.235393716412198	0.336364330960768
0.154211239100462	-0.577004036023545
0.418806704090356	-0.68170581689295
-0.0525804395459512	0.131716377460621
0.194672132068107	-0.0249140462139197
-0.33340349688087	-0.561815346196748
-1.11620613898852	-31.3939022414357
-7.27680136705123	-35.536233002859
7.28964883736047	-67.5983542745233
-0.337055152344831	-0.376862322166061
-0.2222536969869	0.851787906890629
0.00270896440833518	0.642639675944494
-1.05036974297975	0.509110405846784
-0.746053946459884	0.90518607048446
-0.661519282869832	-0.232611244843719
2.12503513750377	0.532294288801795
-2.79267186144831	-7.16260988900206
-13.8883165153648	3.13036331067237
1.43145627758396	1.55119886982698
-0.259240529728066	-1.14156604851754
1.56252759137128	0.00999643636546141
-1.30618852667518	3.22286645957135
16.1523467605357	-11.6745572675486
9.90336767407282	-30.9343109831424
2.11672132012448	1.31935517244535
2.1165760772369	-1.05088212719073
-0.25052022967649	0.0119707511462028
2.50475015912723	-0.76171122269317
-0.70487574798928	-2.48390379910144
-0.374855534960124	0.639052351434204
0.34726999882669	-0.106990594469594
0.136450742614385	0.807193454086611
1.29947688991183	1.42821308507068
0.803500474333401	-0.253045040380999
0.992931808810704	-3.50933835162887
-1.13036140888219	0.75719112851514
-0.788182713817348	-1.22523701408388
-0.980367073212515	-2.03345880804272
-3.02438572273334	-2.56852247728492
-4.19034058466435	0.00375157448164158
-3.44963767699151	1.47007799350935
0.13887071365476	-3.89020627154026
0.212296445498028	-0.0350574489077928
0.321361682915148	0.936998887904052
-0.437620566284293	0.640165261159818
0.0500706914370962	1.8717046409704
1.65304877771389	1.50334225999205
2.89867894982891	0.195166987292288
-2.48281630678549	-4.95206955996623
-18.2105486571095	-5.28290677099989
5.28907217827575	-8.38745500409852
-0.127191608970435	-0.272124020992914
-0.0731581145682163	-0.139154716659165
-0.149663016787785	-0.0929846229883541
0.340570637568955	-0.573347355942554
-0.202871261799327	0.459731585153237
-0.42657229644232	-0.978809031626167
0.59507546739987	-0.0442293002492891
-0.400889314983749	0.181444908126143
-0.0694186643060212	-0.173917064473608
9.02566871515999	0.609386844199931
-4.22704862421157	-1.62349222438979
-0.967157063362925	0.0472938406686452
-0.624971752987249	2.02330175822315
1.44209460594412	-2.33170094397038
2.59133905544257	0.370027082152363
10.8457997736418	-3.06005663704279
-2.48825767919094	1.35936354550179
-2.45542359247484	1.99464860862387
0.205837109372344	0.779975132832098
0.270226688435503	-0.00280196748688662
0.0961398551816028	-1.41795030741915
-0.682483334858266	0.488759479475867
0.174669696728915	-0.455924554960847
-0.336810013759707	-0.933958927050997
0.615579536384593	-0.344467648012834
0.33757875516947	-0.927251355801866
-1.06598356628882	0.591932102379309
-0.141652447645406	-0.154563973346406
-0.106617527573977	0.261749177571839
1.93322868263992	-0.939638881467013
-0.540103950756522	-0.439548575928602
-0.477083988593268	-0.605086373318976
-1.11219403130486	-1.37931045754281
0.177906844988278	-0.028691740545439
-0.124602798985734	0.0993358726692875
-0.141495641445693	0.316801353185439
-0.891989261005136	0.358074115759635
-0.187553905250655	0.646844116040943
-0.455244755782389	-0.00575540195789014
0.0136709844669574	1.38245482828316
-0.748830203475517	-1.55076072906382
2.28387848402015	0.91471801657019
0.395306317482388	0.666949030380145
-1.27019976768217	-1.48837263880123
1.51060464400481	1.00772677849118
1.50477774226647	-1.78268981018127
4.49169644289166	-5.60572830078134
-1.02950272023593	-2.05249791488163
1.03675499080973	-0.683449901158465
0.746016483422286	1.21764348476056
0.21352232637964	-0.810283732587413
-1.34192994181376	0.62307901779994
-0.680272503308111	-1.29371253527793
-0.240767795845797	-1.2877263625617
2.3611311399842	0.349094123429308
2.3985146755696	-5.1562649228074
-4.65238652127354	-0.355618786993494
0.483827416225502	0.542432787032664
-0.018155359219638	-0.383151332888042
0.494127209382739	0.0529397006142643
1.32309114487565	0.880276045666101
-1.06038126858176	1.76247086191026
1.37253496235826	5.1504705283346
-0.297545900819044	1.20441663056258
-0.0180476073610994	-0.00679564253008744
0.0615379482947441	-0.450660390442092
0.0428565721549367	1.0876515958291
-0.433664014342425	0.227311043280318
0.141649988037973	0.218465155020811
0.516840201835615	-1.45547328432537
-0.27243638040707	-1.93313976515095
0.60473554907481	-2.08319091156626
0.208504871008328	0.137474743670035
0.0165418272940067	0.821108748009569
-0.966619663388656	-0.609630852833352
0.135464177977745	0.390352585698908
0.101314505967085	0.186364958831677
0.2434680519051	0.142083374237983
0.259188672622071	-0.627345375351572
-0.516148783362093	-0.120645720566373
-0.913193851940422	0.307104354625857
0.63832146358611	-0.186966519686168
0.270207032878433	-0.258448586951575
0.361010561100576	-0.240120340159994
-5.06821824107844	-1.98384361381381
-1.51381574754429	-5.89906378319087
-0.44836523982235	-2.91520004721136
-1.32152847733663	-1.28909232173218
-2.04621312513501	-2.80436011065412
1.39799793892785	1.0415495178913
7.03059956196608	9.52283765169776
5.64306243092162	3.29143839021236
5.52447842734872	5.66304060346418
0.523071186689048	-0.526470391031353
-0.143027080048572	-0.421318699102464
-0.0461424342064086	-1.38356959127863
-0.997076986171439	0.217106732470719
0.328372908695408	-0.0661029004779017
0.07794752447827	0.237851806198584
26.1711329252565	10.5270795754667
-32.3734529222095	45.7404125688386
0.954732604845827	15.2745213980446
-10.6151045740532	16.2907204362989
47.5125430692091	-10.1729968186877
23.0501716532224	27.7209292688903
-31.1388038605654	-28.3863897704466
-33.1767268833719	-100.041714173246
-16.9196367070228	-47.3359782829358
-0.373531586312206	0.611868721213049
-0.0776051334422685	0.312851609222484
0.0243819173721738	-0.752704291643976
-0.55761668573923	1.77382684410062
-1.0542029236511	-0.156124560012112
-1.18418486149824	-0.203121922196373
1.32314704110053	-0.577632552098038
0.632125118413995	-2.02663744627495
-5.37121611959931	-7.72707297104024
-0.0284636579561529	0.0706835872604713
-0.157130052075401	-0.0499035127995848
-2.28691848622575	0.162845330493041
-3.52583961819623	-0.669965675728634
-2.48956284568882	-1.10589664565259
3.82799936439602	-2.84415949321153
-2.24294393664113	1.55976223431285
-2.10374074470629	0.330952769422837
0.92549351615075	1.75637130667729
0.818404355411422	1.26742880423671
0.545374863684306	0.8076827573513
-1.07328039815132	-0.686402263273392
0.309176533183387	-0.0773471597582484
1.61013919097904	1.92668632967508
0.566257747934271	2.12289804949549
22.7859772357269	-6.11884684018887
-16.0743997300628	-4.57496583192275
7.71088675125974	-9.71576651496499
5.30375664225598	5.29133884564154
12.3118861604637	14.7278237278887
1.75486479260258	3.62049645127826
0.436544981252723	-0.415252612496005
-0.106848288732563	-0.0544424583719392
-0.305215886940259	0.379817786107143
0.400590923061702	0.000734014903318257
0.146561395823958	-0.39886891965209
0.348974511850967	0.256194261242909
-2.54612503010719	-1.15013787738205
0.136131015603851	-4.8026770862216
2.39181142672323	-3.21562259054031
-0.731863716368121	1.25878111626337
-1.46176749810015	-1.00004513928317
2.30088914554405	-0.420383933378926
-0.691875191604285	1.09754281891412
0.440411205896493	-1.91943148375032
1.6674908914416	-2.45023346861396
1.24369915891247	0.298623917030634
0.409119549624172	1.75791679246852
1.80786434606305	0.547711322334121
1.6018024946816	1.54774152387917
-0.0478331846542832	-0.67723739699352
-1.08727852823028	0.056878941960062
0.281199517761752	0.769694323898064
1.03259459605212	0.195595310664519
4.72299837227691	1.27141720248531
0.688183448458449	3.94245427391392
1.41811811985383	-2.73806657339153
2.98970764926168	-9.48581692633655
11.9518829652077	-11.6189551119122
12.1912671560812	-13.8078745368419
18.9080332799635	-26.9560888605205
0.704911016095953	-0.397433500151149
1.49077676831931	0.94571476962303
0.0983824166432586	0.272717049502728
6.03885516906118	3.77112620980765
-7.16478420747375	3.05100123002315
-2.11993338375414	-5.78244666637497
0.51432364438333	-1.61466659008438
0.49732483247029	1.11319264315764
1.20962520031779	-0.27779282057702
-5.92881418347746	1.20331943884192
2.52710626958105	-2.95329986873714
-0.947795169239893	1.41967760133252
113.365053180598	92.3292347054335
183.573166780827	-23.9648061694826
78.3408951547558	17.1767161451009
0.946882152019002	-0.858559530805426
-0.383812262865807	1.15834811037824
-0.786547655152046	0.321454105980391
1.09517357521968	-1.85287750997653
1.28428557478014	0.857095682973821
-0.713951115820294	-0.101046997005879
-0.0258690307054178	-2.27486652303882
-0.107704331764842	0.509425253493492
0.539488756160568	-0.450331024525027
-0.202635087018284	-5.93185116871408
-4.18436758591243	0.0517280663076246
-1.20911696350452	-1.5811219416027
13.5472531654996	0.469900470219519
5.15697274220704	-2.85755752762538
6.5624575150291	-1.47343492832133
-0.149084379361483	-0.569070382181476
-0.205598051238772	-0.400386768221432
-0.277474277569332	0.649143663372894
-0.839237758078972	-1.44731580173302
-0.883239132279375	-0.106287497716697
-0.808521282964323	0.279531923991836
1.28978190977635	25.939202445247
-24.4768356076587	17.8305303015705
-14.8320158581436	12.5876690291751
0.531141699764355	0.97809599371619
-0.336428805865859	-0.180279001884816
0.241849950656553	0.110945624295634
8.20424410471541	7.16894831655382
21.260218079511	13.6933558771255
16.6295080100186	15.1362718215965
-1.42489219576577	-0.239204517266207
0.539388040374796	0.207497053698953
-0.235383873684734	1.72222322194368
0.133083472078849	0.531559519497899
0.542849465920612	-1.04642703290194
0.746057770887801	0.698311631477847
-19.2104403002179	-4.23441718008248
-8.17182058306956	-21.8603342028346
-4.96068041364973	-13.795421661118
0.939323277383821	0.541298605120761
0.00195673614695362	-0.221026825066298
0.133754082526728	-0.0932957670940877
-0.0110720741493666	0.153069376248505
0.27950159425882	0.22819218941047
0.143291739565454	0.20713658972007
-0.777850238309539	-0.247964522960805
-0.52666669320518	-1.68882066881611
1.3991991182721	-0.671022744431949
0.488695126589715	-0.118630009116177
-0.651636769417839	0.063763028069896
0.178618946741262	-0.0976187495408628
-5.25698203553281	8.57927113779309
-3.88433788643323	-1.59368393840599
-1.55293348877567	-1.46769775076839
1.90731682260473	-2.16426473663187
6.93242451452323	10.202985606094
2.23766207535074	-3.2343146474935
-4.16781397470414	20.4760706446523
-0.52484010301965	3.65145313713904
-2.55571784161401	5.43561234533453
0.582725237407618	-1.40032703206373
0.559814258477766	1.14699361984646
-0.84784895910523	-0.850292792710982
-1.76751499513473	0.407300025390914
0.159637676866931	1.14570421120801
-1.75663670069786	-0.911107859317562
0.983272092165359	2.45554457162591
2.28216331706155	0.952060043347658
0.802007688326572	-0.748808717470065
-8.17750128069241	-5.13754066793718
3.01452449952145	4.7421358569973
-4.19251210124176	1.06887320901265
5.7943222925069	-7.81172905950323
5.31911145922103	-15.583963652003
3.85641179155032	-24.9889428101057
-1.05703256758554	0.0903850919129815
-0.0971681802215311	0.333410135085107
-0.173918899686675	0.660499257583517
0.122040468349399	0.913303678033007
0.409758200552025	0.00676623887728667
-0.19254236750869	0.890234829807079
0.442209481379548	5.54010663543367
1.75893661244359	0.753817805111392
1.82783465094956	0.68535485570445
5.48433299385082	-4.46137683578883
-1.5502253008273	-1.72815255371121
1.3697141442442	-0.419901199481813
-2.46014009401991	-0.348202537184266
-2.37325430087859	2.51073055263894
-1.85847990325421	1.68234287695419
0.313348137418528	2.31295351162333
2.72182600550143	1.50517107110077
-0.557447652790663	1.45023288468514
0.363011655555906	-0.306328152014704
-0.188702331617754	-0.108975808521012
0.215064964951666	0.586964303694522
0.204119702014952	0.804060144802036
-0.377639432456386	1.32077102891147
3.242958433689	2.40178060069915
1.88184430847063	-2.16288284028213
5.41451790695215	5.20626149568719
8.58775781153297	-6.78137805235666
0.975028267581811	-1.98298727183939
0.681953127836789	-1.85012374199625
1.23960172871257	-1.97458763824895
0.287622648473522	-0.289540374210863
-0.386301376672944	0.159453591261824
0.136382559670148	0.49394332554645
0.057501549656948	-0.158675074999423
-0.19334221571992	0.209335660270139
0.113055609067884	0.572185997730371
0.921601370986326	0.622321147002677
-0.258314954154453	1.86621398922714
2.92083624382205	3.8318011642201
1.42785084921169	-0.774776090078759
-0.659657142681429	-0.247841001258468
0.727199657264999	0.656367942112294
2.34194682589259	-3.63818950624199
0.946424144941559	-2.89430790041944
0.957698567700728	-2.58304974569702
-0.00949474132794267	-0.130586655639464
-0.049347039158448	-1.15373608166458
1.43787664782265	-0.0190845803104114
0.204778086896151	0.968959433910474
0.341362227863032	0.289301632792949
-0.0572180156071632	0.761784556673033
1.37335072193974	1.85721427956495
1.37761703386166	-0.0507054270843118
0.690308247385031	0.479765212296937
-1.32451815168297	-0.288771005432441
1.00698120366338	-8.01214522447413
-1.56097426309753	-0.265668030285839
0.565080532928487	2.28029660554463
1.74792545296459	2.57199219994564
1.37082529490714	1.08789611055701
0.116394788414768	0.096343322548594
0.492390370545154	1.32780789286519
0.109936992816017	0.617221883759467
0.399532643210828	0.0213821208697197
-0.0313158446346104	0.234330233362368
0.185010298032596	0.391528529896997
-4.33406180402005	1.81310711422988
8.66382665813684	16.309053607141
29.4567307948203	12.2341736507223
-20.8407369553922	-14.5929857971089
4.85558687699018	3.34437739268271
6.11079484489569	-3.93325762869264
-15.1199103322338	-20.0264861763011
-4.94430898663244	-5.97223404252904
2.03502284862264	-10.1752399587269
0.290552511954732	-0.880586110704728
0.707525816252339	0.280835191225453
0.172458843395835	0.228403489355061
0.159314702670959	-1.12980054856733
-0.636204597503734	1.8259519941385
-1.40026557051196	-1.98163395465555
-7.80004702544415	-13.2683462896164
-2.53018019338634	-2.08194322075157
-2.48860492975472	-0.541264899443268
-2.61398289580691	7.37112266133017
-0.0444844585036149	-0.470018324211317
0.247839593628996	-0.86004081272316
80.8736948151484	30.201709979045
0.12647575625609	9.06528659367939
-1.43361938125372	-3.07365530099973
0.236220990299679	0.0147798419171393
0.368899588064702	-0.0594493859894329
0.909146769553939	0.669996328622967
-0.121240421983773	2.54019567973312
1.90959719500967	0.295045815001075
-1.40399054040622	0.323683980969615
0.606833348223303	1.86574068542339
1.55496114283244	-0.131419153475951
0.857317364063615	0.436775964954138
0.101293675304271	-0.413662197134723
2.89445268551644	-1.56595149841433
-0.27451922918764	-0.732747762851122
-2.30608016556302	1.05252192038068
-2.25848175477868	2.14563687180251
-4.85514901740721	1.52964643019084
-0.321421219074897	0.965476351449373
-2.65166282971113	-3.54721835813482
-0.302465340974928	3.15260842257482
-1.61253247513078	0.0479281394663852
-0.442329361157373	0.0529221720658258
1.00702873706088	-0.378931272067944
4.12006832053623	-6.67998286687863
3.05411787667604	-5.21381366582325
5.56964419063192	-2.64872813521291
-54.0217904725873	81.1097569303907
-2.20016549798643	14.4342453131968
58.4294964120394	8.45179042741818
-23.1420608421756	-12.6085346581538
-29.9846256250403	-28.4926008182983
-26.0071332465477	-42.9793090246001
-0.649042708814509	1.06321730799433
0.757943403945722	1.55001760149281
-0.0811740191405036	-0.618960555192349
0.289307309986757	0.299062316779914
0.308625832389142	0.693049190203577
-0.736062498434695	0.602520288488558
-1.16022889953525	-0.111424617866703
-1.06713657735669	1.08695831869637
0.130389274727705	2.98186447452685
-0.417551954491687	0.412326498132178
0.711819645826002	0.187594715593821
0.405186643909311	-0.729233569924458
-2.40520064870949	-2.52195269100147
-1.59656147658397	-1.71936228980634
-1.74208291796216	-0.433614868986456
-0.870431412960263	-1.13413284491962
-0.100479790617594	0.0102344742553197
-0.874590128913585	1.12615459443199
3.72748888275496	-1.77793853534004
-2.20739676134881	-2.57967918572071
-0.219063245030643	-3.4313292073317
-43.5135258602209	32.8835070477108
-61.6250507227494	-20.1992336151203
-39.3005459190054	-11.6662065007078
0.109181612507326	-0.0017470194836988
-0.0426894571432515	-0.0263724502203077
0.0789223411445522	-0.0342466279836229
-2.5602431551478	2.94208442296847
-6.01983727407875	1.04734761516275
-12.4747878501372	3.49891304004291
0.589241872927397	0.489746841545646
1.84284792299197	1.07825499965764
0.114706744802141	-0.132456048998861
-0.334070965497573	-0.144448090419874
0.718290250670894	0.478452903950425
-1.22718192682196	0.645659796010403
0.389391320235684	-1.1107052045204
0.592334195060252	-0.0145590627974253
-0.0855691253771924	0.580458653624627
-2.31539631319553	2.65271193835851
4.40695202167687	-3.31333330422654
2.92385595052397	3.99702202738935
-7.38119606764143	-4.8758683938439
-3.06049107958279	-2.57478699729291
-5.01989846714008	1.11792955399356
0.784686227991976	-0.916250839232607
0.918488776599198	1.83019946021004
-2.22828996477848	-0.571425027537809
0.518597505304351	-0.058571276419315
-0.630182044418527	0.365565524075482
0.056326905757132	-0.279013780233917
-3.03214676592165	-12.8157001385991
-3.83805090785147	-1.61591658993058
-2.0463173045242	-0.206760616823618
53.5865082012623	8.40139313916152
-1.83317470759194	-1.74112903215881
-1.16400817640908	-1.49870964911846
-16.176928007311	-12.1207637568927
-1.17242338749563	1.09729588034565
-1.14676217835575	3.2291455904389
1.31203051341002	0.640450409236153
0.0856817267999689	0.673452714935678
-0.600937611095578	1.49944135736193
-0.436363806861898	0.32011189205546
0.0581815127754295	1.03897157307834
-0.266363520939255	-0.212213448166242
-97.7701919195367	58.1581873916285
-16.7436696443716	139.601359256353
109.061326715795	196.792045394097
-0.0153713039798492	0.249889614073072
-0.419940837546931	-0.252066249162854
0.0261789824279579	0.199138391693752
0.427900978064081	-0.0222745118213182
-0.671066856677427	0.225846450744676
-0.171198767478371	-0.318776246503615
-0.120639128876492	0.243155125303839
0.284236058525413	-0.405996829618613
0.814936649160995	1.12272862862961
-0.110944168855481	-0.0477476801044042
0.0159083987934303	-0.569749302710274
0.185313986096726	-0.367719103059188
-2.20756033837279	0.950841096930717
-1.3622317681982	-4.02331426783206
-0.285653623377586	-1.43998838383653
-2.36920971325034	-0.407980870870415
3.74580884717	-2.13161953799165
-0.773323619844962	0.894037332929513
1.98130532119616	-0.203824795841993
3.17343432904376	-1.26821594866093
2.75117098790394	-0.594900767341996
-1.49529397727277	0.980172864448898
-1.07081380945087	-1.51405695991663
0.565955373257416	-0.135390213097539
0.988029307356535	-0.00776821093905608
0.0523283077569208	-0.550044929319984
0.137899228150547	0.454393516061096
-0.0235678048335317	3.35292696061704
-14.8514986260373	-1.22486849693447
-3.21803563281261	-2.29288202161248
-7.62217767324599	-4.36918625218102
18.6435488909167	-4.33441216107199
-5.04522554444838	-2.35665123734711
-2.02431543258764	5.0842526142505
-11.4796764213289	11.026746242797
-9.14858778504882	0.411090657765604
-0.0630356857226946	-0.752135094792082
1.91344262708676	0.210264028726922
-0.929912623624467	-0.765686534816716
0.0815276805169707	0.615838022983952
-0.321438366318838	-0.22208485590946
-0.607814359733798	-1.09957702538388
-0.249845769230247	-2.34663617856596
-1.44398429489284	-3.23092245780562
0.283553394722915	-0.5863253080957
10.0035332973033	-1.68294797219497
-1.00352472653505	-5.58827213577868
1.80657044859312	-8.12128681770088
1.92808806835324	6.73975460860489
7.12654580089114	8.87383733836952
3.48237803098186	10.3697323090122
-1.79580216139586	0.930982143091703
-0.307208349380094	2.75319632557855
0.15527215245149	0.189660228396531
-4.16878338469326	1.65617510568846
-0.587910729189631	-1.88879152751167
1.81592363290002	1.39356432123062
1.41878354545152	0.395195177028791
-1.54382991326574	0.909509767038683
-0.0491718392192811	-0.191880962136558
7.24487069819549	3.26737478921264
-12.2158346086657	-7.10120963844506
11.0037524702405	-10.0749567899899
-42.8813372174234	53.8638455655843
1.13066509932079	10.159550585783
-6.50871963717069	36.8441697872807
0.216292305920454	0.274453009676248
-0.754323537768942	-0.797735370064942
0.797140430998432	-0.323114653485007
-0.165992745504041	-0.124891822677415
-0.254186862934519	0.628893377349164
0.123639005704746	0.478433894438672
-0.746717401302399	1.84406989767459
-0.172673487526815	-0.257262982215407
-0.494341740649964	-0.133357573544919
-1.19202125721095	-0.0506012552472324
1.19243484980334	-5.02946367954778
-0.116853341860301	-0.26101091009259
0.966891691664934	4.5733045390841
1.45242537803147	1.79316389890494
1.37982904032488	2.30790956799619
0.12220616732748	-0.671578881170039
-0.943070128155673	0.358491955593686
-0.706440704956337	1.21300286103226
-0.663625949713896	1.37397425740807
-2.01744227405187	-0.749084382915127
1.11755350581648	-2.84880383317168
3.07508282129406	-3.32852984812501
1.73448322763514	-1.30713305910464
0.917862319809325	-0.189656511463022
2.96654674231034	-6.87071719842731
-2.75898900309428	-1.08620282007012
0.74774656492524	1.50445207790715
-17.4000355974657	-33.4930873091593
-61.2044738525858	-15.8174585722529
-38.4425883857654	-29.9658645584366
-1.51440239971836	0.52779955985968
1.55292413735185	0.607177762370819
-1.56891123531033	-0.150996112256783
-1.37519463271696	0.682924197131197
0.149692036455479	0.701730744939325
-0.680694104441963	-0.236775104964124
0.721313567604135	1.80538469424034
2.32862791732436	1.95205876211937
-7.39798482401617	1.13440520161696
1.64929398626941	3.47159462253641
-8.72931722514624	3.26395852661962
35.2289600339621	21.514023308172
-4.8392269390817	-7.62330535048177
-9.45948245746856	-6.43600744033979
6.04177179537076	-22.6909838387155
0.838073628642508	0.0782106637903824
0.00938496504279065	0.698838510570633
-0.0154934275537712	0.921475694161651
-2.64061746534583	-0.766207052611578
-0.514879653754954	1.66061993925945
0.817176723665551	-2.41262796027212
-6.20436701452298	6.49827641228629
1.61194773018278	11.2100716740526
12.5923850201024	13.108381011893
0.169401760094972	-0.706710906498724
0.339854540496546	0.0648267845440459
-0.183259770122299	-0.187562953287733
-5.47350294566667	-3.60479935558121
-7.87229282438525	-4.23840967226379
-8.5557136359813	-7.04195736648753
0.498741908562496	-0.218381573499459
-1.10975260315992	1.02279495529469
0.0907483232623961	0.237264207137488
-2.4306335215798	1.31543660572196
-3.90635081401226	-3.42759537300994
2.76963393702588	-3.96451978059395
3.33992871161353	-5.135892225216
-0.0316114146489268	-0.606478074374963
0.0900217643307835	-0.674388494358309
6.96218387430021	-11.875969095494
-2.84139389287493	-1.28494336173376
-0.305878761673282	0.177812886498215
6.159236136017	-7.99607483491321
-7.17250497081728	-15.1153158704477
-2.42123910111743	-13.4108211853375
-0.00946406545539354	0.585101041849371
-0.181976928794243	-0.278124755142621
0.254770603179298	-0.0558927907555245
0.930764681026657	1.05555201597426
0.392812035814696	0.382567459937365
-0.636290277877407	-1.22751915224646
0.987845117774998	-1.31932877131798
0.656343784739626	-1.83952745455777
2.37054128929808	-0.0800279392091295
0.0153477937319705	0.0133660819484691
-1.7510788743719	0.0677513119547198
0.66932890409204	0.43906718579751
-1.15453203242165	-0.919597391845096
4.77182713484227	3.08447224097314
0.610897170964337	2.95092054592501
0.281702682345532	0.703229586131492
0.607647995276318	0.183802001146303
-0.766312292612295	0.898640542206201
0.432589972380231	1.32999016711423
-1.40512990258465	-0.333567939807301
0.922571844806528	-0.891325927726408
0.163853987042395	0.660901706798699
-2.36704985149683	1.54298764346748
-0.787398992255716	-0.0439080388435604
0.67496803372193	-0.607965011519722
-1.50073487387237	5.65217835272203
1.40859685640806	-1.10864536307218
-1.95986847827835	4.3225178209749
3.46985835329833	3.13667901268359
-0.0907675565399472	4.18921209814669
0.26092572229209	0.0336785510112097
0.441038890956335	0.023190765311518
0.929778940637914	0.800316432500217
-0.507409437944541	0.632279872706361
0.523832601821737	1.01081188501181
-0.145712281826695	0.445233060599857
0.556000150722228	1.80570363000682
1.65261896349916	-0.17477298807887
0.954348989174449	0.290062000659821
0.0873674096619613	-0.362784631908189
3.20306015855032	-0.913443464989603
-0.109633662237153	-0.784458409355202
0.172014901148575	-0.389857489995795
-0.185104400027193	0.213688525412763
-0.210933555745578	-0.152905094519475
0.307760616920649	0.265331890984217
0.324338960835114	-1.13939004030887
0.81193992155688	0.429816970437108
-0.450266964474071	-0.460192058235566
-0.150968291894157	-0.712764595475858
0.26638782039979	0.67516172314672
5.43435542149964	11.4485820193017
-6.79185972673891	13.1821861431036
-3.4854439612935	8.71626218313262
0.17982869632927	-0.312242846411283
0.823805810272236	0.115462125172544
0.197710468506138	-0.482945570430903
0.495544752380583	2.55303589750727
2.01280341033466	4.177789593326
-0.337750925918628	3.87647392994658
0.267852818965147	0.0555034482700263
0.440813624859172	-0.0647671387043528
0.0376200245783085	1.17593154541133
0.914974957506332	0.21155855957874
0.716841410312015	-0.370110926047606
-0.404676452527832	1.17518165807025
-0.0408046707000214	-0.440778671158731
12.7679560597389	-3.02186958687579
5.44073860174261	1.10903315284924
0.67048806693211	-0.324981065897163
-0.379713303168914	1.35001340153008
0.345633984937531	-0.267034017440377
-1.54300046438865	-0.776785857217828
-4.83389861815235	-15.4856142825519
1.66555236668337	-5.30920521102933
-0.606445578703587	-0.177465772189274
-0.149711899864078	0.636436324161189
-0.263805825436618	0.414048903882486
2.40413018159555	1.43585767145705
0.600335989741721	2.28998016509205
-1.4349167582886	-0.340354294400258
-0.322772172488123	2.24820564183647
1.29551932979196	1.33207799075004
2.01532600511882	1.00401854377082
1.31971742763233	0.554402155225013
-0.375252362587099	-1.01608788070444
0.635476546579692	0.0305481623357766
59.9922829145149	-25.0910701178929
34.5806875517845	-21.7009375296423
18.0212483308005	-28.0486395834766
1.27696623353294	-1.82101266595658
-2.29398075041459	-0.241406264930104
0.396727147477537	-1.15507618514051
-1.74580627139682	2.74949677800034
7.69580429943623	0.766474746617859
3.09526587767017	2.63325480957292
3.27331387326714	-4.84176085076831
8.48143525724401	-5.64012968560756
6.14901230644063	-0.669448560035068
-4.83005862430657	-11.2542666543249
-1.25396763267279	34.498177080373
-23.5526387905229	10.484828160049
203.818502464853	489.545132262007
319.275411093154	436.979886694095
157.698783475038	283.599290833104
-1.1990216507165	0.511892731040944
0.0360215855707981	-0.318113220930837
-0.0584607464908141	-0.132036168289363
-0.780762216902099	0.449933355142814
0.171026768065071	0.0972769643770385
0.0160716471186667	-1.00027751627193
1.20877370586947	-0.781259548141959
0.247174381022846	-1.77844517501137
-0.0177863861516558	-1.47577488541437
-1.45053670179113	-1.02947071123571
-0.831096597902628	-0.686417936115347
1.0723556001021	-1.99182350800701
-1.65391908942761	-0.4860834511507
-1.95497804734572	-1.10676119335678
-3.9782731272602	-2.13153639037909
0.108765171259983	-0.19363341990328
0.308232294203959	0.834427421720481
0.0852840747731265	0.719651958592336
-0.0515427608444188	-0.982555929022802
0.0290700347433879	-0.435010074191447
0.849963712987045	-1.08982493486838
0.623368578092073	0.779786292612492
0.841001046914457	-0.675642539117284
-0.347896508518709	-2.0794296756577
0.585383668799388	0.273025561994416
0.109757738159381	-0.0857287477602762
0.2692474673083	-0.000326840551922004
-3.50548876112129	0.096572535007368
-4.81558369138165	0.205129160895602
-7.41872626048516	2.8969615790534
1.00963197176795	-1.84772703610398
-1.16027791443527	-0.421872054509955
0.200459147837061	-1.47600150314358
0.865701801149971	-1.59435666225698
-1.08743312925574	-1.40801336718463
1.16306510696664	0.0336026918347455
-0.264700664852172	0.601699873276828
-0.125905368318476	0.229939901799103
1.37475341891661	-0.147675784195597
-0.224280257761008	-1.00807569872946
-0.494547262333778	0.655834744399213
3.17676245201405	2.83271765675691
0.879700647643271	0.159082063215972
0.914090307402824	0.33763287727509
2.0928241992554	0.727559884837056
1.09756922284516	0.473499546110109
1.36205503588461	3.06993314636466
1.95620611087992	0.586037985366356
0.216178330726557	0.216402352007583
0.171830811457916	0.148297969218581
0.53748860399206	-0.110194735132894
0.718104579975172	-0.487555583230693
2.28103730650575	-1.72461046950173
14.0258229271626	-2.27070219597345
-11.5818969644492	20.8253905825049
10.6959840673149	-1.85273309842744
51.7296221995031	-61.2748509761517
-3.42761169039642	1.1385686504424
-0.530093522817472	-0.717654607136673
9.95450695146073	-2.50167560716211
-0.149395003251325	-1.1768531446199
-0.139362273105968	-0.695115857603943
-0.53781056765781	0.446747296439975
0.355095905743656	-0.665618905767348
-0.222393542736165	-0.86208172077219
-0.139370440748404	-0.111703573492452
11.3068203862381	-6.3177227966169
14.089107203512	6.5737556933608
9.49736507597031	3.85810273236398
0.294983199290996	-0.344737622434862
0.423847201820158	1.00731474479532
-1.67116793945222	-0.429880504024916
-0.0856348916938667	0.23160762608353
-0.0817769752867314	0.202534465715114
-0.217110103750897	0.298437381730206
-0.74076868873807	-0.0566655044241274
-0.16054147485687	1.54166558013264
-0.167054033552037	0.33456471563456
-0.0698068236772687	-0.68500001538718
0.0895941251390959	-0.541659448779074
0.609107985004488	-0.790397677336164
0.474559126349616	0.882242064791485
0.57911087793499	-0.82470953217026
0.0498798348602151	-1.69327805402466
-0.0368844088107834	0.711688804434246
-0.0170506432198575	-0.777907524440193
1.813913713703	-0.244552678793262
-1.82807661990213	-0.891166449657106
-2.47533049860868	-1.19943143369379
-4.09583475643274	-0.86573218436441
-0.107963668710346	0.398677432352974
0.0913257458901406	0.844866665029129
-0.33704402971171	0.104805715032016
0.528653011544598	0.629675588227895
0.0373913413861352	0.826355058706389
-0.595004330478911	0.76229019548213
13.006207543874	-6.83004213518093
2.88600776162055	-17.9059275915352
-12.908797704406	-25.9698550052456
0.0475741533824007	-0.388902783651567
0.081489673866438	-0.359607599193398
0.172558272294082	-0.368620343270741
-0.598944929422198	-0.750394031179392
-0.87638921448618	-0.195280693814446
-0.382405982077044	-0.241104984884061
1.78052953673062	-0.441109448468728
-4.34710649681098	1.67701453662996
2.34534542175207	-2.89028415989777
0.948586413975065	0.756821595104866
-0.300055679517235	-0.464496864769453
0.906284835424635	0.340761394204362
-9.2313544335333	7.26879418482624
-2.66542258423177	6.05236485708732
-3.21223690930751	1.8794776013898
-71.47791831817	165.976527325391
-148.339884831475	-108.151416747154
96.0688211959581	-45.628477893905
-20.113625672142	35.5224577183123
21.7528588770024	32.741111987964
11.0491400543082	27.9191361958078
1.02534469896992	-0.905049642977276
-0.0411515051613118	0.891430061653578
-0.164892576747168	-1.11568679192696
-0.45775968022612	1.13272480211074
1.01633538341279	0.586048685069398
-1.04237255076525	1.17463365782644
-0.765396336466441	2.29833488747636
0.156127893944329	0.0131188160664003
-0.133979588935264	-0.972425264120444
4.66134243590406	-3.48356873579854
-4.1150007906373	0.891512311372452
0.0598528079982138	-2.75211162583016
-1.96317346173977	-6.53937035330568
-10.6845841417011	-8.31949781120384
-6.14808693265034	-5.97567305109477
0.658291319869049	-1.58549143000088
-0.519963917198534	0.814495978458547
-0.523057403108796	1.38788872898871
-0.111517276680017	-0.211056061493341
-0.313925571216787	-0.443001699230424
0.740667151947087	-1.14067494235152
-1.43541389838586	-0.938378471807273
-0.388474626130791	0.177098104885365
-1.45763728163354	-2.8003080052998
-5.4651112022109	-3.14828292796542
-0.955024670735087	7.66770123510568
-10.9351696741338	6.7807906366913
-2.77430847678672	6.36198763325329
-0.149223240565875	6.76998854538296
-9.99084901380563	11.0397822308967
0.961335367154452	2.26732909345098
9.83417461041161	0.70891215560497
-1.60249359000047	5.41149214665876
1.9541991405593	-6.99165923284222
-11.1933017448614	-3.64705783487424
6.30333908076363	-7.84762517996968
-0.620778767026628	0.814090387462708
-0.149410610510102	1.95096889905994
0.289259416818974	0.310835727487364
-20.9710728525848	10.3747519358481
-79.880594888036	-135.723198253178
22.6203278885625	34.8403912667947
150.380628594991	21.9996021844412
233.30829069638	-237.791897729452
199.920623778728	-16.9600476200251
-0.405279784833841	-0.38183131673693
0.0563833861375772	0.162735525805964
-0.361854072762001	0.325040639969059
-0.142139598935271	-0.363655896373054
0.0569309830837553	-0.504692505662542
0.358402206840945	-0.442349481603714
-0.270802203830076	2.01987005051654
-0.453779138802771	-1.33771454373632
0.324300475044116	-0.853051351860948
1.73546607616108	0.0791617080167504
-0.165355167647705	-1.63057426788985
0.959888223359821	-0.0446363872862532
1.14535310806054	-1.67621497504221
1.38923220747691	-2.43544727387075
1.40929971596382	-2.78568596989456
0.274309469964155	0.132666612551742
0.0617723382889175	0.88601619266031
-0.124809706741997	0.463559755219335
0.194007653142852	0.684589536096106
0.159313320204689	0.9259514319878
-0.679704485830961	0.409789147257802
7.17391322526856	-0.114606899872146
5.27948770130418	-7.36917984096902
-0.187173664942284	-14.22226437062
0.0313286242020874	0.0582325611183099
0.0946202946933906	-0.106729775121218
0.0516532117164772	0.0484770085973028
0.073517796160054	-0.0224753906268165
0.0905461794329007	-0.0945887870593626
0.0396071111554137	-0.0367700513910487
-0.839690556557793	-0.334986921551709
-0.635658732783649	0.141353878891924
0.576907815633032	0.893985611918414
1.21604363646101	0.0345687248007767
1.8207393064689	0.130486079891203
-2.47133282191979	2.49961741070898
-0.691387641504825	2.1041821005811
-0.251243690604096	9.71086334494065
1.25776287782368	7.15798880821959
11.7764492676107	7.55986912480558
1.43323685389752	-6.482982448185
4.76588905560053	0.689359984086615
-67.2464487318218	23.0300536474815
29.328107645688	3.43262382158001
-1.00825419496361	49.1687370194558
0.286600947500289	-0.524168063886301
0.0431804768470624	0.247729352629476
-0.180730702065166	0.593606494766066
-1.39773699809652	0.167347526880857
-0.494702121967906	2.72895741866932
-2.18019051960849	-0.232320028406184
-0.540768694588106	-0.00345100045232851
-1.42634278694771	-1.15153413709668
0.0814135672400274	-2.67268294231154
0.626414740626045	-0.23657507828572
-0.634508031813605	0.111351731040349
0.0646571132028593	-1.18910467197694
2.26123122570007	-6.33239773422695
-4.06096006780842	-14.3186703164873
4.65235520133871	-8.04345557227743
0.647202286251525	0.661220395572002
0.867075302043635	1.13443612814347
0.30111738518249	0.23573387975209
1.15275604479452	-0.334795408909301
-0.179931019571644	-0.786027612800476
-0.244456941183252	0.513174205715158
0.51522135744346	0.0595654494190765
0.12893472389978	1.02616188338614
2.33867921774864	0.935918124174589
0.042458703817464	-2.4168813233859
0.949710311911225	0.648972182412051
-0.656244391792583	-2.23475277803326
-0.932632777201862	-2.82153080795508
-0.547304666077032	-3.18698361152322
-2.40184052633161	-4.92350590226355
0.164841055078565	-0.763182130578784
-0.10019075224847	0.244240582278128
0.229535509623832	0.804100527410692
0.628055845597714	-0.506113647496178
0.0279481222492364	-0.637043054302003
1.20299914890422	0.327605803546859
-0.00693083718492814	0.103253964826514
0.221580686768573	-0.982060256735512
2.97760188403557	-5.63577269047239
0.00879402142534438	0.0285374324009573
0.130648027739029	0.00495897210742952
-0.401934519838727	0.532012474669301
-1.42651908892464	-3.74034980876118
-1.19917868971488	-5.12412741517799
1.41392211456189	-16.2395363758168
1.49575517605266	-0.929932211409764
1.06745481281825	1.06462099743822
2.22466231442267	-1.75875927855107
2.58129302666995	0.795473966818424
-0.122655361957932	-1.14924210432661
-0.775848876685074	0.2970649901753
0.827331746041314	0.0993859745856104
0.0878032123493362	-0.948506595617602
3.3612860873507	-0.651716422065778
2.38751562484396	-9.50735585496878
-8.19210385904624	4.03846315584313
-16.7640874065535	10.1113680444901
-9.59677015152634	-17.3034184567867
-9.90737927863087	-14.3505180755679
-16.6424212211003	-36.4886790471841
-1.50563564059323	0.816139718631669
-0.979910943384355	-1.72482776693171
0.405775460339819	-0.113111201089368
-0.974406847145343	0.64475127723003
-0.122130042909703	0.292715716551861
-0.117932521510585	0.00866468443985205
0.00480870649492954	0.625874627278138
-3.39668019417345	-1.06428122309816
-0.433905241554503	-0.773460206885112
-0.0740246120931676	-2.12175989941612
3.11706275156957	0.839032256367807
0.0707865585798469	-0.891978738263308
-0.677315073885053	1.43277700145951
3.36054338787444	-6.75254575080728
1.55567493089679	0.828448559230904
1.44779828137805	-1.42449156042961
0.789305416554993	-1.15279156744143
0.682658259170661	-1.37071291890864
-0.835575986147128	0.602641613651955
0.515475194967135	0.603114760696868
-0.359046185506711	0.859944229730315
-1.12540704509604	2.43943602515736
-1.94363535832265	-0.816122331055117
0.202588036859735	-0.176391045215445
-6.0864283907608	-10.8522417165594
-8.30379607575387	3.16767689407154
-3.32831518147141	6.360400615522
1.27890374890793	-3.81797202304204
-0.613060046073347	-6.44758486272325
0.436143626935537	-2.91834349046028
0.0825456343589974	-0.60845760136108
-0.278104281851322	0.326033314151579
0.203285226971769	0.576728877933497
1.22825477519005	-0.642374192038985
0.208401622784799	-1.07057064068769
2.02727179401946	1.73654687429671
-0.0314364481830448	0.143938327000937
-0.219607994536336	-1.01103034503827
-0.054239272678499	-27.9583638760792
0.029234546468433	0.0489280058285532
-0.128172494404144	-0.0494483635644832
1.5948715769421	-4.50107925355189
7.64667138982846	-8.14908756313799
9.82046441155102	-10.4421909148878
117.955025069008	-72.443954914267
-0.402336752977729	-0.213280577734866
-0.0733983066353892	0.0402345654402444
-0.370977404254193	0.663148967640368
-0.745635280898932	0.328036194754657
0.399312451306115	0.296204681432237
-0.159097071610634	1.23387512634786
-0.68556470919219	2.8088059302684
-2.51639230261642	-0.0440728566535198
-0.857551027331766	0.533539948495764
0.669590495005865	-0.193678681760759
-1.080951535439	-1.12244648576227
0.717233486363341	-0.183498816797999
-1.48301547200009	-2.39025479204607
-2.50941594348704	-1.55462428183817
-1.40657659777337	-0.764217035830676
4.6976017814186	4.45435009804848
4.69127091610241	1.43386744449863
-4.74067558144696	3.10729359984452
0.0521551601396049	0.283486735340466
0.25922751487272	0.109293911705251
0.474912589085817	0.809794017958836
-0.674717005371553	0.920344850079907
0.798786039771156	-1.15049973700603
1.70984663557721	1.52590793674563
15.8115073200706	9.49795328393853
-178.879605922892	-25.3065988412861
34.4951152121672	37.9777360862247
-1.43660259764246	0.737036226347383
1.28804293932167	0.779903890778498
-0.842085843299946	1.52700686648335
0.672254601806091	0.256559002274588
0.0671145468987659	0.372619162333573
0.125799122920499	0.886058956690794
2.8102413332781	0.839410783640647
1.32687597744593	1.74094201977432
-2.95327401160795	-0.0470081651160705
-0.369788788760282	1.26675504587493
0.807911688307404	1.56246012287298
2.3411101579355	2.07752285819004
0.35731425745001	-0.423952772854488
0.449815554317239	-0.267229229542758
0.249377669030215	-0.162911734471917
17.0575857765697	-75.5923751931142
15.1776286552737	-51.8680064066092
-11.4014282799918	-38.4583393897592
-1.43775141931544	-0.479055830680062
-0.582225799640566	1.63940176002463
0.102138931332883	0.697426707993317
-1.50898241500097	0.760846932662569
-0.0162643989232498	1.92346331826098
-0.361008927188268	0.622893569562621
5.34820163531968	-4.24298772367058
-8.60266143384546	7.81606477477284
-2.22260905891572	9.0617202568791
3.72445911498966	1.29447521508628
-3.27692408713463	-3.0568263111095
2.28181840238147	-3.82670250415748
30.0602236201641	0.3177229264471
-17.9943026255494	-2.26792039355638
-5.11188700282613	7.76816247285287
-2.47772719145712	-0.585281638070083
-1.39367548329171	-2.7293824968609
1.08372175438132	-0.791443225137764
5.56586156563002	0.754883295524611
2.98812493751778	-5.42101284201435
1.16313974869661	3.45092999932311
-0.0853003068101587	-0.105750051752666
1.54705913714366	0.0307064108537508
0.708948651962784	-0.216289612832359
2.17619706929026	3.19234163275679
-1.27002337256677	-15.2420091408857
1.93770248489379	9.38909883610124
-65.5269626970238	-17.3396327681586
-96.1237174883958	-7.3187411599178
-133.611820766167	-41.5358948121143
-1.932618940431	-2.37218887152478
2.44637641283176	-1.80902291566715
-0.564362722686905	0.539474589179052
0.854024097262643	0.128413622928407
-0.0590486347505047	0.14999104702372
-0.369188244408495	-0.458751868857718
5.29794182072672	3.83899700311522
-30.1108343200892	3.54537534617345
-5.27682263665617	4.66128857731002
-43.3181265937698	-8.72992098471617
20.4435373099021	-7.71614539768407
-18.9327261179546	2.14536662510021
14.3878759250206	6.87741649709727
-21.2480973549091	16.1155704634745
0.668166062869886	5.335052069297
3.23638184803811	0.696312555285178
-1.76604660703981	0.803511467466606
1.01054235371409	0.263125562497791
1.20288778508822	0.00413225934412579
0.232047954892669	0.113163706982406
-2.07783685268635	0.778756741872433
-0.533209524385359	-1.49373211039169
-1.64231715289764	-0.673272490450437
0.657408449546902	1.1462600110147
-6.5558844022168	-5.57489638576264
6.93295220925035	1.39929004669273
-5.11136958070738	-12.8289972599495
3.12248687788676	-21.9288083034892
-2.60953595712293	-20.819482826149
-0.916076817722253	-17.9484899628308
1.51942000738818	3.65865392389307
-2.41434902575327	1.40705321437913
2.59654209545747	-0.800134279049026
-0.802999536848908	0.695582918410879
-0.473410885235704	-0.386684816892727
-0.0799616843358831	-0.07540074165339
-0.748949998106644	1.06586343302388
-4.55850145568365	2.35796006347469
-2.08584600577066	-0.916577859756687
-0.981612493690728	-0.971517203058844
0.219577617587064	0.823539100729648
-0.432293994328585	-0.172251583577317
-0.376311588865129	0.647264410933634
0.267264102950125	-6.16182980623217
2.71053739489969	-0.060334013378611
-0.141552709803398	0.167008256259026
0.119493986615427	0.930734495813473
-0.115315310402424	0.196283918366096
0.784242804074787	0.429731957226022
0.0151042643981608	0.618737357096301
-0.447046132580567	1.00352342835096
-191.033826843733	-49.8711792724669
-186.46389896239	158.033110759297
-95.8958900368974	375.968596764522
-8.70155112064353	0.115170790037471
0.991184754340631	-0.868808412400061
-0.566338754506637	-1.32686199960539
-22.3299266644207	-11.662991123778
-4.87154226233174	0.841550769432026
-3.89129688491941	-4.8908700038046
-0.280403103479894	-0.602492949690734
-0.213656669501927	-0.0202066092476387
0.860518950059822	0.786659478086171
1.03378927354894	0.184166240814385
-0.00187527080918906	-0.266226647961246
0.596218313265542	0.16096324686358
-1.47807693520561	8.81758792961242
5.01312759847241	15.4891659073663
0.895399116904366	1.71317549370952
12.0611279660269	-1.1473849481177
3.05529812139419	2.9470406389656
11.5768222696249	-8.90466085573809
24.2079144927983	3.80083057675913
38.9191362349856	0.35789606202779
22.1205975065433	-11.8522286313719
0.218743662062948	-0.700324470831081
-0.770497280249851	0.478615718811024
-0.420582415412019	0.0911347221384487
-1.53362043099818	-3.77374562568597
-4.98540358226174	-3.14321580750708
2.66731735241377	-2.35235453956548
3.21341133171577	0.547149324079997
2.14882784740504	2.36972636325823
0.786874580066678	0.056223431048132
2.78306358797927	-2.16421952782442
-2.16319982814182	0.592765318068491
-3.28527988764886	-0.930967349674899
56.3165090029685	91.8613443377691
189.951364442812	125.822065769558
142.3809460909	202.194897341193
-1.31559951335244	0.135228848224251
-0.0909262420329154	-1.82100669198369
0.574132746015867	0.115655371945874
-0.670857453661501	0.134786609499735
0.18961962471947	-1.34471999825441
0.471095337472748	-0.192679479631464
11.5973303841113	-2.45013022681573
5.09703794124035	27.2905207396889
2.4944676954483	8.10958728787831
0.073077310120978	-3.23343712526314
5.67503802353467	3.59641952354311
-0.872607642639987	-2.36558905660052
2.28552426641802	2.54500587767365
-10.7072014520631	12.3718150719729
-6.67174194337304	1.21435608415808
1.89618748826692	-1.21283446609266
1.05664562089777	-0.282468720606533
0.745489349828744	-1.12308726581292
-0.226028193607379	1.05409249998543
1.02397218742167	-0.000955534380873499
-0.0542108203055053	1.30728588822637
-2.55814488985797	1.75429990950793
-0.698982797447442	-1.33860433566681
0.116567221727135	-0.420364570014389
14.0877903565936	-13.0620956892186
-7.35789476150279	-4.03472404958169
-2.67039278646713	-1.92308116133082
-1.10716278918789	-3.32048976347696
-5.83635301823302	-1.53828184821465
-2.59709720192041	-2.59189027430392
1.5772385060613	-1.24820015827268
0.807692469726013	0.497281516899641
-0.268007641307784	-1.6070349374831
3.35068661900342	2.77260235652152
3.53159228672936	-2.52082383593849
-0.588535377278093	2.34921518391444
-0.572230329263	0.406245707524051
0.196184604312893	-1.3756077150163
-0.0807204663827327	-0.469458438543923
3.5525550941197	-4.67186770521131
-3.72239408534194	1.04536096434339
-1.07728571486976	-2.11861806232544
-23.1693587881944	-23.8713137801138
-34.3454591563849	-19.6479879529474
-39.8567081198778	-54.5453366341737
1.1968668637153	0.983218957224533
0.990148077875627	-0.209895269103737
-0.824165701835966	1.39497908628034
0.29268139496809	-0.0356848577453934
-1.03079005947949	-1.40471503948522
0.933872050991651	-1.76725189206116
0.137557137238239	1.32826163617515
0.69732678554043	-2.28401720148708
1.10733991273053	-0.484999416694651
0.802391054989796	1.08900853653458
-8.43112648859308	3.4889858632032
2.37918935078479	0.972049845860021
-1.84335670617889	-11.4248299087293
-15.6808413158792	-10.608601699111
-1.62794044253811	-16.9139030288002
0.397794185515577	0.0952282246375402
-0.355971635934576	-0.308390717508334
0.24083731813366	0.519766960953176
-0.102954500584135	0.351190957446201
0.0354740459950841	0.294608558427812
0.0742827484235088	0.623104935160568
0.942007857625407	0.771700861554431
0.145993260502458	0.289465328578846
1.43129622722644	1.77384573507913
0.441787857743258	0.131038263883513
-0.938471383919394	-0.92752286493796
0.356856143520728	0.377118440508977
0.547991824901844	-1.71957591913444
0.161279983447368	-1.56032160357587
-0.163425718711748	-0.946240671872347
-2.17420076777608	2.28851864749993
-3.93875883030763	1.46871021037175
-3.50311466234166	-4.56920280062646
2.02495138799964	1.50840845260193
-1.62081419089896	0.643769477625886
0.333317263961691	-0.928666107831661
0.130948584251788	-0.738081329252022
-1.36817090259956	-0.49508709138091
-0.298798615218222	-1.27911285197909
-8.86246798083737	5.56351869416577
-13.973395530191	-78.9198129875175
-10.0522454561483	15.0499824587317
-12.6547891250867	-5.69832399378206
-1.24632408970599	0.397571502588579
-11.8048783784342	2.09324037022686
-1.13358203512891	-2.91778242524432
-2.26619018868522	1.84862662693488
-3.02168943847522	0.0567694402976136
2.93514428942838	0.616495285364195
-1.06850431848569	-5.74287782586483
2.0355406679826	-1.88798203002047
27.3307895981711	26.309273465066
-4.83849720080978	46.8312535563445
0.51788781325425	32.1226422035816
5.2206350458964	38.1546039318735
-26.9514321954912	-24.327301759414
24.6614982448586	-36.5572447967094
220.104653212932	-618.196731881747
104.548333199392	-348.010241210709
222.484263293499	-408.726446159458
-0.99662951011098	1.0502989971969
0.00465054801961121	0.708013671489766
0.392339733365056	-1.32715670544688
1.01181665532214	1.20745819545285
-2.1526167481379	-0.546699122486493
-1.49385985629133	-0.143391733207687
-3.47927138550071	-2.42271293715962
-5.47925611558407	0.44688080717203
-6.71655298600288	19.6787278890279
-0.650491410490729	-3.77011880811601
4.57615860351007	3.46373932317059
28.1579616293937	8.87616590630641
22.8589100667469	-17.6249758636745
43.3192888666141	-28.2856173294836
112.502089134327	-117.48156244147
-0.25261236312564	-0.413516759098656
-0.151198238058529	0.804426387118592
0.0232326787587747	0.495490559788786
-3.50391921924469	3.24897194475918
-1.88104589241474	-0.720055986452042
-1.12311304427988	-0.965909678212113
0.320044171314613	1.43732718691619
2.28809492432195	0.630153052404737
1.4401056852514	-2.72595854438882
0.0344527555373673	-0.0541230324232149
-0.0354923309067483	0.0104645391325172
-0.0349916249437757	-0.0364973709572368
-50.8249378149883	-33.4937143617852
-48.8079121985251	-13.0320882859024
-15.3360210604932	-4.28234900217879
-3.724033081501	0.546418308548667
-4.40555255785697	-1.58803964435599
-0.394832616899476	-2.2073618902812
0.209357748306195	0.928478338456555
1.19253219479252	-0.214668050351688
0.284545816950517	2.12184655493283
-0.921403256295302	1.10874247526371
2.15170270431477	-1.08485782871926
0.918307742145666	0.622807620322872
41.5721206550765	-7.92881393174341
-43.3476132086896	47.9487212370282
50.6208211145369	-6.4143912627857
-4.24249973923288	-4.58109188665775
-8.33721300749538	8.7318697076374
-4.53594144098237	-2.19715465013781
0.206015466464498	0.186740210529211
0.209037847108244	-0.40446281677926
-0.0264407981551383	-0.932351031283535
-0.810220055079391	0.701270863327055
-0.457124509726645	-0.423553992830557
-0.104029441888799	-0.0905166151538345
-0.794035836270394	1.07200637464193
-4.68091497794244	2.76682882743056
-2.19859468811075	-1.05396024933418
-0.0226822180398775	-0.0466152742304025
-0.0073782180802788	0.21550914092893
-0.108201638880908	0.0383652415884174
-0.378440892911769	0.441534297297404
-0.285655601951393	-6.36626804058732
2.76749163275524	-0.221216684850806
0.10605818132408	-0.190145989117688
-0.0295501981651679	1.33501091498362
0.50291390673781	0.12888161460326
-0.521524908858118	-0.682600610365369
-0.394860772024108	0.279934260723314
0.960277338076473	-0.5122449359066
1.16509815019122	2.95639233908723
3.44728438675125	1.38838785364973
7.27610597542061	-1.38855536876953
0.203460093589786	-0.420964723363287
-0.124832253418331	0.0871160390798764
0.977278760369634	-0.0182805705626268
-0.978973615166092	-4.35633704163566
-0.0955572504737426	-5.51326003292154
1.23765174138492	-9.03287044601114
1.01056214721187	-1.70717853773262
1.3051001228121	0.804633253326991
-2.36912624001276	-1.2036847286778
0.318756022800826	0.567411226612114
-0.107203438944111	0.465647154451811
-0.0852113222573691	0.286552988178771
1.44941244872651	-0.962795909214393
0.175150638017806	-1.52041894022827
0.358710847681788	-0.560770577291112
5.49146264281699	17.226229503285
3.02488397179287	-9.59640196045003
5.00416523498238	0.777211307007936
0.206945158084381	-2.35584932960057
-0.169498350641819	-1.75139747970583
-0.936584331271695	-1.17636584673761
-0.505544321577775	1.71747263536721
-0.722167633628928	0.541332667251256
-1.14090949453324	-1.03420179140842
0.678283840339647	0.196594988074225
-0.430379180867613	-0.949914329879494
-0.390006691248694	-0.229490169678417
-0.59024686396225	-0.337174856138816
-0.0781737171382752	-0.508517696193824
1.16900979102254	1.18108550173591
-0.845364838088451	-0.948530910108207
8.30632413435435	-1.35595488471498
-2.15496648244445	-1.49765309533595
3.18599432823197	-2.24270083254809
4.25434347952363	-2.40051600292901
6.85695515274954	-4.95549887866082
-3.75087996246563	-0.418219515540445
-3.46665457556405	0.670344547853619
0.705445787588091	-3.50785155000905
-1.58034456841197	-1.56392710891478
-1.52334538563199	0.648647728288664
0.824404574406602	-1.80636718323519
0.075397576141724	1.76986662479242
1.44403897154946	1.32234188982494
2.65338808391484	0.0416280479171291
-1.43675298199072	-5.60883549555277
-10.662419008123	-9.52076050471143
6.71396660354888	-6.85018961318577
0.0935974206413146	-0.777028225696516
0.203713101466241	-1.10531993219889
0.133560033802346	-1.89107688712723
0.851301143806012	-0.472451001709533
-0.54725496215837	-0.450069602626286
-0.253147954939986	-1.25620502974005
-0.283611946738531	0.359837145272242
0.491716093536922	0.0640458644400736
0.500409564016369	0.930257646043034
-4.57527936766399	-0.674630837197008
-0.96857078310336	-6.55710339173981
-0.343932771672321	-3.22508664755811
-0.437192961704374	0.0238501339753359
1.12013558592151	0.17013461791918
-0.250921534533167	0.671122554705935
-3.79264850052863	7.87704879672712
1.5921821435902	5.24680092336929
-0.099007324465056	4.84041804880607
1.75952365341623	1.90853774825493
1.62203541758745	-1.30515542250113
0.775990073794166	-1.57889987782641
-0.037006589022571	0.205808646020021
-0.53195781690489	-0.380985018078118
0.10764869028498	0.360895231386622
-5.97063765752146	5.16928589902376
-7.53011972184685	0.619922394079197
-5.60794468303992	0.666711962931692
-0.690490367166436	0.905147988119383
1.82983566569264	-1.77465562844687
2.316076292626	1.05317740960352
-5.5620624073564	2.91353860015917
1.31570634039177	0.464221764890789
0.18516496049155	2.89950801836686
-0.477098328217281	1.0453546531311
-0.698337679709601	-0.834885148201867
0.319383178188035	-0.220955950705737
-0.819106358908526	0.699703067081856
-0.485236301734363	-0.359926368962608
-0.0916996325555801	-0.0663166588289755
-0.698962162624203	1.01568660982307
-4.31932776117447	2.32371132991978
-1.99419281408537	-0.89133284031733
0.0496763480837809	-0.0514868101409194
0.101884973849126	0.262964144509024
0.0342129382973051	-0.0300942838498286
-0.484334449403609	0.65886495521334
0.0958935900692416	-6.2114524057662
2.62455326352467	-0.0668173405859938
1.08303344314712	-0.140836115709333
0.711625765856323	-0.858538249119706
0.587188440844449	-0.319944341868058
-0.0844589854558683	-1.41196575644689
0.639011614244568	-3.21408253710177
1.02552922439264	2.80762449794463
4.02963853614371	2.9011080608122
-0.172075540862386	5.87723901522418
1.72579382577589	3.41020714587725
-3.91511627904078	-2.03099685250726
-0.852434413931339	1.96545265755523
-1.92238555404217	4.13941862272958
15.3122282090884	-51.9944954965994
-51.0181564216479	-43.9340535982818
-27.5945896292253	-64.0396221906752
-0.195035370266527	-0.936935663377083
-0.632582629734492	0.636199201735046
-0.332393880223543	-0.991771439603096
0.316202705032297	0.311786861797598
-0.16168190524471	1.08699166605438
-0.593484252113263	0.204591291340662
0.0700881494425431	0.288454156092969
0.500546009224578	-0.0963793982165893
1.10886755639468	-1.17562305860167
-0.0912020322533776	-0.000242126230154855
-0.0140751186861075	-0.0261592033877622
0.644994611494055	-0.675146311107157
-1.31361795144862	0.0545591787308923
-1.01980285250326	-0.119844086374653
-0.584031679479013	0.546533242443531
2.07591385221414	1.14131647403986
-2.23312893945597	-0.88224967374277
1.41195312833927	-0.639725553413248
-3.4761151072017	-4.5766938326797
-4.96839864466147	1.15027493363331
1.54355216314352	-2.47583030142514
-3.10904600848354	-0.0138675924832122
-5.98401128029991	-1.12817201094338
-0.365105481523201	-0.966262699445647
-19.0053305812023	-9.93665975749183
34.5268056410708	27.7031316324719
-12.2603551064455	0.725232726587524
-133.979136937635	-27.7727870733481
-141.553556039684	50.3189053136183
-212.121643801073	-105.135880992004
0.686723163648583	-0.692592714711453
1.49297731466255	1.0249769428792
-1.10233320948671	0.12324395520169
-1.22474354030809	-0.502270151572791
-1.37311119376379	-0.0528457862849516
0.345782303713641	-1.8975621423971
-0.855427864897161	-1.60867167153198
-0.649025986009687	-0.733834665590554
-0.246082263286855	-0.266437912586842
4.98927822401967	-0.517951936950186
-0.389754812959869	-4.04536627431932
2.07531943098681	-0.0475949576421007
-1.85158794060895	-2.82293104645016
-3.08260970653763	-2.42790240521519
-2.91622193774891	-6.56442057606315
0.697604156376627	-0.366657572960949
0.999038313177403	1.62970799752206
-0.0533453819765442	0.0340110390127839
26.5905618170492	13.3385354550902
-20.6727184968767	8.38892316880075
-7.04109996529113	-14.2971945243755
0.186802509048403	-0.93587710722288
0.316050609856473	1.06494997042411
1.36565769667277	-0.576980725571286
-4.70741117289891	-1.54182666393475
3.50668804073283	1.1283311707703
-1.74641534403459	-0.333652519788592
1535.1560479216	847.347482058513
2550.65157744056	-856.739835527176
478.359317610299	-126.331909300525
-2.1441718320941	-0.231491415057326
0.417459442217622	0.2259641396648
-0.546447540356579	2.24712370918981
0.155548293795328	0.233563346737528
-0.511992130543863	-0.894863772708804
0.671727805892145	0.371136088846661
-4.87493639582651	8.23802811930753
-10.35686639755	1.1304637336221
-6.17598705271095	0.927299289682188
3.91695784482754	0.848303526401275
-2.28393677597509	-3.15337213128381
1.89613275149703	-0.1145773679017
-10.4139948277614	0.598899433796492
-2.23869157881852	1.87344794493188
-5.36747110641163	1.66475114952606
0.578826992424785	-0.991566822278819
-0.697432512075446	0.691344804566747
-0.462321565848841	0.491662385978618
1.66798658852444	3.60873597644893
-4.10608833774684	1.58536082543794
0.36168818300431	-3.32025847068506
0.839834464436534	-1.33291885529927
0.208997912983859	1.54824341991868
0.564081097916294	0.118989072247928
0.996540870613212	-5.40246523658821
-3.40184344887904	0.133727882555302
-2.37133233404962	-0.649578030421856
-13.9206854569531	-16.8950764448931
-27.0996972116301	1.0221432115082
-13.153405173848	-5.24199240812164
-2.9803263428565	-0.145742072692703
-2.14440007979401	1.48332956465777
-0.24810451078518	-2.79023146516272
-1.05324338636533	1.14231598043465
-0.0316048941619027	2.22540207990594
-2.14248564793286	-0.641997376250017
0.133476592328153	2.23005061080597
1.99908017206497	1.75093700952663
3.40935677003958	0.16199583634
-0.246812965139045	-1.38984182645254
-7.49665275083659	-1.76923601964539
0.9262572825919	-2.75222983009357
-0.619986990292966	0.151551107857277
-0.199748876119898	1.10493122808709
-0.789738224592632	0.23711874488285
1.19035913897598	1.10602399337135
1.10836694085471	-0.184892996058326
-0.846557585489459	1.47342191113145
7.7608098079064	-11.1742199817626
5.76195221391408	4.87476194489501
-6.91510671030489	0.193449918884267
0.111908567158836	1.7877243828386
2.36895781520087	-2.00395098454296
2.01464943023255	-1.12850109874109
0.353480112564496	1.32426761987696
-9.17971001656525	0.778918498724098
1.73583002936257	1.57635829168507
-1592.76863776504	606.265779526936
-781.744910274195	654.967705410948
-595.007745960851	723.892929774953
-5.39702593180013	-0.168782480256315
-2.15869373898858	0.321546232497173
-4.03127539595904	0.482704254497431
-0.0191519712196457	2.47949649843701
0.911581163838686	2.99169791291055
-0.586708035748888	1.21123795323017
0.0476857554209425	3.10641422873841
0.748488477319691	-0.0113080251925226
-0.786428235681279	-0.58902821899756
80.4019279018461	-17.5150057259955
4.6905374130129	-74.3706429787907
66.4906376468325	34.9577861298262
19.1426924449382	52.4350716382138
-4.58040500035454	26.5814981205618
4.46621528910944	23.273884052663
0.0731422128342626	1.55315632597757
-0.196542275870863	1.31609607237031
-0.548100616918605	0.463206709638512
-0.197719425354404	-0.413587936704353
0.121062862910804	-0.349983939607087
0.708224887143561	-0.458540817568775
2.19568499407066	1.23690884398197
1.21597815550364	-0.930730633213628
2.0331329872162	-2.28725905353601
0.69134192480634	4.19017771959903
-4.01831585900754	2.23081054011334
-0.320503678742615	-0.594873354937926
-0.627717565003004	-4.34982166967808
-0.654278963219931	-5.87634976247612
-0.214130403224382	-8.52088613104973
0.589816390656463	-0.522744814630833
0.877388519466358	0.602360755674192
0.290503378229708	0.322667403278725
-1.88954786151283	1.06557874524585
-2.73963368520811	-0.84775762339818
0.554346420906608	-2.72294950445575
3.93768184610907	-4.98652211482788
-1.39791180779041	-1.18691305804384
-1.64626631242471	0.0597311027146694
-6.82563491974265	-3.97170413813999
0.42467281182178	-0.94216078154603
1.0527684709166	-0.922830769305526
16.4763888552599	-10.0396978408355
-0.399596241510581	-41.7762865319269
7.15453801943529	-37.0777793633189
-11.0740604112116	7.00637117914334
-6.91243727724791	6.88408699630657
-3.40521674257573	-6.08960815450777
0.786725959063388	3.29582644490676
3.57538350465919	1.95311394638686
-2.97830667437468	1.75938991995607
0.674614795135137	1.06145500165514
1.96283208942086	2.15675643714457
1.94188398666469	-0.0474835893328313
-31.5158363028336	-10.2971862875045
-563.38225257619	111.851853407186
138.929156825146	-103.511920231895
8.2408044987376	19.298499957971
47.177170774258	33.8446700365449
21.9299569577096	33.0540515918035
0.41171371547712	-0.561719134141582
-0.292148779266388	-0.359199097353697
0.257588091823159	0.763858341440303
0.615366148099047	0.00723597228719552
0.242613546640657	-0.861632419422538
0.864729798425296	1.11212235275531
-5.90250563562893	-3.13161047590567
1.22826503548324	-26.0803157200951
5.94417625766694	-7.61023409299098
-2.71170192546934	0.254456382658513
-2.77530264998282	-0.827710705929146
-0.704197520874414	2.77162241695035
-0.528192008591296	-2.12980947599536
20.2724395720256	-16.5883371948054
12.3662469663469	5.52560182599049
-0.0986259820092116	0.330224901255811
-0.196230411573317	0.896712444109333
0.429248371965133	0.291124330716408
-1.30266850622648	0.354877677058278
-0.0724804645981025	0.708999694603386
0.552010920450692	-0.830605380086977
6.65147190814219	2.91612279878459
7.76535019067794	-3.63696671559482
9.57621870818625	-7.96134307289341
-2.24973522441197	0.166852315244224
0.958182550918906	0.248818637339283
-0.498147498223743	0.810921330401153
-15.360617507734	2.55900429919772
-9.04423006046038	-0.713251629627849
-8.60337546008747	-10.7003113751318
0.28031740322967	0.550634633641126
1.67058559999825	-2.10484863036322
-1.1442813858513	0.350973528920018
-1.39093739666332	0.933869774291075
-0.0426701056760897	1.77748390234201
1.42279436210201	0.958116124723731
-0.34829050808604	-1.02860036917154
-0.263999436853376	-0.381462943897994
0.0789139410364197	0.649515742409768
-2.74673585597102	-2.9402776047035
-5.98979681269025	1.96431643505437
-2.25694735060918	-2.4344800790161
0.0889101762029362	-0.0362699316999101
0.0222510701839108	-0.0559828445399256
0.0180142066438051	-0.0230908118666687
1.61717831452254	-1.06721516587876
0.263837661634522	0.932260066178959
-0.300854348059807	-1.85893646678294
-0.893003435408476	0.677194699290165
0.0533546926377428	0.99872844040927
-0.387870238933689	0.173197975734731
0.17418205082867	1.18009089443687
-0.0850454740767169	-0.830924044756446
-0.223903103234672	-0.327187087948763
1.20156978351945	-6.90536185870917
-2.92931982668134	3.83839235559021
-2.15430437144915	-1.5022204415097
-0.560128640023609	0.817654746052459
0.675132432660401	-2.49752997876875
0.544300784198822	-0.132643996553347
0.233367684381897	0.981202860866792
-0.383562756095951	0.092848282521964
0.518188669536016	0.365749916388522
0.684997613331479	1.81470494875466
0.17739608333919	0.241604629620928
-0.0257310994071569	-1.56018047890644
1.28013016066089	-1.46656939192163
1.55265465313054	-1.31236150937453
2.54015965988709	0.189877552242608
0.601961883772798	-1.04958132274031
-0.422104514083784	-0.203637576599833
0.295407476857281	-0.135168883384453
0.569592795118984	2.02219833341036
1.19898502073775	14.1831191825928
-0.376175060966263	6.71476867744442
-0.961309804480813	2.03856541217461
0.276900986252542	0.375339727501321
-0.748693886854044	0.327736077386693
1.07019229714691	0.986589284039616
1.14071874791828	0.191312767916858
-1.04037658113865	0.645781013234789
0.212484222071533	0.826069370095899
2.82018189598347	3.34959316200462
0.72068235718847	2.24610607466788
3.30305605079696	-3.81394953116762
0.670857406051256	24.1848827402137
0.745960130803715	-7.07596065732912
2.93850914230784	-0.657790176424109
16.3362080212096	0.232416244412883
1.37227223707884	1.41622298802
0.0191792196923517	1.06501297957604
0.108750332106907	1.95374570955541
0.0387974062462768	1.374250539874
0.522706840444152	0.955486042767116
1.12797451653581	0.374391225933692
-1.08618998527728	0.793303963474487
-0.98929405685431	0.465694949499704
0.608780046608924	8.15272569671766
5.06786223008438	19.6315390038413
12.6248590369387	-22.1738260601335
5.94385626729283	3.46908475145262
-15.1345488218632	36.5431227329751
-9.87138497385543	7.50790279077336
7.58326820311934	17.5610218705591
-1.92845223208689	36.0130333943985
-0.237405567897184	-0.165470140608068
-0.0663862590801251	0.825274647008511
-0.0371497503135184	0.42937782946858
-1.20364850581471	0.498362884954267
0.166695029982206	1.02743868731605
-0.486847804701578	-0.239647429580188
-5.34247604794391	-10.7674516264299
-16.7421662964141	-6.13532192051082
-31.1805665375831	16.7424562411797
-3.07959364053035	1.90328612885824
1.92084640366341	-0.28191707793262
-0.357557035837499	2.04026609529628
-4.66745794945258	18.9498416891717
11.3606959297843	9.07055396981154
7.2463435432661	-5.33532343509314
-1.89224849344047	-0.256986463127691
4.0336163779374	2.79316729142341
-0.234438113797872	-3.22533849094903
-0.255458216373181	0.985215980803915
0.0858820382270059	-0.1360992553952
-0.819699437978699	1.76779977717629
-1.06642282672289	-1.36514419047221
-1.80026960315098	-0.0858124868606671
-3.08985446097607	1.08590622645279
13.6254868575758	7.44592494189532
15.1831096063725	-10.8844094373622
-8.14301180675952	19.515160137476
-7.8760394769294	18.4925573073448
-4.96559569066782	10.921543589663
0.218276545572675	10.8197570939608
-0.940717380525746	0.382805804531451
-0.297493521220751	-1.74646286737753
0.860986574993514	0.136040267509312
0.804700796071693	0.414134987138021
-0.366477012584028	-0.604710520137279
1.11816719419986	-0.44428827500971
-13.3388530844334	-0.739823650308078
-4.73176377606984	-25.2706043784791
-1.41937204158586	-9.01548553917659
2.74094380877196	5.48089164947147
-14.7490091505342	-5.97086151768514
2.23613034860113	4.71528929607888
-8.81796198358034	15.1016615143706
-13.8833660348004	-17.8227014848821
4.18094490095058	-1.05260918351304
-0.227738167169445	1.35663571315411
-1.58516184975988	-2.1267130797291
-1.35990683621867	0.842849043404005
-0.854943919785797	0.871995952365132
-0.0346816697858403	-0.508707774898914
-0.283175768506623	2.00499117307271
-0.594464345012498	-0.274789004877057
-0.858348726338567	-9.19318399858609e-05
-1.35236131936615	0.718154302840218
2.15191903369819	0.930810548889013
3.43333463709539	-1.26376049173837
-1.10373563382203	2.29073446648252
-0.220544719852295	16.7553955964822
-1.38558282236596	10.6973771794188
4.52277436956806	8.70758262729357
0.183165949952726	0.0102356470533255
0.268253565979454	-0.0500680767967674
0.772048275051989	0.690152830019612
-0.303742720586299	-0.0646790404641675
-0.1693630301264	0.900254351684654
0.117009037052812	0.768397631349861
0.885151956865186	1.72414031230395
1.96848338548171	0.0431243130186781
1.16439262000243	0.604048359908301
-0.0772715829499085	-0.766682286059781
2.39327808565214	-1.24663830367235
-0.358175768016082	-0.644291370559964
0.92454009639227	-2.85716713721954
-0.20974586254416	-1.57691770176431
-0.0346394201963751	-1.72035641741829
0.362547010893021	0.170695552760952
0.552618757580258	0.133886601720685
-0.467094444038554	1.06376472391586
-0.161298638101942	0.255735942933303
-0.220891553963757	-0.402294461995145
-0.223701237819708	-0.952802529203481
-0.661162981106662	0.4747356801965
-2.86255258829862	2.87592385246555
-1.06484613800644	1.12563681620537
-0.567150211593748	-1.17731229477751
1.05298960063622	2.12568862843592
-0.00396242656675006	-1.23225496843976
4.36441943846551	-1.06077378383323
4.85184768225943	-2.9534009552489
8.5657230604845	-0.909332742528801
0.311225866106632	-0.346418409157471
-0.275427492218246	-0.415028951604831
0.388274670190378	0.490853445889999
-1.8927161028256	0.76385162697074
3.67637034096035	2.80671478886731
0.108277346528741	2.24167957818458
9.16106764108931	-4.15287524662689
19.8467087867595	5.94764081905662
9.36129155373052	5.86352954635779
1.15454761725685	-4.93673290076882
1.31869342550154	-4.88651518104307
-4.03351953284395	-2.05144084865304
-270.418434497189	123.460283277665
-219.118746528961	54.365998649701
-129.637392619118	72.1374608279425
3.82958935766326	-1.65533240133785
-1.00561336466015	1.76003561126752
-0.380570281956008	-2.99241671107864
-0.430220247800711	-0.432429089191199
-1.02992412822624	0.130865879817944
0.359835855765874	-0.14949335510457
-1.57031059453936	1.83029290069197
-2.87010398459674	0.700062704134182
-0.768857911353718	-0.164987752074219
39.1224120343729	11.2968593316683
-19.475914535641	-19.7286149523267
13.0916534181806	-2.30867480527052
-2.15848000878065	5.39830157209945
2.87595134404823	3.07547098875376
-0.889960487082355	4.89812116316802
0.537592217649966	-0.861705770546113
0.349347219585106	0.0388035481585278
-0.0702912869048349	0.374180191727465
-0.135667047160781	0.146466387227705
3.00149061487576	2.41405958074044
-2.83107075554643	2.94568570516818
-1.69558252231432	-5.97631723101284
0.95286632636105	-6.97318999088546
-0.435049371448446	-6.34921803511397
1.5764369094457	3.27900614077573
-1.17951987638394	0.202226431512764
0.223785343368275	-2.61292208438083
29.2340056980627	-31.8816767866977
4.59136534613924	-53.946896950633
15.3852084868702	-38.8443148358858
-0.383998709076068	0.394524879196796
0.250882429959646	-1.16991763188006
-0.107453588611611	0.617269670110484
-0.0947609321346533	0.557097311638102
0.434656945013739	-0.466510937802556
-0.165867160457964	0.0954131661540045
2.3412804151339	-9.10057035483916
8.64356710065729	-8.99137090847518
6.66638209653805	-2.76420993042903
-4.11162605528153	-1.42838264102174
1.02705322194478	-5.54473937807237
-4.38966956443601	1.1669207924749
2.80927290378538	6.02943167596792
10.4360153479609	5.30716846231499
3.45810575812471	10.6202095318933
-0.496030354458932	-0.539067718992723
0.455534321537177	0.222136701959013
-0.515604049108334	-0.0164047426028231
0.13731372482647	0.214307117954124
0.335063753161653	0.736900618135994
-1.51513867216196	0.178298400866933
1.3466565873761	1.70292537385914
4.12276060243629	-4.45565587576079
1.34701472545153	-3.01383264286158
4.71397472910268	3.45200471815457
1.75868943655665	-2.20455842739649
3.5900429499544	1.33328502068598
8.15626865755783	10.1307504866243
11.0379082065774	-8.29653657129836
2.88334126801578	1.59155095949059
0.457530572520435	-1.33002826446787
2.03733116979734	2.38372877314897
-0.463569394796261	0.495618184675683
0.880461327393848	0.867151407337863
-1.257673499224	1.7502435452398
-1.03475167610741	-1.11700965131205
-0.314836716730208	-1.06668282574842
-0.316295064729983	0.353165363742196
0.236874204260705	-0.264493269668214
-2.32912651819642	0.526820805063959
10.378921983574	0.076846213388812
-0.516746301615704	1.52051789485119
-1.78564245245442	0.0845749954416528
-2.83285756413575	0.84913215987047
-1.03956997462899	0.398029476557955
-0.360205762002747	1.35101804218117
-0.220237316132045	0.2501109904844
0.145270176299016	-1.60255324972969
0.325153205862053	0.319406608674531
-0.0864237023343943	0.322388019185552
0.491812709494706	-0.505961263342437
0.0490443807425337	-2.31452423100605
-2.24235695252549	-3.45881626542361
4.67864440884603	4.86240849319443
-0.129270282821503	-3.05814579417807
6.01330553790576	4.49742705997361
0.981282849879771	-18.4167902954081
-3.27471234261383	0.688011211493007
-3.41728747062885	1.1526531666111
2.28037318527803	2.6556680856673
-0.203790287490627	-1.15661807495689
-0.0934573541110607	-0.602402020156088
-0.370968241007739	0.374885859610222
-0.211801510762729	-0.461784222447532
0.0928361323753373	-1.32141113558472
0.723356249049802	0.709623516438942
10.8321987738513	5.51551671253547
2.64177039412615	13.4208715567105
2.93295303886917	8.1279108686109
0.813667300163421	1.1589309949893
0.763185616024685	0.904530872172149
-0.837176798508213	-0.922925656397949
-1.15878894781056	-0.496693578385911
-3.18627429402705	6.2612112801841
-6.3443996500795	3.38296118524693
5.47307406563309	2.72550810986345
1.28310289898255	1.89718469663611
2.02014180904776	-0.195705700549349
-1.63183012773058	0.378587486451155
0.656518298887138	0.668243676047513
1.02472256097383	0.722206315454188
-2.60847378625718	-9.00071855887013
-1.02643443952471	-2.51603527941779
0.52317327812933	-0.380238780908956
-270.317710731512	-12.8378547742709
8.00168479646186	-0.0938941474017512
25.701853607585	-34.1006507101991
21.2894191252439	35.1867705746793
14.9667053874007	-5.14015620351169
7.68239951921443	-6.58982930677255
1.57638176918966	-1.49658209331384
2.0680931605237	-1.23060995687209
0.0303917021957404	-0.332202762830477
1.57319999845812	-1.12983925231376
-1.21594975417285	-5.14187946099168
1.53645046697242	0.563610467262422
2.95289479738688	-2.30852211537968
3.38582675899443	2.14286585669054
1.61213933669757	0.224428399235193
8.58498873637432	17.7118064458419
-13.5140219507689	-2.79125079455261
16.4816521214606	-10.4507206493438
-96.5917792300138	37.772701126079
-69.9631056080979	115.598938153449
-117.241806869272	107.382946172751
1.05853506073627	0.409750222134141
6.61203437373022	0.983410302853875
-0.168516069796495	2.53556175604932
-2.69328271582213	-2.78865911798832
-4.28764709601743	0.304977452770184
-0.270609183433164	-5.55828315963082
-1.03488167682955	0.919246881252677
-0.17035457884264	0.836850590432186
-0.976809634806153	0.491470468154526
8.01912861304356	-12.8627955749647
-48.426062631325	-22.0398693266779
31.0018714093878	21.1085313220345
31.0914065397411	-18.6266687870713
11.9914030730025	-7.6179431559687
84.9294030838723	-22.2828244824242
0.344442340551894	0.0277986516013062
0.228692456855034	0.118977186042867
0.408587892489404	0.341353033882217
-0.211595115551397	-0.230376197421115
-0.224085094387856	-0.28179929260835
0.394224684314115	-0.138358461304667
6.97859333204112	5.03233494797818
2.0977305247811	6.17136645007407
5.25455366877213	6.32614280616244
3.44540255177326	-5.73318817215538
-1.97855987916857	-1.24852319688743
-1.51485688816921	-0.188938528011928
7.49216977343553	-9.91127006907051
6.05889265113828	-13.0848855350715
11.8570057657504	-12.7481250268684
-0.91021512628475	0.909045011032789
-0.654996240728375	0.0371579416527132
-0.692162604465654	0.889411249507154
0.362272517146868	0.807202167166988
0.760093516461691	-0.891810155291432
-0.324424271195194	-0.275280212660114
0.760948583148614	1.08932720526001
0.225394540466989	1.43438142477383
-0.501483910490983	1.89805818606596
-0.222323283911031	-0.00508013011650227
-3.91187147441432	1.79819744803311
1.44758279940633	-3.52690678097247
-2.1410943646079	0.964998597975353
-1.92296958780058	1.22102099155053
-4.79306126579354	0.678294183133693
0.352136980471284	-0.161558997974226
-0.114507223065291	0.876060235115579
0.290677545549345	0.0543055989468071
-0.116358291922339	-0.145164600884278
-0.153657416529938	-0.859327755987857
0.135666196887713	-0.894118541203923
0.239110120472368	0.0463559860758221
-0.317141004630931	-0.560999682421568
-0.509458139576582	-0.239453549515553
0.719658163770523	0.305005834981637
-0.335262533314644	-0.406265498871229
-0.0122297776448435	-0.0704884601646921
0.200518290512545	1.35097227678184
0.170399226240834	1.7387394939099
0.27485165901004	3.05414334411883
-3.17723176422166	0.103151129524108
-2.47348260732464	1.91456081354101
-0.318331799899332	-3.20143226295537
-0.249389045109275	-0.450221316410096
-0.0810797654417651	0.968596278031567
-0.146844469061098	0.0295580509750857
-0.1160682660383	2.19578844641982
1.78625416691359	1.9489327445918
3.31784495815693	0.549287275621106
-1.59825929276723	-1.15168565781438
-11.1211094637728	1.18634624556452
-0.60834568815171	-5.01916401030794
-0.355077831719018	-0.0385702038564619
-0.164781941168283	0.110172926278973
-0.149358627430079	0.0298095970088337
-0.804944714501946	1.98640537289661
2.25079701559449	2.20513611155423
-2.74575737907616	-0.737569858017091
-2.75036895904441	1.94903122578265
1.32574209804096	2.34456207344925
-1.89058214977203	-1.90191367452536
-2.15549345217687	0.773997792674805
-0.880590663703843	2.63973763755797
0.345067172118285	4.1884039031283
3.18400677768371	-3.04991615043766
8.81126669868254	-9.2565157077895
5.80708368185732	10.1475432986314
5.68375355650689	-1.21836597421611
9.23909256647523	-0.799407560439018
14.7343474565548	-1.94860472422587
-3.74304915958101	1.31731448834981
-2.37219158320473	1.15559671041379
0.0887100114075444	-3.44355703499088
-0.235041416384142	0.162980669326593
-0.065885204969079	0.752270007689458
-0.274733487486374	0.0865774345390992
0.11545877878787	1.72716548702134
1.76005326113698	0.609187008970532
3.48265479550942	-0.452825315476484
-6.53505006046218	-5.19026088080844
0.607908865269795	14.9334800236813
2.87659550917707	-17.1841817182885
-0.440144792275792	0.0794737425747763
0.0306155271291214	-0.561280714746979
-0.530315666366267	0.0646895050032913
0.240479662346131	-0.00618657810782873
0.147703190671092	0.982697392469942
0.164085082612204	0.143653372437555
0.0891889832903467	0.710999246127403
0.328525968497654	0.9919092207615
-0.778461024547898	0.121452943257529
7.20823777048665	-3.87273748066022
2.86806465531724	-10.4893871629788
-7.48132059893791	-15.5485318847138
-1.4047797484221	0.955786209608395
1.25745462508843	-0.193693985643933
-0.0494605705183948	1.2913146894099
0.621770866599625	3.36141165533014
4.19133078294241	2.36957833755739
2.40125262569268	0.943492355084434
0.25826291514803	0.229397107070262
0.498717163357399	0.0728579745860831
-0.401072774601757	1.01076967888534
-0.642996616164857	0.724992882551167
-0.357151819282481	-0.940342554525807
0.353207560382578	-0.353181739525311
0.0602320379144031	1.15529370451319
-5.98404134987845	1.36500289002218
-1.31664308538598	-0.359629869690712
0.531910969776837	-1.25219579821603
-0.945942050023682	4.38203361256199
0.706262104569831	-1.37305727220726
0.565981797802592	-0.250184308350366
-1.32018394392963	-3.24929685253286
0.86221420257096	-1.23795094903524
0.34876588278746	-0.973828304254247
0.0244771562464661	-0.0672739700115417
-0.100926959771291	0.57173967435424
-1.14684614316325	-1.15313640069415
0.41669156102559	1.79923067051448
-1.33600232121413	0.557231237283697
12.0098100045047	-84.3208612828432
87.681259466261	-115.956604087137
69.157258947974	-102.427388520339
10.6494435276508	45.3363231129625
-0.191807608681909	10.3979175133199
6.05517055450003	-25.6030728845474
366.840738125833	373.982761970903
190.975864623217	119.009002217088
182.25026297411	36.3126155208478
0.0204891523610154	-0.295532976192656
0.744097228597386	0.641957936600183
0.22874417054804	1.88741231667629
-1.72645639327718	0.834054127033276
0.261231198256319	1.06373156028984
-0.913806396272854	-0.0290791617701353
-0.0549068780243161	3.65410312000009
1.83829513947671	4.21676418252729
0.307815218081057	0.47342172087049
5.32921218296228	1.36221952803402
-5.39456281787285	-3.11608247606644
4.29990821051048	2.80088222235699
5.98047968411801	-15.2896780121181
-6.72805702393642	-21.608609128285
6.37576098514586	-21.8234855279485
-0.785058653920552	-1.14292080680547
-0.184618486797847	-0.0919027760071074
-0.871385782605801	1.04611093743255
0.112123714198541	-0.0284030383533951
0.142739791348403	-0.967214218371982
0.333811883527498	0.45426121242476
52.2620011015662	-40.9567825764773
75.8860721565216	22.679486055659
49.888107805863	13.8453331764478
-0.0160323025937982	0.0534619647797686
0.0235571597685139	-0.0168968302719142
0.013825541711502	0.035413229226801
0.0620347672589525	0.00149327471415753
-0.00998776434832489	0.0382838365309622
0.0909131731016087	0.130687338938551
0.137509699591073	-0.315890314125007
-0.241750910554066	0.15038857249052
0.212317849953878	0.235075039991939
-0.618148143609256	1.20772295763361
1.72091838061947	0.66955498417559
-0.856918759991005	0.849930891091247
-1.7763795019385	6.18208056091687
-4.41788474254044	4.84240554263647
-12.447516124	-0.453642646152927
3.37416352511441	1.632134573454
0.0699365287386124	-2.55719464475046
-3.04687437801641	-5.82375627332249
-19.7200765365788	-37.6221723335221
-45.4159034769979	-31.5080474876838
-21.2287350754565	-49.5936634820118
-0.539554710560211	-1.63373654795143
-0.975162221202698	0.290206233478848
0.605265131308703	0.761871406442669
-1.35376604953878	-0.00451239346864737
0.161256431486015	0.813138416802774
-0.386933545993297	0.2898825843105
-2.19646017286621	2.34942828467781
5.34582813668165	9.51563269207378
-0.00366640079864457	5.23361999522307
2.29566012810828	9.57849535115328
10.9773691523114	-3.11812911996796
9.9248421596736	-1.4794777903822
11.7094078510049	15.8747552599291
1.11202790071132	2.86780351384193
11.6883658844084	4.33774404941096
1.91141828848604	-0.0803871827460143
1.77834951156885	1.14834357216858
0.439532713347859	-1.25343915528438
0.878678027904756	-0.0472208817743767
-0.137482510403968	-2.02568523354958
0.0419574633789404	-0.449587453116788
-0.463594928453645	-1.15048601368584
0.637367653931049	-1.26704190744326
0.100910927973495	0.112014967429002
4.94186290525986	10.9244696044793
1.09331388835482	-8.20176588433509
6.68699813083499	-0.718273059098146
-0.170039046364372	6.1782155114558
-0.0181994382774205	7.70651300488733
1.13993575923306	14.0777118875711
0.74884524449993	1.90887521969918
1.05908115439934	-0.509707554670968
-0.970650666097964	1.59848247685655
0.355218400869054	0.283287847413544
0.572752555764681	0.469479044586294
-0.785658752598313	0.981863497387067
-0.812743511313592	0.275875507927687
-0.505973752506711	1.30038691591121
0.288341865463062	3.63700349902909
-0.0379950520235521	0.612735315152929
0.551384978930954	2.2342046644143
-2.64195096058092	1.47020814123733
-4.14287875874956	-1.10840618158616
-2.46941196548286	-0.883728514362649
-1.83528968231541	1.18855077786426
-0.200945769221422	0.0952378590377873
0.785165501046586	1.28940976979523
0.0159282012951203	-0.0473229962117053
1.0896392239711	-1.98934181091092
0.457759019891094	0.872978445368874
-0.810630703921903	-0.632193037169355
-0.300471473298277	-0.0734680087312529
-0.130594598681326	0.744807465831879
0.338707618876984	-0.304746548622822
-0.40100925730133	-0.303815631792226
0.565084850719746	0.0555927568790935
-1.34480869501088	-1.0614156225466
2.69866702972776	-13.2291545131458
-4.10012506935722	-6.86338975028582
0.155634000954667	-5.90455576532756
-0.0661546152401872	0.00875119519419291
0.365739720175824	-1.18193188178823
0.153471919276499	0.349904351602329
-0.178614269486707	-0.147986590607871
-1.23476470208671	-0.466915347967882
0.589416164802431	0.127367369510472
-0.245978333007428	3.67956924719891
-3.9097218087807	2.96368387204275
-2.03793646890319	1.6667475463554
-0.0412766917466771	0.635930755182776
-0.289221813206644	1.74376600279242
0.340397061841697	-0.318231332447534
-6.48263604797258	9.7417199833556
3.21361116273476	6.53786825652445
-1.14780649867234	9.21792207499077
1.10645763054779	5.68636270270108
1.82990851049572	2.33024803193287
-6.13752279802596	2.12068401498189
0.94592001114367	0.292598137543624
0.26342339271827	1.02573030497548
-0.660478426838225	0.810758737308808
0.91444263065401	3.66979915339396
4.06818030986174	1.95375193082107
6.70170619343591	-1.31260912143813
-0.530944147671492	0.916973011823326
-10.9919469980771	3.94728398469485
-0.616429346765004	-0.0213068225420662
-1.52121751481328	-2.13066858531815
-0.69025169350206	-1.35808055016119
-1.3106239496755	-0.496727686780597
3.07450016981713	4.0595870107012
-3.66747868115094	4.33410080716123
5.15093799908952	6.96523950677788
0.0223892034579542	0.784507156810695
0.0418534838079336	0.893008813423197
1.07035693300774	-0.789791165788762
2.34937356615802	1.22509809496049
3.88032229058046	-1.07415637535771
8.1307623702	3.66170902824392
-134.751872622822	73.1903910485936
64.9373497223061	12.3691473313184
297.220390650389	98.1804947022119
5.18152767923604	15.1585255110209
4.41651081743516	6.23993711804677
9.97377377366673	3.52757610896233
0.234292594682943	-0.770112645075376
0.0830521157425459	1.07436364545361
0.786322407022155	0.173576376469879
2.16607561080453	3.20674385442721
-0.323080013320367	0.805221269234684
-3.1457029731459	1.35730680200714
-7.95276488147157	19.8383588661556
13.0428458846491	22.2267542477798
39.9203486600714	13.8242868161833
-0.236344886180669	0.0493517557071649
0.0746714015705056	0.0204315620885652
0.63766970961904	-0.511459855084871
31.92253188798	-19.828756283078
17.5302821903885	-22.4794754466334
-22.4972132196307	-47.2527520690449
-1.03976305317919	-0.224543037787821
0.481153857035673	-0.0698996206665418
-0.165318923083728	1.53343173462968
-0.696588225621528	0.828118752261568
1.06666127505774	-0.656558690217927
0.856624021963656	1.50315807399399
-11.1072265193336	5.89683659984115
-13.0233695846319	-7.13958682234246
-7.83135308124154	-4.11168880394904
-0.00510018469073814	-0.0505161196098211
-0.136703749642117	0.0989665765628767
-0.0183600709353738	-0.0460494552657619
-0.00994678788137517	0.0636554956471894
0.0239832226994978	0.106318701166153
0.00942807880317284	0.042551247052983
0.484040366776445	1.15629904787775
0.558090156150415	0.204403619065029
-1.00527453042238	0.743584681268701
-0.124215365527433	-0.260402763782181
-0.0674829771389023	-0.645350978687925
0.405267291801776	-0.684677486315286
0.924689433792683	0.671486210190239
-0.338227239000365	-0.650541437313069
0.308205379394257	-0.913570531675875
0.666642805669771	0.231210615533007
-3.33966272506104	2.64159643338199
1.38825505236252	0.0708050598166781
-1.08124364088761	-1.12225711329897
-1.52894830032003	-1.51493530596692
-2.14473168419532	-2.37251081890702
-0.583426806078519	1.15337091015258
-0.0645481186673589	0.279093692254871
-0.265387441603171	1.76002602351814
0.144301906473325	1.16175395750983
1.02343805427521	-0.0421019240245552
0.643747037350222	0.521039453929283
0.836441113802411	2.37375369489173
0.544601900648861	1.37997241021993
0.446329235492255	2.61465112010594
-0.730844582440946	-2.60888764689174
-1.09922290893969	6.29481895129251
-4.77431057335439	-1.22353305761944
-0.388253276195728	1.21305288435471
3.54659389219765	3.63991132524246
-1.3267328482902	2.42127243759702
0.131667839434481	0.271928567343763
0.758014622823409	-0.931448697462727
0.641421751155949	0.762803486162148
0.165174764076813	0.661784143059497
-0.748142799754188	-1.29617454576895
1.20916657848759	0.265058012579826
-2.26262141599503	6.39366862389575
-7.7987222159092	2.79304955487085
-4.24032553041002	1.60770535035659
0.130038013821897	-0.420819980603798
-1.21135964778794	1.9150689837837
0.491503992850699	-0.423705657391386
-17.2077418896393	-2.35143410460469
-5.71427526642965	5.55566704469414
-11.0449152758012	2.76265470057108
-0.074927204110232	2.81318510157513
-0.449096109701677	2.56267573263638
-3.6848126880791	-0.250037344179434
-0.0748814963705668	-0.0623281242279801
-0.118638869954558	0.865050437103253
-0.324241526420294	-0.116724628618371
6.76344185507504	4.42775149278091
8.28196320710773	-2.64704412106316
7.45477700546419	-9.74887407463017
-1.43814084154734	2.45973126427855
-10.2493697102655	-9.87535926430529
-1.82996963173435	3.35948881148213
2.24462191473432	-0.159550678893141
0.796809449951126	-0.930747412537234
-0.426683413732599	-0.365726206711343
-0.106397900065335	0.0801859506892393
-0.046394498861969	1.32211191045441
0.375410587996996	0.727211530104945
4.59142338898258	3.14257073243062
-0.489055296738643	2.80283795750085
-1.42879570854586	-2.01250796698656
0.486951155774075	0.706967276398877
1.3189591666434	0.310795552118004
1.93385137029715	0.0639235119305378
-0.918685931439305	-0.833559698345093
0.268824202080744	0.774479061943199
0.459812313068977	0.0288292912023986
136.23136074605	-49.0943295421743
101.826614298911	-40.5724463745761
55.8260843306815	-66.3917827003616
0.292496511255932	-0.392412959120919
-0.241268214077535	0.246985365518747
-0.0445507067850965	0.454814518200706
0.928747375195848	-0.237213287018212
0.341880359600141	-0.63557425941182
1.00801009905831	1.10129330736027
0.0265858322623175	0.0924340627292997
-0.0247970865015162	-1.31604659685238
11.0034856052662	-12.0267898745699
0.0316811574984167	0.127812614864161
-0.516347836499422	-0.100028238044316
4.93677644872951	-5.09449338476993
1.72790376697545	-3.23297405978681
2.52439674520937	-4.7024365344371
26.5351756118759	-9.22267373617865
0.0107972635178543	-0.730484339926845
-0.32388412018189	0.431291940646081
0.260533655199813	0.58893615179344
-1.67911491824498	-0.872298306699835
-1.09993266507744	3.95037675799515
-1.03673471981042	-0.0270655892386516
-0.828893432560382	0.807645664261567
-0.748513454842517	1.74700164416897
-7.50618061560063	2.38474078912055
0.158564026525072	0.0091456020182582
-0.0411041252630976	-0.0780921952007671
-0.384120924267141	-0.278095268463597
0.824851252226394	26.8893357003611
-6.5954946690687	36.2362274165178
-70.9648671693277	24.4631999336182
0.314243493353514	0.135384443653933
0.545117449733724	0.0346622486080719
-0.414269133486045	1.10187399965057
1.6752027685665	0.912820719037014
-1.41891266860684	1.13514058166536
0.886819303245331	-1.36098504767322
-0.604189052410209	0.956382738562662
-3.71461670045111	0.84173205842795
-0.70580231047736	0.238929409383993
0.0166765712075828	-0.886454768378008
-0.332041073727517	2.78357430600781
0.331809960192767	-1.21641754470164
12.1710953878824	33.8243530128194
15.4077830112657	12.5045024392912
14.6295089014842	15.7775497047906
0.618796979082298	0.43683585490133
0.991309661623542	-0.746687317863533
0.0427487556572181	1.38594200018933
0.120476264041768	-0.948954899074821
-1.10207033047937	-0.877258114610571
0.125265815601941	-0.723170276973075
-0.686818021944204	1.82882048580779
-1.62992534015803	0.270093362338696
-0.574769248905337	0.778271791679427
0.182002945702954	-0.432800919087409
2.09197710306261	3.2512232253578
-0.0200015703413675	-1.29001599808065
2.03246249670313	0.240028259060428
3.37562656922837	1.65183958931175
5.56492819111163	0.390516404140763
0.949980658695794	0.265533957800402
-0.0741148499497478	1.45312749680189
0.568320358028786	-0.276257677992456
-0.594218827079303	1.82168999773875
-0.698042419180131	-0.922084944709816
-0.940229000510231	-0.848349391584498
-0.628114905600318	-4.44758222578608
-5.9310157199318	-3.72281211262879
-12.0999800316688	30.9955810264884
-1.4152138005777	0.00187362778097784
0.60781419852964	0.328779495154387
-0.559559842807334	0.43587181773293
0.522610131239528	2.13337695355569
-5.40836066207394	9.28311228244778
11.4167103842787	63.0839536410859
1.73801659900598	-1.80171223437888
2.04060555594471	-1.30151456194364
0.170259568092725	-0.381668750880413
0.49661279869044	-1.16817969035106
-0.550078593860733	-5.28462100263182
2.32429379875396	0.0431205747132877
4.57241979440039	-1.98604361054059
3.15277721357233	3.54878382084777
1.8012333624969	0.343428469411899
3.26454215294699	30.8114215037088
-18.1680839948274	-2.53928840074462
23.7575127716575	-9.16947973638443
-84.1024508287243	-20.6133314350306
-82.9815218048404	110.157428019894
-136.422993265085	66.1713968346776
0.879570945275166	-0.32019617820288
1.46579273411148	-0.394834170103278
0.470392814950235	0.117681265007592
1.49574585433318	-3.1400612389294
0.397864642655304	-12.4412334455702
5.40709177161269	6.48080329779527
3.60636685189923	-0.740196961216182
2.00194746610052	3.38529295652068
2.2853666627418	0.520513335930472
-7.47250154281892	3.21290791402357
-1.95387964104464	-1.76704254298176
2.033669837599	4.90038602281314
-658.63406993053	-426.139070418478
-1084.20824730592	209.623847646236
-969.321096108835	-130.094366811937
-0.0182468005144199	0.898225353333786
0.170425082442811	1.05635789587514
-1.24145820719166	-0.326339310120513
-0.096350620250227	0.567445088181421
0.103256367360598	0.882832348540625
-0.838690074791601	-0.110908279447604
-9.25125903701282	3.49310689201871
-3.12304912473786	11.5015778562622
7.227284760174	15.8458666322834
1.34677908329578	-1.91756831098338
1.41412562916324	1.77241446123383
-0.414055674611167	3.51368738908945
-3.4410979736509	-2.81139794578429
-1.43040112445736	-0.538427585277283
-0.130757217414461	-1.52764666243076
1.92928919734605	1.63153821780225
1.8967387599945	0.56008701891777
1.34182725657895	1.02112866693512
0.181573003680401	-1.02992536923225
-0.661775721833212	-0.402228039094477
1.09541922323279	0.608756999882119
-0.470393434612293	0.815480036338647
-0.165885770066559	0.84166282360426
3.5355594289973	0.975908889272704
3.69717984699165	2.3537149128598
0.221083586038425	-2.76872469432693
-3.83224685407803	-22.8636402806836
2.28813001444543	-2.34575739661712
2.84629719328663	-1.89566412911428
5.10873975941413	-2.1521964504019
0.352006467157833	-0.754591076039805
0.136021544799246	0.524585243767892
-0.687935429436395	0.597366159070265
1.33751082191862	0.951983636972803
-1.05177598619383	0.586830834090237
0.214744165011864	-0.607798124138497
0.049153498013521	-1.00616403607965
-1.45326073563568	-0.897542361172679
-0.276114538143948	-1.35145912067703
1.55108666436066	-2.52220384455307
-1.59876805637563	0.716903455331139
-0.546070091577027	-1.43871870888264
-6.98801733848363	-2.08856314018362
-1.52781624534858	0.476070087216316
-5.88308783985354	2.07666765465046
-0.391531941889814	-0.586159867982391
0.239090302206272	-0.657372880199788
-0.0352249027929581	0.462334795500524
0.0556736842093689	-0.503752807001257
1.28745100068832	-1.8405310377389
0.188978560114236	0.930615811687128
5.80123459921074	-0.650187832309804
4.07445027818581	4.82985918898819
3.27503987292371	2.61344325065769
-0.191607678040688	-0.21541522914071
-0.173652315291762	-0.338398079240004
0.135605223242638	0.246831270930609
17.8442866853261	-1.25841944309892
0.0305805069498805	-7.58389589217101
4.49498394058925	-9.64207201599494
1.79130541322754	-1.01591829830849
1.86359316896516	-0.547620654414917
0.198162360438376	0.0840405695786362
0.432522482037352	0.356131159145196
-3.51602579216054	-3.295587603117
3.31856355127764	-2.80543735598581
3.11116297748632	-0.901173893548101
1.94167860563002	1.91464236628918
1.84978752528834	-0.025476847117338
-9.27836909035329	8.15403935474897
-7.19309561596833	-8.41253743924735
9.58797513007027	2.3483969898463
5.38435699817886	38.4863399345966
52.2401293272889	33.7532935086198
17.1479735945738	44.0667205150629
-0.263871417958193	-0.432310185691186
-0.207834031498922	0.932496918954593
0.206238738057792	0.602069559352272
0.414558832964183	-1.03329856482393
0.0967738289316101	0.168747180875944
0.416738687929801	-2.02504012905136
0.408381718632997	0.749433027827076
0.839560362270011	-0.489994931733052
-1.05465588400095	-0.642302855465353
0.0348585117114027	0.0521861315968811
0.0327793167443568	-0.00550148797627192
0.360984465540416	-0.059209220454576
-2.26394988771651	-1.73879570205497
-5.80371530280715	2.55645104209604
2.7213298836831	7.99272873137703
0.0778228491914713	1.39398173703971
3.49186054903531	-1.32495114981626
-2.07374101701492	2.26246920966986
0.0850836616161672	0.496675902418958
0.550221538125314	1.33494310704507
-0.611095666599423	0.59479371245259
-1.53460477983958	1.43834533858299
-0.515878320760835	2.05266145944646
-0.783147554696159	2.5758675624248
-7.88705128380376	6.4587166155272
-26.6923280345819	12.0970286521891
12.3023531337923	-20.8090237107681
5.20790412735492	0.308749092843601
3.36985595295447	-0.581134894231933
3.26441665910755	-1.9662171579783
0.354270072550008	-0.0139825000578472
0.436907175051217	0.00268189820923952
-0.231982371399919	1.22137691354961
-0.741035569022225	-0.290277820295227
-2.82905091923681	-0.208656813089484
-1.12391050676561	-1.32300927975467
-0.266079305955451	1.11916405004329
-19.1223709748264	1.89713185506937
-6.29388246799409	-2.00645421966176
-0.829874861668722	-4.49886732646558
6.20069698931933	5.4378151060796
-1.33342035576443	-3.25713793734152
42.5753471991104	-23.6553011463796
169.233360624524	-93.438133138718
97.943624800465	-5.35761650098071
-2.98881269773193	0.359580081669308
-0.0815389749721293	1.23823942338781
-0.113931351218344	-2.65203046200336
0.161264041521902	0.597139910186593
0.10985128010928	0.955880947680369
-0.627270300054074	0.331175963265471
8.47991641479067	7.50196039799451
13.7578178547183	-2.6945632900221
15.001441839322	-16.2291471251913
-0.888349977278895	-0.805626515445087
-2.16397918945396	4.62803173789987
0.538618784871548	-1.73065474535024
0.0418616418603318	0.1279383438238
0.155555755883706	-0.0229837247705499
0.0568909123661385	0.086458128518475
0.593474394700721	0.0823614983276638
-0.876278381348545	-0.308954871461547
0.57118061777668	-0.419726617459488
0.0357025022414546	-0.0254925466458841
-0.384150848649982	0.0985169317277173
0.381309146716297	0.271322370641746
-2.7766395378534	1.77855725209612
-2.47439746580911	-1.5978310659412
-0.732546360422215	-1.19406194415764
-2.2934876276858	1.69432849441974
1.78702199758278	-2.60025323318154
1.08900309911799	0.657486736089256
-3.48584733475868	6.95936072439202
0.297597923138534	3.25103183307937
-0.844288833626594	4.02944332355812
0.500301569889991	0.968094320010591
-0.232431039382143	-0.89078803694543
0.0116988735136626	0.234009558357401
1.1937208736497	0.247524409423997
-0.455350132154596	2.47161704498444
-1.9363125786151	-0.547502055646866
-1.0946135728737	-1.3374930064719
-0.267862787480995	-0.0611733009259437
0.116227212910327	-0.341780173640915
0.948482414676235	-0.47595736741179
3.81504007926621	2.7386885682319
0.814968941639945	-0.36089107376459
1.3363964962947	1.29434196928135
1.88861293496902	0.968565789706833
1.12525647081121	0.353957241285851
1.65986868658811	-3.64918222431314
-5.40857390515858	-2.89980668985652
2.49040056307522	-3.18552102896717
-0.698276524726511	-1.19693136430902
-0.535033547009149	1.05785649410735
-0.802895916547819	0.13576634834421
0.485263205998823	1.79210276879702
0.190862120329234	2.52181183619149
1.31110937324395	1.45305346975626
-1.16950084022062	1.83075386989694
2.4340072867307	-14.900273355173
1.66565405129472	-1.83195433434522
-1.2180770890259	0.207412418879732
-0.258508868138548	0.643604723695179
-0.293523641394026	0.120359791315425
0.67702381692085	1.20713550837448
0.295584320776084	0.482496677492602
-1.52428132225918	0.423165746339479
0.802664912328594	-0.625913268751612
-0.725018890554209	-0.470179539941015
-0.0223458932895909	0.209763001199334
-0.237714883756231	1.06313116319726
-0.530151512198565	-0.444581156000892
2.5185166448209	0.111137775138291
0.436294479417625	1.31847712023627
-10.3119821942099	-1.91103114764355
3.0428608551861	2.55144679514443
-2.88656137453924	-1.08982922613682
-2.79677516350714	-1.89923124296742
-5.59387481262989	-4.27778991281775
1.02434192934007	-1.28487069288053
-1.13719626683983	0.192956051608295
-0.172138606635366	-1.74136806567925
0.31030061487875	0.39858310171551
-0.37432407729928	-0.244690549038127
0.639337526420945	0.259858138829043
-7.57205624489656	4.29949982780227
-5.19755203910715	-2.13170452939709
-3.81638582142666	-2.13360397082835
9.3617986275137	0.0722477345041946
-14.3140121701266	-4.3041557132869
3.45047024612754	-11.7100086017654
-12.5455889638585	13.3745286588795
1.57225692237675	8.11357167196057
-2.12295277118226	8.58550530425659
2.41757031684558	-1.8868559180767
-0.190953504927027	-2.4516241554282
2.17825987494453	-1.43033871859702
-0.598306162049422	-0.410466856828518
0.397414512395211	0.376965739921975
-0.161187904297293	1.03096091262645
0.558428690566426	1.4807139683143
-0.0706123187704765	1.26732083140909
1.72745651051196	0.523558009661224
-2.62352255078122	-3.2965444461981
-12.330761392199	6.50626680278564
-2.06105154341488	10.9018004781208
2.79953587540182	-2.53245003959683
1.51342597377511	-1.81101777569364
0.660194183985448	-1.97935459270545
0.589042675870973	-0.817636132082409
0.194212011931621	-2.12392942352474
1.61707321965447	-2.10957066989802
-1.12134468399301	0.460429716427133
0.224470522346773	0.420681547308761
-0.164752452894746	0.337092502887541
0.856563480533365	2.54833542851497
-5.66267600261549	0.687516633122669
0.280309461581221	0.118769571504347
-7.92570921710715	3.53537920557214
-6.90961371839719	54.5437444547535
-1.65712662513129	15.2761257109615
-1.07551928416027	-4.90725967001803
2.75960927273005	-14.6473299684722
0.133287767254226	-4.16304496701529
2.02400643766607	-1.97297005293347
0.785843962937646	-0.689876100712589
0.00826321253455964	-1.79661776312225
-0.207894037979957	0.00284607084862651
-0.125158789820697	0.179092351183132
0.135102028126568	0.601731169337423
-2.60584350667784	0.926451456537224
-0.911071670818824	-1.85218313352677
0.040323047235809	-0.787523392349657
6.31840447527538	-19.4790183823034
-9.81644401880409	2.28234666912378
-3.64901672319342	0.365166503962484
-2.56010293361704	2.90292843097009
-0.0619346418483585	1.35406811509578
-0.660228511296812	1.94760463864069
-2.25699715160857	-1.13377544841051
0.944362647968471	3.09392660787554
-1.04041966474288	-2.31409286657926
0.279437060566594	-0.0745298310239061
0.100496101022921	-0.0249413631691141
0.902853935343647	0.451495112349425
0.0777127327121609	2.14539693399502
1.78801288175974	2.07826810990901
10.3620202368111	7.80549312890835
-5.8946553634024	-0.909293665371002
10.7613657309109	-13.6248303053138
99.124596295573	8.93608159010183
0.087572222746323	-3.83432112522976
2.89624813525227	-2.39121264925914
8.29433634506964	8.82759320050645
-0.749447367210536	-0.3674975841442
-0.874451002315985	-1.82631567887535
1.20015375596629	-2.01428838698718
0.684810670696134	-0.0691548333730511
-0.109458491568566	0.15506142442634
-0.385514395786938	-0.00612262977662912
1.66454116649602	0.997937980068895
-2.04658335593845	-2.88631698205159
0.274787258913156	-0.914683823407291
3.44026149522347	1.46475128039121
-5.54293190454145	30.3857876883152
5.41878618024498	-0.058244642985655
1.68733974067557	1.38597697081081
-2.41356311938684	-0.935586457922566
-2.51542556374701	0.249152904075325
-0.324430236760437	-0.0971729435069535
-0.229352067656005	0.839713035382871
0.0337798678601703	-0.224916904147884
-1.24157930679231	-0.721897479729487
2.05926825042441	0.683327096417845
1.49254866187879	-0.777931614505537
2.0391665927464	-1.95506536553204
-0.0478148677467838	-3.87081836707355
-4.38149992715085	-3.27684825395857
-0.307481124730606	-0.0896461006087396
0.280393688176403	0.330103054624561
-0.760795662549386	1.0041275862678
9.51622658724316	-9.10984119849323
17.5315683000414	-11.9737441419786
27.3481049343714	-22.0122503645617
-5.92328609422582	-4.33942010346537
-3.72425098796627	23.0243787088765
-11.3484055918604	-8.80731148209097
1.90786468794596	-3.20414579855326
-3.47515284264958	-1.7471378313835
2.78240671152324	-1.88800679873604
-1.33296771851704	1.62831124492918
-0.893577493495012	2.79722364359805
-0.133333898742425	1.05748035112366
271.488477679262	-175.870768548383
353.242464161352	1096.49631919661
-304.892011911793	-180.128580607726
26.8995899079018	-5.601062870582
27.4044594801499	-47.7504626222611
21.7646986256806	-23.2552544351629
-1.1815618293518	1.77891978125181
0.719087635424704	1.63973199582886
-1.77837060978904	-1.2805189460224
-2.02043503603476	1.81780337030596
0.747126502362039	1.50380291959739
-1.69499601595544	-1.75623309021257
-4.75666361018697	1.87015031060807
-1.69981578514097	5.94019438362951
3.12058859538115	9.39680668520822
0.976314663991231	0.484356160343796
4.20480614379322	0.549628629828008
-1.80386589724053	2.29375830756317
1.63794309703711	0.93913408171364
2.62394976693949	1.8296703956036
3.67121408654988	2.30683199334649
-0.871206102459973	0.572044411097841
0.00641761398986442	0.132457238937529
1.45298594056977	-0.489478449316026
0.356671833678011	0.67608631033475
0.16782777934141	0.47703518947099
-0.982908183027339	-1.7770756224948
2.37641736021144	-2.27297549295531
1.12690200142718	-5.01722427469047
2.83459578634588	1.33032352395666
0.146746817680108	5.98555357776765
-5.76000204659719	-5.45372832712907
9.76477180723482	10.519277490035
-14.2087821356658	10.3900686046267
0.976536075587666	17.4162543541009
-24.0864431006024	15.189990958877
0.597111395101664	0.495408700077638
0.205141506162634	0.238652180155604
-1.65679567988371	0.795707637006565
0.0459326662347406	0.76375262625292
-0.984905579688617	0.1416107681834
-1.51933101453937	-0.595918185604064
-2.37817081715288	-1.98203136704005
-4.10292697938668	-0.418556322383377
-2.70085876902881	2.42967576402725
0.190077088450331	-4.04572428291519
-6.8361303129704	0.330001329463352
4.160539518882	1.76605095630751
10.959391184411	-12.6360996883338
13.8222670093862	-18.9138029426773
17.2719506146197	-21.0014547235616
0.257598010393809	-0.00167816662926673
0.0847258876176072	0.909598513307284
0.139841032091112	0.382689741167769
0.0656419253783182	0.60845609528693
0.17405054963865	1.02424855850183
-0.58675463825487	0.221037218747542
11.4550194378015	5.96815945907297
14.5637059302068	-6.43660777088974
12.3998728580859	-21.9019430983877
-0.307416323567773	-0.365849941441091
0.509637086493034	0.291708434302254
-0.560479392693369	0.367312691367356
-0.688778933308973	-0.265302545963204
-0.636876267828917	0.731929328476982
-0.628946900885042	0.295986304311709
0.277807737460218	0.561622204185237
1.68006353037549	-2.09621355486955
-1.13791559766359	0.350563794388048
-0.281851852277797	0.59951241212568
-0.20985063765461	0.184568159305637
0.233191910732688	0.888804789183343
-0.338792896305942	-1.0189854021457
-0.258370181695372	-0.368665755708255
0.0794417124015568	0.667638573354344
-2.69916845393202	-2.91589524308494
-5.96578078899901	1.91151408697309
-2.2712085143538	-2.48719976237693
0.0167176689752648	0.0290223232472535
0.0107282943535416	0.0155747911934835
0.0162181796288351	0.00827397276372356
0.661007624929818	0.289553103085973
-1.62794145215607	-0.427531388712918
0.386736747273416	-0.73261788243615
-0.854499607433219	0.833616348432542
1.34101596953206	0.4975213085032
-1.0885328755513	2.16398385915791
-2.17114903749367	1.74787618235883
-0.872503751388656	-1.36134278274135
-0.772791314574039	-0.59908858760589
-4.05376031814305	-0.989070200764807
-2.26899704249522	-5.86661023089347
0.218274984203433	-0.054537958668875
1.19704919055413	-7.12416888544935
-17.0412214377147	-9.98505825318581
-5.61861932906551	-5.64228266361179
0.0832622607340851	0.395523373908458
-0.859045503246133	-0.965903896404985
0.885936893547879	-0.365807621523589
-0.496787813704148	2.74193534251694
2.21423020944077	0.885211410161469
-1.88522616358499	0.405325018664374
-0.135611228044952	1.47886253143404
1.10676334543649	0.391645208504494
-0.183944086543483	0.050038251247508
-1.32342946004436	-0.425638351084334
2.30368328398731	-7.37238183791263
-0.466446690736852	-0.289959684245027
-2.50364152149676	-6.08275547959746
-5.21364268342432	-6.88085705473766
-3.98274275657527	-12.7855390189366
0.497157481930033	-0.348285106591967
-0.0663566639992309	0.0225791582876826
-0.293333531439422	0.556748797007668
0.448600363444745	-1.23978465254102
-0.961717441042205	-0.469791352928372
0.438993497047072	0.245686499873938
-0.833613653928507	-0.113449156277331
-0.286417720017214	-2.37333676361052
3.02040616058853	-1.74879135540373
-0.0265564314017141	0.529086210976841
-1.49297616342285	-0.126046844869823
2.22331894180671	-0.858523662815719
-1.88163930277858	-0.717031394741691
-1.65527185660971	-0.621919538166313
-2.56944188999518	-1.90712835713382
2.31230702027588	-0.0844709339530282
3.41464548153528	2.06930905546906
1.82716941269683	-0.538756640588425
0.672498466909914	0.939524689301714
0.726259542498055	0.826813140571456
-1.59341500501764	-0.358178593822038
-0.358192001045772	-0.893523525545987
3.4699219387436	-1.68480259750982
-2.94228376211572	4.6465642735169
25.1099996371832	55.4544055338104
2.1857831434538	-20.3301041502018
108.887662245065	19.989201367642
18.0902721545744	2.0634708049368
36.9422682660917	-7.55938359220959
0.581983339331446	1.434107600105
-0.305308592878609	0.181232440381843
0.16138392387921	-0.7638898772172
0.253051306056636	0.736418582579115
0.023495620529843	0.159428337277972
0.0378674614812783	-0.989345766586036
0.327794553909914	0.460493158994558
-8.11552618753353	30.7658104402844
-34.0013496026651	14.2857717966077
-21.8760550234687	9.30304334480387
-0.112224650918582	0.0241223383073463
0.103189028897759	-0.261588017751769
-0.0656302650345133	0.0466059961063752
-0.507990297506104	-0.696893781655303
1.28520641859576	0.428795326931242
-0.132291426951928	0.269587708017766
0.855653183814048	1.18490719992391
1.62782768027311	1.0251996343131
0.815647981167741	0.378539835703144
0.0691129894318915	-1.16232875550633
-0.87258261109093	-0.395887046280464
1.18186506410515	0.401701720598434
-0.575369036298174	0.837127784691827
-0.430778664871057	0.902838439840913
2.9442722033085	0.791102503879977
3.00613661217263	0.771379279609519
-1.48924284666688	-1.85942184597806
-2.38537199082699	-11.9125155167854
1.7111785608947	-2.4802618803713
2.55674814011782	-2.06293238568275
4.77777074443947	-3.73197305287214
-0.239515102549465	0.850287840817888
0.0139439460179653	0.726326704965349
-0.0956238829201209	1.20630464973549
0.0157125710622588	0.793463555384083
0.369390651275437	0.267828940039356
-0.00442017537813484	0.706532032193785
0.428080956363708	2.07845805354291
0.701420474478442	0.21426097068527
0.773128473253179	1.37014511559357
-1.19521926382387	-0.108191083247085
-0.721233651494746	2.05139796303056
-1.24524915498397	0.077774187830571
0.172139802043569	0.577019039647359
0.634069565084703	0.717223872880747
0.262964340346522	0.303276749981064
-0.359260793565068	-0.74212795910885
-0.251606830866593	0.539613651204791
0.509026636388729	0.665576671579849
-1.28087171761889	0.316836433000681
-0.330341042073844	0.909700207382696
-0.612886739169198	-0.157153320861673
-0.81446323301389	2.12882265584359
1.46364554726358	2.20011061367378
-5.49344986825663	-1.32022467770559
1.4219641723046	0.743393410023398
-0.0456741466928249	-0.838474906220956
2.99421618069357	-3.87068782134525
1.07296691853063	-1.60188435362514
-0.174390256247199	-3.22014684539866
13.2124521416476	-6.53300010067784
0.279223549759183	-0.0864044111255719
-0.237062815448467	0.120406821940927
0.0572621767719752	0.599274829234474
1.15502454314714	0.854392323692906
1.59575580578738	-0.821182212177896
-0.773952970733819	1.64029544111359
-0.637326191527141	-1.40303589529855
3.46503072567179	1.59727329271688
3.68833267596449	-0.877093654857226
-0.981671184983526	-2.4725800982077
0.68269030691158	0.00909146543534071
0.00363909391831699	-0.826604403693626
0.999016432454628	-10.132039441006
-2.98988351328226	-26.6258279784854
0.31916321656143	-24.896514508903
3.53176857618183	2.07606163832718
1.71662767894216	-0.531547525728364
-1.60953796036162	1.90453994529407
-1.5292866128954	0.29326915102547
0.13790185561207	0.66576841274562
-0.240559782400057	0.211285455723594
-0.661880469718435	4.12158575662233
13.9752440489739	8.59786275294864
7.85735691568616	2.51541411780618
-8.47336475118093	-12.5109500203368
14.6199286596104	-209.209872169178
-31.9524246923817	18.6037636729293
26.6739214802192	-21.8290576765489
-10.6944821246589	-12.2902131029471
6.44224309381467	-17.3997265978767
-0.152666702660729	-0.178641476768493
0.130548919759142	0.691993931016848
-0.130597671008906	0.68612347564409
-1.04219551241682	-1.10771428673858
-3.02384443828762	2.81771722153736
-1.04651856525863	-0.459822036389868
-0.4258638367005	0.247217723680525
-0.0217499813187284	1.81985684917915
-5.95937697746495	2.29144436569701
-0.419426094050319	-0.61556072759756
0.069871334664004	0.337611593125478
-0.261393995203753	-0.145688185482692
-26.5033800287063	-14.1077173668308
-50.5348012809463	-11.7903110960601
-57.6478304618748	-85.1517119505719
0.270497207714145	0.290969390981238
1.77068555379809	-0.368555987499828
0.414296527415193	2.19765714676084
1.12443472548265	-1.4288187279307
-1.18523083904514	-1.61180785731089
1.08503587614639	-0.195293027365732
-1.20088802710148	1.51287480660431
-2.4545425225759	0.442625092029939
-0.258864628023733	-0.0633357603673095
-0.149043182978507	-0.0698880617451489
3.02122026259915	-1.79389790168266
-0.640340259900239	0.376509680131686
-0.340578683156543	-0.24070361480499
-0.224193971962121	0.0427831919850275
-0.250150974308801	-0.874350298626244
-0.00112912447686619	-0.59767632502737
-0.0594859721732125	-0.0363694030349321
0.00829719435506836	0.547295735536022
0.433600262320749	0.760459738696578
-0.940306942980641	-0.803499305552493
1.19704633841065	-0.140375419403584
-2.57531230312347	3.79846930799821
-5.90076594613492	1.32967921806948
-3.00044407751195	0.255825805783497
0.854839147710168	0.50300475760599
-0.110062746007316	-0.264744902030935
0.395273488801842	-0.42543992573731
-15.1502288864345	9.7108098889023
-0.879698443646191	10.8682080363487
-6.99564574731898	9.83416067170501
-0.0937360594554605	1.5843299620803
-0.0306490388524859	0.428739764384654
-1.15668488989004	-0.0409906833437544
0.0655890437178678	0.0201760865020699
-0.0698011973467567	-0.830413791565651
0.000362815214928041	-0.70907541265336
0.261747505586026	-0.126251905447384
0.321387476092389	-0.245419356303982
0.0815672398611676	0.191691127438183
-0.0489527916278975	-0.235603886848982
1.7519467040383	0.799584555571431
-0.364213772579306	-0.492394330074986
0.401354897759457	0.314721049020609
0.424597350530143	0.398079799352884
0.864324112068831	0.877125371520442
0.377744157205759	0.411731629984357
-0.63029004003745	-0.388822199492574
0.0975112270051711	-0.179209001445858
1.04495002711344	-0.147494640963364
0.140781800173122	-0.596382307597954
1.1251794341397	-1.08364037969086
-1.4163043866276	0.484596353509727
0.22500813458543	-1.3911678966509
-0.734238276424545	-0.713601714541422
-1.00479723425681	-0.596601068586648
1.14550200451323	-3.79161781870457
-0.403367365805961	-0.338744986417675
7.93183094870343	1.90582266305894
4.82951095098164	-4.7795208629189
1.0411046724725	3.74179242152308
1.56629278203819	-2.37362322767333
0.6853112977246	-0.507091834419425
-0.173907385645526	-2.134823697987
1.51109865999766	1.37635904912161
1.48754647149649	-1.4347598726127
-0.354644469621324	0.959052779923019
-1.84945666072437	1.47330196492531
-0.0224392358963135	-1.44660991414666
-0.0462168467909292	-0.768663061858012
-3.35342600489488	-23.0582409211691
-11.9332777188649	8.30274525401207
-4.82602657362455	-4.5889960184921
-6.77256071076476	-4.45987078680813
-10.3226471030148	-2.97972178550902
-12.3126647928228	-10.4754788051045
-0.304800117307516	0.70415551362957
-2.16495149076315	-1.53584633434693
0.5709105641766	0.346774648180101
1.01762980800578	0.323645791267755
0.213647807959092	-1.39068857816616
-0.170571275362081	0.0431060581247267
-1.25548041255446	0.0727117343259702
-0.619083339084087	-0.699555350921741
0.180133681137226	0.21055203821408
5.38124477471967	-5.69393025948398
2.46057642727522	-2.88585637673043
2.77836095583891	0.996366051408733
0.154826662378528	-0.255695730462234
0.181240266455347	-0.329719192758663
0.3717694102865	-0.508992905705056
0.0944244770541011	0.0619520518925749
-0.231158318282058	1.29528051388778
0.460174755869472	0.107016324779194
0.690919146724349	-0.465060369305111
1.51584913826228	0.00183500060588823
1.57137037816054	0.69962302664288
4.18429220410688	-3.08866661595474
-0.412265951646558	-4.9335458833645
-4.53812773706951	-7.84491194305638
1.96435197392409	-1.98115118593131
-1.6311288488365	0.174289214842865
0.957428106216973	-1.26251450464601
6.20219161262394	-23.8036315942606
12.9611122972252	-36.8091821510671
23.4506808797036	-54.8988202557701
-0.408783269492705	-2.59855890629105
4.2862385864962	0.772180452011769
-0.627839571485031	-3.96754835861827
0.0464243199411654	0.571460084791419
-0.0357984920366402	0.0737083557463405
0.344155836759104	-0.756805294128111
3.68975794324394	-2.10804681664477
3.20805427095021	-5.85991897408951
10.8143013624388	5.87678795100217
-9.39579869973103	45.8533905663943
14.1487476965832	-1.1312988667121
123.023399752976	6.69190540509098
-2.03357426515969	-4.47381517302301
-6.40455844962596	-4.31669178378339
0.529747240048743	-8.52142185606052
0.625846723405525	0.522771925187708
0.0968852546989537	-0.604501100793831
0.522062132448562	-1.29149651631285
1.67532839525766	-0.261371162532813
-0.513772028370191	1.14573317803529
-3.47851433225621	-2.43315563969019
-0.185290530481504	-1.85288790714264
1.901222946583	-4.12601607292977
1.51943227702444	-1.13452592206362
0.787135470870435	-0.343749606108121
-2.62053244179791	0.798859561816356
0.669323200889691	-1.20597364276533
3.31782164003012	27.7408368156671
64.7113873171469	5.19247257087448
15.2492952175053	20.8126357413753
-1.3698345114953	-1.39848378004395
0.0276980453810992	-3.07180823343327
1.16107992463241	0.0625128289749955
-8.36162512619665	4.23460866090386
-0.0236991116453305	8.10777607237108
-4.92683689337152	-4.93071643903956
-0.0556486181024455	0.37587317975139
0.476471010565636	-0.0459402369467293
0.528488040567331	-0.0588741998967635
1.08082170754219	4.06186370702962
6.07034230112408	0.475412947029351
-4.38458912928671	3.95241570187207
-56.5300305366753	64.4481923854371
-59.1172547348782	79.7102911940591
-141.999101518	125.810632532955
0.0904612230377286	1.87632292804763
0.470903692800305	0.598525693841313
-1.78163507848569	0.319980181465663
0.962896321138949	-0.172039164514725
-0.421445726783534	0.831289206280164
-0.0100148746641308	1.05134147211211
20.6255135017246	-19.7721887480949
-4.27917714350279	-33.348381278981
-38.1648140029374	-40.8955618939182
1.32002722952764	-1.64011637973845
5.33246960219134	8.40433250959566
1.28406505449496	-2.44413248257493
10.0724080661508	-5.90543709994042
7.06134767714739	-3.87152965181876
13.5338243070884	-5.85192659779373
-1.67222881553814	0.446716623639062
0.137095315281962	2.85933061960412
-0.422774370573257	0.181272391312088
0.19085872682553	-0.780603788910105
-0.604678507745756	-0.40270520230535
0.654524542853926	-0.0613271711906627
-0.0554431630253435	0.908711390885977
0.237990317408843	0.438209311989154
2.58755607028278	-0.0683121327911446
-0.17790918793219	0.889387891063419
0.167782721685639	-1.4478730189417
7.24046519755177	0.175782566846588
-0.0255464248900407	-1.8967593011851
0.413354907849845	-2.34800845839353
0.554151427704967	-4.45165525181435
-1.39899154816751	-0.961209507290395
0.158590714078162	0.124922781983243
-0.716664060887146	1.50012798953952
0.0328495660466921	0.131914554288652
0.168445987389628	-0.800684136437279
0.361757598110352	0.347156293129612
-30.3919230898358	-5.97887355974606
-14.6898879195235	-33.8111010832409
-9.23045635696549	-21.0677884261399
0.14933218967252	0.639459692086087
-0.800919234368398	0.480242988349459
0.432276145996262	-1.18533959826666
0.573362241746205	2.30430961469784
3.15650812491827	1.05762948893559
0.753817267028775	2.02344951944667
0.63743162323932	0.135615475185417
1.14967657543665	-0.963031083200151
0.698306712482595	1.49957200530759
0.504902005219253	-0.385874572348609
0.468658789116444	-0.910386677686483
0.726584933678721	1.1309328359831
5.28593982651589	-7.6333036056958
16.0959064499949	-7.03283409956591
13.8794591423173	-3.81524350847646
-0.258080799848562	-0.32405041803836
1.77811590772222	-0.657917176529434
-0.350054618632796	-0.346882935170361
1.30197175775748	-0.29148850714661
3.39635992715217	3.58261905339179
0.243396697787872	4.85564126926698
0.0263299105890547	0.214532308301547
-0.00689771426755985	1.09863226461
-0.255474616176218	0.607558472039616
0.47784863883117	1.36552360719712
0.870333404873276	0.974705734874388
-1.45470261048463	0.886267883995176
8.68404089877889	7.42624871410943
16.796730338028	-2.70457183342007
19.2904750584124	-18.2081508149797
-2.31899566044652	-3.01794022579314
0.240962109572092	0.387684025818745
0.78782591919784	1.16332081319762
1.71608917666573	4.28379693066247
8.77033707763887	1.45334665478215
8.08778795534544	4.1330692012064
-14.4204489725931	23.6052861527915
-35.5518933062343	21.6409607035671
-15.8217074849484	-12.3047971409468
0.3264412045092	-0.585872769464397
-0.362909749982721	-0.853028853791119
0.455506456359401	-0.405164531062491
0.450394151007484	0.933513651681394
-0.024394290630898	0.405063815291024
0.840890650807837	-0.0438704553872423
-1270.8352915573	212.213791953037
-1604.36778755424	-843.162769771266
-110.881733765609	-530.185120652422
-0.314737328999644	-0.535614337082991
-0.369501922262157	-0.70796599438347
-0.68860843063396	-1.21659800059565
-0.0902700262085972	0.432259832079245
0.549203759038221	-0.424531716003887
-1.25407462982691	0.779290185955782
-0.105415745297585	0.784147140925955
0.154336595141637	-0.467004138631782
-0.990586331740702	-0.838847704809515
-1.90209912725816	-0.134678302606817
-2.51771853441661	0.791666721991366
-2.09720557493581	1.22379098418034
-2.85519666208765	-0.909829142004822
-3.69134158008555	1.1072269846879
2.34635452793343	-0.476430525054639
6.08386685364246	-3.11058957603833
6.97200162972502	-4.49430367992371
12.1034433921578	-4.51433626330994
0.324292431307977	-0.575669193157513
-0.971220565286538	0.682134896338175
0.22230559996569	-0.946034325567544
0.413547060708897	0.782481966916295
-0.107787379678178	0.201227921130755
0.232679618699234	0.377781005982654
3.91502683263298	-1.13950799402934
1.81493229019455	-2.35141770729286
1.70136428475497	-0.392464652830709
-0.437235212032019	-3.04269355687893
2.34068170464176	5.36839799973463
-3.14201667726086	5.42174256502767
5.73363617366319	-4.35244083164194
2.55826076598338	-5.09662497573059
0.957981176492287	-4.68975344607829
0.593632693490161	-0.973606061141082
-0.34238579082091	1.59214526279098
-1.61150884400874	0.34464886852326
1.05645772670838	0.224334168290132
-0.9086295039361	-0.466047357970796
1.19345042191448	-0.544605822359
-6.15812932813324	4.2676430077283
-2.67244142593695	-1.49893180301
-2.18619838053138	-1.16780120799849
-6.90743872602604	11.8909951862106
-1.02505739100978	5.00965817565957
-2.59087628388882	-0.312010946240357
-5.78364077416098	27.1859246804187
12.0500772425346	0.362020657402971
5.50416927736294	7.10609283569902
-0.482716308143073	-0.397613221203218
-0.335057040220909	1.08680325477644
-0.200120792076392	-0.517522164486472
0.56508628397066	0.181480505223558
-0.0590601485227492	1.03994658137227
-0.456186261594316	0.278241059417072
1.16196478733969	0.362073141334651
1.35296331273843	-0.915105868828701
1.2769753476685	-2.5097310159387
-0.0688806108483249	0.0040873779803596
0.0974919574353609	-0.0400813450362262
0.379075229540503	0.0954533172626957
-0.972843593285185	-0.634427786212084
-0.64131362625619	-0.578376603848906
-0.760387903350273	0.105147276294651
0.0347571536474478	-0.910259766700223
-0.0917878545669482	0.22906998100934
-0.174418985100137	0.697580773267898
0.66790026153584	1.00909215573482
-1.24807996711092	-0.376126091682327
0.990313529465748	-0.508425004671288
-1.43685074954727	1.14862195427065
-3.81751278080723	0.905869477886788
-1.69135903805958	-0.283714725371642
-0.213850238636775	-1.32624430621175
-0.19201162133354	0.441660826337576
-0.769313310077492	0.0363727560257915
-11.1567592495011	8.40681228819211
1.60060219959604	8.92887718239161
-4.49518974938193	9.66051864908196
-2.46710179747698	1.28634101918696
-1.5513011119579	1.95198586961568
0.391227257743232	-1.77513716573124
0.770932296119345	-0.660022659185353
-1.12807637616789	-0.335227409254168
-0.179881797057075	0.0860888414906717
-0.174492866137191	1.32254530355705
-0.0863480909338451	0.110869798787292
3.44007849309556	1.28204139812277
-7.67191572216304	-0.95461455918663
17.4343726580254	-3.54884759686154
6.49992188563946	-7.3637159425289
-4.95504060871466	-2.9985260577016
-4.59172423456762	-4.1188899075276
-10.6125956110261	-8.91003763933325
0.158114697275129	0.267288009301991
0.0187615379453694	-0.0719625962063822
-0.260001922200834	-0.166129702492447
-0.489893862406366	0.460842397370668
-0.207193770539806	0.00709420725667899
-0.210259510178196	-0.329311087072579
-0.0936977419242834	-0.408877060071134
-0.727982858008049	-2.97184272283191
0.940158363156615	-0.82622513192499
0.0299531987885176	0.308791484941429
-0.625855091882534	-2.76799127773782
0.946442883164759	0.579492493667574
0.0806365279607012	0.360537239251471
3.46100089323125	-1.06902389738243
-0.089904042785021	0.400778646672636
1.08322423140135	0.367103057287174
1.1014371989988	-0.849278713099772
0.58458526229492	-1.00108716973206
-0.236843304345646	-0.965158013632452
-1.12507592457082	-0.25685863956244
0.55287738113494	0.0539042301646149
-1.26517668676847	2.26316560986623
-3.40492129068047	1.49698355944449
-0.973355975287715	0.523962520988614
-1.07115984509582	-3.17926369630485
-1.66212862927873	5.17953841697588
-5.05171016408626	3.88659245315827
-2.47757824306751	4.40194727734206
1.0702147424327	4.63816981468753
-2.14169044397018	3.44827630251136
-2.03937520435218	-1.79194274414008
0.291098016078323	-0.020036226718521
-0.211599275336487	0.992938024258913
0.767845552747612	0.690883674818302
0.503277618009212	-1.02422135452614
-1.67406923152981	0.376726341123823
-3.0385192386681	-3.97483625178879
-2.41404144172676	-1.57335068947601
-1.0813026816404	-1.09833353435412
-26.5174538906734	0.428066230662416
8.68481838090108	-0.850848931362534
3.88974170793217	3.99702927131639
4.05100038995479	-20.5001242382038
4.55957896169866	-22.9718293186136
8.84790647936556	-26.8567286937222
-1.17800733940879	0.443106073006076
-0.383903466446045	0.508168951978538
-0.644414775252471	1.09252668582938
0.110856063861615	1.32559693854199
0.602675401254941	0.330988362056086
0.121792371047482	0.638554394405441
0.442244359835162	2.34061570829651
0.872565434284591	1.43941586583706
0.611404972300606	1.79645532060299
3.15192001629074	-2.0900524030705
-4.51435367004001	-0.55964312847272
1.43252568632817	-3.31568305552963
-0.814704231588885	2.97467314602508
-0.0411684905686319	5.46124761074481
-0.119186551030395	2.05949818143018
0.273388719968081	-0.390000464247273
0.159139029096887	0.103899620970527
-0.00529979241647579	1.7010976959069
-1.67571898623028	0.166809894690685
0.112219478191444	0.603992807803261
-0.111557443548888	0.047670821673762
-0.730426589089017	5.80753000802612
9.82538702749064	3.95893995844402
5.76637413437711	0.661556424277105
10.2813283035555	5.04682832412954
-5.5882642116783	2.2493634242273
2.96438118199409	3.84719199214893
25.6366625966107	-25.5168865958179
0.589468933823953	-14.5285835396823
13.3016265838401	-16.2464842839028
0.21069116333304	-1.71489573225444
-0.442387538188895	0.982935216508921
0.874611654177274	1.36353543137689
-3.00808423799869	1.75885237637414
1.41309227779764	0.00589852276359736
-3.80183484580507	-3.10897050276922
-0.340710692194913	-2.15532992504784
-2.46834830971394	-1.37478616322896
-5.96864953274534	0.0719932684523799
-2.86112814347713	-1.61814794091305
0.932362633564221	1.99661885165923
5.21665344250204	2.6136445630656
27.3962884133695	-52.2022394500058
24.0665064530418	-45.7268178824262
27.3573799076048	-66.4969598143848
-0.721004489881528	0.508521700818127
-2.6357128096595	3.16150125688277
-3.55599292981449	1.868948858942
-0.173375019131475	2.45141756391546
1.83216248820168	0.827337854467741
-1.92434753759782	0.147252715038762
0.0171085199871281	0.719707951983068
0.307652355751451	-0.235436523650276
-0.243360895611533	-1.292688231792
-5.98240123249648	-7.51820559181114
-11.4744090420129	7.84660119906341
4.67730837084813	10.929229820142
3.89083492053751	-7.88272675210636
2.69918165753491	-9.93217333544015
10.294393632957	-16.0471163169178
-0.00518487380788336	-0.396780916002855
-0.484828099431366	0.974067110018464
-0.680142010891734	0.383028147462468
0.243252105837663	-0.919933393077617
0.003513759088705	-0.545811901447999
0.723294133980812	-0.11453566814304
2.67113511998314	3.55591593551031
1.81447966910829	2.22592067195728
2.89834492169245	0.0339045779821155
4.17254089737576	0.840561711213464
-1.87162187770441	0.229293272256856
-1.28617232762217	-1.04379658404008
-2.12105299137296	-3.58587107789094
-2.11888345525871	-4.08988886289549
-2.39016642729423	-5.24701097385153
0.247257750648211	0.145911957736728
-0.886990076132241	1.51253108557463
0.110042706158961	-0.300125853529859
0.883005673645691	-0.282743366633252
-0.335858095777035	-0.827001731970372
0.057477723893934	0.119589858661505
0.0409320898261212	0.970402567647912
-0.513987412942787	0.275015023728423
1.76387403627225	0.459509717251424
1.55063843593452	2.80213235958178
-1.01908951228674	-1.89377189858223
0.786614866677774	0.844010893856968
-0.728302067905918	-2.18116087124698
-0.77650950263583	-2.60439683879778
-1.21928030418534	-5.52012586836984
0.401773002543154	-0.589487554404421
0.18102761447395	0.284504837025599
-0.112334107841378	0.580160547197689
-0.0315945083416235	-0.798540434355104
-0.17627963596263	0.551439286861426
-0.10655106496585	0.205609029390675
-0.387896002659369	-0.949202591367167
-0.438590164127312	-2.08564709688521
-0.0718448092839791	-3.2447616663523
0.291189839503202	0.219987205831151
-0.588360586245067	-0.00553844073380841
0.0669953107047019	-1.02937297962793
0.478009046308945	1.04139606605668
0.329547212946657	0.446033642132288
0.485373958658922	0.775806599799234
1.22897362132	0.660092375805889
0.0986562614034376	0.711889287347055
-0.626852772180547	1.40642708583733
1.88472065349627	1.65176191303153
0.278826935943596	0.558272165480179
-1.62353649544952	2.04450759202598
73.1543652882903	80.6765881397204
134.225833471583	-10.7313809511216
163.350828068033	-139.772416026474
0.0703037605734841	-0.02170141396163
-0.0341928999464016	0.162313731545722
0.0462553644532366	-0.032027173769103
0.00895979980029397	0.195058237968533
-1.5285357043665	-1.23625781870028
0.0338155820974494	-0.869818644458379
1.34171444007321	-1.20325848022637
2.45385095393388	2.68550968699166
2.34666934630993	-2.13667269676072
0.0201213861931699	0.656889423177976
0.0689534553242275	0.395459208356254
0.197887026252467	-0.801067866935457
1.08129199034886	-1.05880496688354
0.442127660084657	-2.42387306325863
7.85279604837229	-0.745253473766967
1.75185401478894	-0.494285560994132
-0.705084787765039	-0.767532556936034
-4.16785784010501	-2.99833231236569
-0.0251862452184164	0.777245325656751
-0.18485722436026	0.866340746978773
-1.33129691399089	-0.208369377025564
1.50671958565288	1.79488551208536
1.72768768273935	0.497534146818442
-1.66301256455262	1.87673659044314
-0.478115758369507	-0.216543020666968
1.06346928537443	0.018955099236642
0.492158531804099	-0.167166104460673
0.753053163030184	0.71083993370762
2.60751865238367	-2.26639784111999
0.635614865413279	-2.43857640706195
-0.72658762081474	2.81414652952143
-17.6760539001846	-10.576412291865
1.46398303475676	5.07924807855751
5.32219239914746	-1.07610656303457
6.31619789944422	-0.868144318838216
7.08010522165293	-2.46318701651186
-0.0332224206250222	-0.628411566187533
-0.193367478517421	-0.35295311557275
-0.356124162382209	0.684923062506666
0.0513788126603915	0.0884785750541288
0.270528996246529	-0.611959658580218
0.190858697177473	0.681976906143721
-22.0725891819865	-11.1505127274107
-1.46783330390894	-29.191472673153
-0.717465748081508	-18.6422940042178
-1.54776058647132	1.32803919687964
-0.841685960277725	-0.0839352623951174
0.237374575690997	-0.0448053156733093
-0.0864307764460827	1.72983593711845
1.21296933563047	-1.0188974863083
1.05663331070887	-0.245071394036377
-0.320261280279132	0.828736149670757
-0.0160268733841852	-2.20932359027752
1.05979788969239	0.554824122028163
0.161760755535514	-0.906443386401299
-1.20809040940925	-0.595514795021925
0.857315124264562	-0.0248872385857465
-0.880140447070118	2.56725530588587
-3.91557594594629	2.46860003324007
-1.25408391923984	0.887779469450733
5.3060599585787	-1.15599362409034
-2.19411549902939	12.8893910567949
1.29628903181158	-0.78950665423705
-2.26833206722566	7.07239424972554
2.2368740103277	7.77299175551417
-2.23879883849494	6.18220525803939
0.445597488737005	-0.407247253274636
1.20272438772537	0.212270593089114
-0.58404009891229	0.544836050491255
-0.0291085960829114	0.370874540388121
-0.48526652209394	0.938940190155973
-0.871796116421953	-0.642034872495607
-0.615272341603784	-0.774948065705661
-0.474493029788206	-0.470327261207918
-0.0123350155369516	-0.216381783299841
0.57010325856356	-1.45485026567943
-1.63968820709693	-1.53734144731263
1.21268025580116	-0.866196782207598
0.322482700121109	-0.185469685599168
1.8032790260309	-0.525391116505352
0.501400467572088	0.0633742707411489
0.591642999771298	1.28594050907971
1.62431389092071	0.508106548028949
-0.89092003012984	1.71665990762602
-1.52627227856435	-1.01718388203191
-1.6458507449677	4.06000227219584
-1.16842193875662	-0.0885707543536228
-1.07206447951051	0.652328166147499
-0.701271359786078	1.72345164698898
-7.89972874334196	1.41992535100196
-0.169167099672548	0.338276131961686
-1.11087743595564	-1.71511873133453
-0.424998540118473	0.601898615128974
-19.6328973033912	33.9670883285907
-27.6714052025571	47.4039620738889
-99.5743283346241	-1.38879710458273
0.0107443880887958	0.466228652991102
-2.5317993811314	0.515146819570536
2.02931383350669	0.450358774316988
8.2161474362168	4.89184560977486
8.72534234815896	15.7729485030181
-7.27919725630067	7.42053103744924
0.962380676985041	-13.3165353174617
-3.52013713291683	0.515060645961496
-3.39165663202912	0.466948133624823
106.982356452501	-43.9342752210335
-1.80164356926179	-23.7697337358606
11.0958155649382	12.3474287641424
-2158.34749888479	1223.32624785858
2178.6663468415	2232.1296522531
1927.27984614769	2133.61003917486
0.368010439761531	-0.739751057045628
0.000207068168040899	1.05521431657777
0.795352589101088	0.417205297404631
2.59881638389759	2.63330967123267
-0.298909630594029	0.78268893615024
-2.86246220594946	2.49352462991846
-3.39924028965883	-32.1721971896719
-33.1966087122308	-20.99126304645
-63.3624276950257	6.75677983866837
-0.132392227821683	-0.0903163608763317
0.108145271932012	0.0127339682037163
-0.0877510626866576	0.898598342171147
3.42443811268932	-5.28799617612764
-0.819959005744218	-8.0022308941499
0.936590711349661	-31.5387830788667
2.69819428382092	-1.84950899652653
-2.8541324063095	-2.1297449983106
-0.793265290180615	-2.53913990233821
0.325505239175177	-0.481487507475536
-0.140282563818712	-0.876201397205668
0.044712440485338	0.0937852907136568
9.79830809463407	-5.2419161392497
12.1602265312832	5.66841085615641
8.67477299224205	3.4250496339319
-2.9082781558316	9.25936090520665
4.42939208633832	-3.44107539106545
2.60016958309644	-9.22857955569541
-0.365178750823344	-0.288687363417137
-0.312095894364365	-0.310858150585989
-0.442638778532831	-0.574058710010421
-0.196530875132143	-1.88208166647052
1.25532473966341	-1.43719001931925
-0.0641520465198822	-0.666407569543269
-0.787215501930752	0.163386249131972
0.491046906605989	0.0786679782310656
0.119350454622513	0.252772633949511
-4.84688300270223	1.09776841472672
3.4182533243885	-8.32391671494198
-0.0434124457397104	-1.77448922975582
-22.5276633045962	-15.9553398379548
-1.42065443467587	-3.86799058209757
-16.8362164294179	3.33149453501743
9.62777326823806	5.27285580058152
13.0131101152714	11.1055326160171
8.04875982906351	6.70105263669727
-2.25545717291641	4.13122645202973
1.59804299543831	2.91346754079078
-3.17766062166084	1.44805446610031
0.897705113006268	-0.371295493358072
0.0402360270063402	-0.51797457482076
0.806286740751697	0.478442739999925
0.182272976596321	2.34682079210006
0.956119674620428	3.24631956305159
4.2276486167474	-1.806234040377
6.0153110918813	-1.26107874115821
-47.1638928576808	40.0228730696498
40.0807528819819	12.5484480282293
2.342763112906	-4.18170301083082
4.50150904477848	-4.32529585799258
5.04888212258674	-11.2307996529477
-0.818925078326805	1.91767345260228
-0.351148417888212	0.197459306853892
0.0703402665832279	-1.44056473691786
-0.536579522308602	0.921367646667509
-0.227297229040249	0.165779686868586
-0.178331479424272	-0.18652296324238
0.566938266452486	-0.845724946060014
-0.494419287272391	-2.16971703578676
2.28393367930563	-2.96681377253245
0.518234317932148	-0.0278614887525114
4.92321536641977	-1.00033420997933
-8.72235403725792	-5.5827508031547
-2.1084946339249	1.91395016601963
-0.222121690571772	-0.231559489830033
-0.87350693434523	3.83873224974988
2.24638377155368	-1.53201340549269
-0.813746521914174	2.14076182844787
-0.568446391281177	-2.58119840499302
0.0103584993785792	-0.315060326648546
-0.808322216718416	0.665614146949622
0.00418125008489829	0.21531360571951
-0.680918195853443	4.05415105192753
-1.63990532188989	1.95027081879544
-0.634101775557201	0.179440898948966
36.0436684681617	-21.9777686019436
-25.2127704335683	9.32062955244717
1.18528375741865	-15.1689690619145
5.86438993643663	13.3442016448104
4.3111836392387	4.74046401707638
5.15065795713452	7.17358938147164
2.95625874142066	-1.47897875235153
-0.894250821487566	-2.66063871813065
-0.916764365862779	-1.8801963598029
0.0751337416292291	0.158558216623533
-0.507357897231188	-0.917746602561392
0.577636015198646	0.49016855984488
-3.18979869140833	9.18928156245831
-10.0775991161669	3.17827752603132
-6.011629294911	2.39686776237382
-0.557802872319506	2.13563001921287
2.25312586305455	-3.2717271551178
4.92296857142463	0.591847935841182
-9.88037568275736	-0.411722825436919
-2.580634054419	1.03277798089842
-5.26882263372589	0.907645974217941
-2.21591364637654	1.52353872702368
-0.546003065418016	2.40864039122261
0.144230917443844	-0.0712368333783343
0.0785415720331725	-0.266825096707661
-0.0571271406733535	-1.42574412908653
0.893732556518743	-1.30752374356578
1.48120315280431	-5.82976947925084
-4.3599400232409	8.08096139890159
-7.21215726969019	0.22045535755458
53.423926628762	-3.28771763455158
-104.01716017978	-2.893903826686
13.0676399875695	-64.2463809661198
-15.0271291008124	57.1524265577999
3.09950791128116	80.9823614216093
-46.4384890875238	100.551606292735
3.98848373716254	0.376290864866865
6.38226551074897	0.0653456149263216
1.11377946977167	-0.887653522209032
0.465758609904271	-0.254272933776666
0.259937759571144	-1.34005803747877
0.414110080052706	-0.709748202869897
1.85863425125115	-1.05656643362846
2.18100729009183	2.01806328826853
0.126947660461435	1.14445757114684
-26.6545781816379	75.8797631288709
-4.48001524002704	-70.371698707981
100.895307078882	51.0622912862557
0.59285539611921	6.86003824877954
0.501031711542567	7.20351377565632
-4.18976596867305	12.9021163289497
0.149042208714952	-0.459763900333252
0.0773586289125272	0.90302871737274
0.47114850286292	0.155971665430328
3.482803665147	2.55276908114552
0.373430726230915	1.98760252248291
-3.23914380952466	0.520501421089477
-1.2808090507364	2.85068996973494
1.71787249889415	3.01425918876128
5.09712629141517	1.96704679221925
0.12629739154451	0.221477249475699
0.0489173704397769	-0.14216370643641
-0.176118585298684	-0.15000885812132
70.8458769004882	-70.25853115328
41.7869943756623	-58.5408675664498
3.69141162292411	-59.0947370204229
-0.6339281000779	-0.137327182181855
0.517896960222364	-0.380815016739413
0.00798151767749562	1.0108122450154
0.651261570048255	-0.770935497819631
-0.719553928655389	-1.1941043284076
-0.0517360736007281	-0.746753279093216
-10.1932626216671	9.79019287496996
-16.6962852558806	-4.22352367763061
-10.1213185906345	-2.03766693681708
-0.235041959531288	-1.35284055733221
-0.0939769564945479	-0.684550154381744
-0.243638718712983	-0.270719938449298
0.0970730265659105	4.99436257866199
0.425254176131062	7.82707106037137
-0.867569901612227	8.39918565648589
-0.255764956937209	0.151004683233985
0.477258819421551	-1.03012834527775
-0.593648715989032	0.690918443735764
-0.0083457090569047	0.658153466652851
-1.09891295349416	0.0638939877306935
0.512429769655326	0.225285041981966
-1.93565510217649	0.601865325363247
-2.72519490125007	0.136251673882856
-1.64321285759194	0.169320177109647
-1.72170759259095	0.865727954937818
-2.2269371849798	1.70054040290915
0.664135633395759	-0.358509029866992
-8.2222550553277	1.50776650301346
-1.37251760712875	0.426557528151852
-2.87946135553965	3.12726592871436
-4.26660998141235	-2.62910239510296
6.00013669780095	-5.79626554156648
-4.3124121559097	-5.52339463241221
-0.614773234124402	1.00946428185211
-0.619145324721245	-0.888327555005777
-0.869596687864596	-0.396909882727135
-0.414573597391128	0.521799851535136
-0.405134737525973	1.52802961804545
-5.80400406013048	2.06330432093594
-0.609090593709905	-0.553144001521397
-2.00257558226384	-0.734388887581869
7.8855124668097	5.22882049895692
0.576517829216687	-1.63782690628819
1.07198258093369	-2.19688540136056
4.24484440509414	-0.969352444716177
-0.283486359172377	-0.417631789556035
-0.119240984269975	0.965234763636
0.273205983946675	0.477346038766854
0.254364860997371	0.427039110015081
-0.568400829344254	-0.461664448323378
0.578029001159913	-0.991512873269324
-0.0428411754685694	0.643813691233191
0.571939257280261	0.110872564254528
-0.401527704854693	-0.0979764027448215
-0.0901770608495116	0.120564515599311
0.123571258297175	-0.0214011848296816
0.227716749452502	-0.190216520624498
2.0284844078177	0.928336309887253
3.07714320870143	-1.97795447812156
2.5391608985534	1.20402627300149
0.881549635060913	-0.873965270980483
-0.544072045561132	-0.0891464129287905
-0.273835313971386	-1.41810758696979
-0.0470833150081962	0.0477503391145343
-0.149080377558376	0.255874751790504
0.377864250768044	0.484104546063529
-2.17601938390676	1.57266892275359
-1.34839936178581	-2.17681631333384
-0.686791847748828	-1.17083242950068
0.708725812602526	-1.02944955491527
-1.62959447713975	0.911571248868051
-0.290541588616346	-0.87213400341595
-2.58842988364865	7.25601948232096
0.801782021937675	3.51875031485517
-0.0917297450916371	4.10271590080572
0.422008160585718	-0.70561684223831
0.426979864654433	1.0334202652434
0.585763880740318	0.339726371098647
-9.26291771818557	-0.154869504887991
-0.928276903294017	-4.46294268055351
1.12772296600527	-10.9411463849557
3.48866670847283	-4.18514954648388
-1.68678547714802	-6.40500263994852
-8.32542256107754	-5.18745991894351
0.823693880793907	-0.304556916482239
0.382584097836175	-0.31612818428314
0.415559123387478	1.22402948929936
-47.1459530368501	134.858950061467
-111.831898171	205.34472101527
-240.144566471825	318.451855360797
0.367230907716431	-1.19041985074808
0.758962631384775	-0.0350443091929306
0.273193613540695	-0.0360057917823444
-0.299747401904798	-1.03392683215653
0.323647846563839	-0.616997917455471
0.586721512651822	-0.199988501437567
-0.39169246175466	6.45678413409066
0.210226635388027	0.16899585276279
0.629634762330153	-0.426324538612306
-0.659710702286997	-4.72063618285902
-1.00127045637084	-0.344689222447089
0.135057771277331	-0.277823048702582
0.213721178608026	-0.319949471788387
0.251931319746291	-0.235246011049927
0.281212730885558	-0.22865866447225
-1.3442795391117	2.45368196660376
3.05728708557438	-9.05028765157934
-2.12883109193798	3.72701250144475
-2.53570780672995	-0.445268318049008
-0.52548492519142	0.490631819652563
0.745377982885528	0.0160730597524453
-2.46217507256666	-4.90432934755588
-2.80083918625531	-3.13976418678902
1.0455175914292	-3.46964443736502
-235.409614720698	126.183580355687
-206.064973502933	65.4843084347682
179.025764144109	157.9340581091
-35.838204363904	21.2233063187531
-31.0749022834116	7.23583909859129
-55.5192908843293	-2.80924139129536
-2.78626995639521	0.798432866605635
0.114515849907758	-1.29885926638989
0.0644236191234931	0.859936831024172
1.57712613331655	0.341412016958982
1.14902693190464	0.412162267507765
-2.3600264594601	0.133505923014348
0.704980055034873	0.134710039863926
-1.16613562312732	9.39808613853207
-0.502449240710178	3.30463112865308
12.7960856773008	30.6870109367735
-33.498445240434	-27.8573704205967
12.8424231044026	9.80540928295625
26.8850556101639	-20.3120865994589
54.2579558752632	25.8477249819583
6.22754518976461	-2.40681219184117
0.663116921083301	0.12721716765819
-0.968539506403461	-0.371718987482935
0.307335274885454	-0.0138157454526128
0.389880174516303	0.324650920607752
0.0275101223933911	-0.194116917717929
0.530946292857385	0.558838606988161
-0.470349950966945	3.72524031298045
-1.46257000269531	-2.81221975056013
-1.60724212597501	1.69125567091236
-3.53288836771083	2.87411909382422
-8.24437546613883	-1.95031226953241
-0.835866345448138	1.33111501213618
2.92187352355776	6.06111369446819
5.47564181100386	-1.53807904493833
2.32095418821991	2.09774173006836
-0.760417842046595	0.354516557867698
1.65829033610227	2.53344367405832
-0.343028624204937	-0.303953620168457
0.604706798252446	0.433120522993724
0.577275013742966	0.127652650140219
-0.281206390288971	0.629167392423818
-0.000144581663947098	0.341773404215883
0.12834346403449	0.957353567034215
5.41228496050003	10.1396462008999
-0.587993385126239	-0.552784363029459
2.14697149938251	-0.0815657477446411
44.1061200552153	12.3583447601326
-0.632825811575242	-3.07758473952458
0.411458258952846	-2.21220303976491
2.16309529243952	6.25443147894883
-2.20661274558283	0.615462779127101
0.500843838210976	2.04639419477547
-1.35668792672625	-1.11673707803034
-0.751251797909147	0.0718948267490194
-0.206763145639829	1.09742763644442
-0.241087597564009	-0.0873834264992521
-2.25772234393681	3.08773037638726
1.02807985893753	5.09167431976385
6.6240883920513	5.99767594337739
-0.929355497069631	1.29347974532129
1.41393281850319	-6.71009208149665
2.14390654837416	-4.44584363636849
1.11274602993466	-0.883760270425466
-0.424615467925837	-1.49746716593434
-1.49227260274001	-0.427790873136689
0.232766137758497	-0.791791549628933
0.432960749880179	0.857994277804064
0.523988952197727	-0.118583705320966
3.97521389515778	9.85526745184969
-3.91570190538102	2.85428013476887
-6.07624560481834	-1.1526139580782
-0.59827949906843	3.95904162512314
3.87843394385335	2.70897162449654
6.60760885634301	-2.29522835974785
-0.0757203183698434	0.553391702295764
0.201646498309019	-0.0901701997838604
-0.537311271062293	-0.0764661876280137
338.799424910598	210.956366670825
262.767179552316	32.8806417547257
104.953307038159	-138.035191090576
-0.224622735638681	0.0289804008335954
-0.0138296442370561	2.23127568501519
0.428711806209892	0.558157917595949
0.696470866802444	-0.26861996792062
-0.218344904941665	-0.677625900652885
0.0858480950075356	0.126927340345642
0.716660263486578	-0.0770143663156174
1.11827957744138	0.508909660261481
2.80278971449832	0.3285859006513
-2.64814641177289	-3.77097243905661
0.514820179939858	3.27310644375796
2.52264391264215	1.53116824424037
-0.521198899846599	-2.56325443783415
-0.232369638704616	-2.80836211517048
-0.602778036393637	-5.0190978866232
0.626807871374477	-0.303502463445069
1.42820993034277	0.820506414482109
-0.0422774694145856	0.0579604948319483
0.198603687174659	0.492281808859585
-0.75544385478614	1.55563082515217
-1.3621996512954	-1.42017934831231
0.00158183110512075	-1.25787067230862
0.564448545371581	-0.268820252799674
0.0412840471683084	-0.540893340167584
-0.707974568629898	2.50926416951961
1.26172756935234	-3.03750402221574
1.60991183049169	1.64453213318293
-1.92770943405702	3.42639852053596
-0.706110547524851	9.74757449348701
-1.89435286412708	3.63603354190978
0.146580247059168	-0.378744583489821
-0.749486310970174	0.750804793189095
-0.764895579654244	0.309006206534146
-2.38228412282938	3.97616607982597
1.99996869280917	3.47786273405786
-3.64301515200698	-0.539551948349244
0.415675645210884	0.0905297277266333
0.641901829020753	-0.893943008831016
-0.879628089681809	-1.11904306508795
0.0235876807388216	-0.622849280658687
-0.686923031357498	0.107258100739275
-1.65254558219714	1.53493827304738
0.987757639359652	19.8412207906126
6.60898445711021	23.189409018358
-2.3807165056625	41.1235233877679
-1.47074228792508	0.785374435446446
-1.59860163629161	-0.0937984187122529
-1.08706020402882	2.38270043784733
0.576713870127729	1.30028502801324
0.316506040533897	0.325810767293955
-0.0410527816026671	-0.32602414749378
2.15794210183966	0.994372491108035
3.96519343965892	0.916415978304856
3.34651345657238	2.96456938857571
15.2619561548718	-9.6872762669916
-6.50642795466252	2.18208038938077
-9.9319786717172	-10.9115378376097
6.12421421286699	3.44877751895343
9.19881751257429	5.9301521275951
3.71268994353194	3.26852179994526
0.520751522573314	1.66572314093212
0.174302320239206	1.04754894047082
-1.81436272209622	0.454461570308181
-0.0489541647501102	0.645485218895405
0.168214510051202	0.962107220847076
-0.851289122657582	0.0221614029051164
7.60111054667647	-7.2801227624115
-0.910603948451619	-13.8078144435311
-13.7661894644945	-14.9822715455072
-1.16593517316822	0.947969928502292
-2.09811138367776	-7.34840130909734
-1.06450575725542	0.970916663001344
3.36097561306103	0.782932802130277
3.7233170250771	-1.43846519402541
1.62186603483349	0.00811565896940766
0.163587336412685	-0.195665528254999
-0.195032004336866	0.377477985077104
-0.0122987724663508	0.372777075062054
-0.422623600357563	-0.284041580210148
-1.04158056547669	3.58110486794248
-1.07671367864793	0.647113305798416
-1.05062757069149	-0.723272013558008
1.23365628943592	-2.80746617014516
-7.27472437035755	-6.43638923220233
-1.98739201052977	0.670887024327475
0.677982304823585	-0.36947452167962
-2.65482814848475	-1.72255685572539
-66.5706725322857	55.7603672123541
-31.5655048760003	44.2151517910283
-76.9504765921719	-13.464383438018
-3.8012729389638	-1.10276679487151
0.250621713664535	2.84682409965474
-2.89263881918631	-2.24986930624576
0.439476810346896	-1.70579066354103
-1.95623171658313	1.5760909885104
-0.573409401365312	0.351650600447459
0.543967155110715	0.723511927341517
1.16984136101078	0.675595268880072
10.3133012514516	-0.774213123012789
1.79514362218574	6.70323885054944
-10.948489624625	-17.1942909760793
-3.36391766579351	-126.711160157175
-11.0777411044637	6.17749629545495
-13.4213727070004	7.51335315817035
-5.75748433453103	67.5981042969462
0.263886279724268	1.2032631257786
1.32398605084693	0.226931717080028
-0.798510101350684	1.21263011597611
-0.444053381796061	0.0848686307213823
0.703052764914868	-0.328371568167431
-1.2852690146751	-1.2958322830019
0.127222320278579	0.968391549775304
0.368209499314765	1.39737173699401
-2.06501175625461	1.76381947172215
0.231278268378142	-0.591894348608845
1.52941719831872	3.5312019717106
1.02641882309473	-1.62674215804683
-1.17057048518348	-9.24608350678517
-0.487940575970499	-7.81725328830708
0.231113879400892	-15.655162675156
-0.217954346021877	-0.263726996246634
-0.408718769050073	0.912511023988856
0.114697959805016	0.859167129308104
0.0479384686684596	0.543646442329268
-0.517400772404056	-0.58952260855331
0.65210708703152	-1.03674187238131
1.17132129828833	0.850294141495257
0.546859874753192	-0.251362744591514
0.0240323319275426	0.6435704700379
0.740375368606367	-0.561308875264796
-0.493787890656504	0.146522713966197
0.329838308411356	-0.0141183657041607
2.47523046418133	-2.1868571291391
-0.0941294308971289	-5.86118102125741
3.28871222365551	-3.25459553349048
1.05787503997597	-0.812032603570662
-0.225338199101485	1.15058255057985
-0.983055755518151	0.0610186197918491
0.687167828132282	-0.0924443259309773
-0.488252540648116	0.790737458999286
-0.602683852968787	-1.03178233365594
1.08027006750034	-2.58169794601737
-0.632842360435483	1.04309844330486
0.640014818653794	0.270214137638848
3.48421679853847	-6.23728251016566
-2.96589467117171	-1.78812206347825
0.266858744451413	-1.47279681759309
0.97038048107836	-0.391722456808284
0.711057414607686	0.708778008369792
-0.0601419064927665	0.31126420914363
-0.28832387027248	-0.156468250644059
0.0188451581492514	-0.689548251989418
-0.0596558139048934	0.616176820308983
-0.0779248551318722	0.0586667854575566
-0.0752858439820964	-1.72230329304951
0.431801440709479	0.806426238596648
5.77967835601144	6.91881764459231
-2.24958200141905	10.2300919220369
-0.944823846338112	6.9098915223464
-0.00407999076235493	0.0882336859821932
-0.445541082358972	-0.173508650873952
0.222946501765071	0.141724787726762
0.185850648229051	-12.5678963454165
-1.30867061199409	-4.70360436040179
-2.64271899827669	-7.2956851001394
0.514274337884963	-3.09846368683147
-0.989139931498914	0.894746445744356
-0.921627236140901	-0.179112685384737
0.59752806749205	-1.09699842319278
-1.03940653136974	-0.863882967989058
0.952775570828277	0.357734588407854
-0.215818350087682	1.68896086179934
-2.33611398208507	3.266329712488
0.0659427925991518	1.87736501348356
1.16296161408175	-13.9274819871283
-14.5875588112992	7.56125982048439
0.636872647746834	-3.92781966745929
1.17773789997592	3.47777946969454
3.04220603209087	4.31481612132676
2.25532560058091	2.75454558547762
1.1498310215892	0.949380743595674
1.95658235795694	-1.60116635788257
-0.485032477954187	0.194974047689264
0.283217552301499	1.41987460040833
1.14573155884416	-0.429866913994245
0.188160503336939	0.429878381969009
0.306058354427828	-0.835202594137183
0.409317635039538	0.224441905944989
0.975422446692842	1.17653900157345
0.536921587606811	-0.97070076391211
-3.68542987428642	-2.2564499348545
-0.886666493149873	-1.84781970692354
0.0807467486744099	0.176723201207308
0.29967183983736	0.0292450899754302
0.0999058493687748	0.239036829368936
-2.14953446414749	0.15160569541162
-0.103510845544299	1.86595965950932
-2.12268519397068	1.50456397766893
2.35848965512786	1.02853529957383
2.47436153757379	-4.50964239208661
1.61915412897791	-0.344400031100234
-0.507873877325039	7.0123539671305
-6.51622255393207	4.27735545193742
-5.53035668943607	6.0630308106921
-1.93705842492211	7.85921719483523
-37.6587588174027	-20.0656188798192
20.8847846940078	-27.0125488546669
-9.6930165516664	172.647676316109
20.2587217444772	104.789242710935
-51.6424609108046	203.517776529403
0.245920464806398	-1.06580372949814
-0.762895654936071	0.185313018101991
-0.479161630037776	-1.23701869276301
1.52558145818031	0.818231614171278
1.45698392315018	-1.41325455450343
-0.274247654318496	0.898639141949279
-0.859442465282867	-0.680522683657489
0.636169691781152	-0.862004845831539
0.700705549679837	-1.44375856836273
0.229363315415682	-0.108264958943597
-0.816894956882795	-0.0415963193852745
0.457104019447593	-1.55228007915539
-5.8562428305213	-9.11519126473972
-10.1448293557834	-11.8753533573851
-12.439836577764	-20.0586184479783
0.0200561499994902	0.393804718117552
0.0618468915717756	-1.1580771939236
0.366273006407019	0.543583634839215
0.0218464986464599	0.223896855034223
-0.605389192146721	-0.352055750446896
0.468283680497347	0.254344014240313
-4.73041612315068	3.58146195688027
-5.96790589983369	-0.738293928279856
-3.63911306724968	-0.746419068927685
0.949629932865739	-0.415201718677576
1.95596246721515	2.30235301017852
0.0667697329010019	-0.579779767023655
-8.22221697174702	5.19170411621388
-0.0844238856381987	3.70172969236979
-2.8578149051947	5.03913158290759
-5.45210958638581	-0.613299204583801
-3.81938715990495	2.886432255464
-0.0941658167210425	-0.254910790210497
4.18813760909939	-8.38403377769017
0.0683391756550643	3.89994596031019
-4.90751200104104	-2.22100138948009
0.874281357943887	0.614981552102596
-0.0216618670688991	3.39627117876176
0.627593729225649	1.32608674892315
11.7965905530108	20.2596007292593
-21.7514014342283	-94.1771733077024
53.1488603588982	17.4922794929813
-80.9441785789611	-428.112078732703
-242.355578853396	-195.245363195866
-110.734105675505	-179.215869708809
0.697099763221008	0.0626125220419634
0.545559992727342	0.0938026524749252
0.513688464915418	-0.84473543899116
0.55822389958924	1.07781263104095
-0.49328239130644	1.10517505956917
-0.36059284894061	-0.441370082031949
0.0439317118827884	-0.0671678932738446
0.0119304455906637	0.222840391950038
0.834271220311251	-0.00928596453402432
0.118349003538492	-0.198718488483209
-0.21278556569084	0.260424561779337
-1.27396949920826	1.1357260026765
1.56688420388365	1.40261043614849
0.847105630226647	1.84908344275562
1.27625121109178	0.174425654143579
-0.238721815213778	-0.0732913687677321
-0.149408132556175	1.18931617034529
0.402447530248349	0.00661790888824701
-0.261497248875591	-0.445752065450573
0.563145629319809	0.189435759042804
0.98140690450224	-0.25772604706374
4.28529357268615	0.443886815222252
2.95449399535172	-3.87302011326633
1.46545115960398	-7.40442697951993
0.371110220211195	0.330017667343516
-0.0551484402730436	-0.381238928515653
0.770762609363778	0.268975263302947
1.96365076611455	-5.67255008399122
4.10719640861095	-8.11276581994633
6.615632573489	-12.5417995112024
-0.338150747417361	-0.543272048469446
-0.102835217292215	-0.31076241402611
-0.209727928471813	0.923893738867031
-0.582091076385468	-3.03176148718112
-2.46858943537926	-0.155464835558358
-1.97474470878544	-0.611755321590642
-21.3569221513148	36.1816316450565
-50.906562726429	-0.225396906343744
-32.5143852495702	1.44977728627178
-0.413184155642569	-1.05824038287674
0.10371721564608	0.11639094514076
-0.161914401880134	-0.0491549746538836
60.3670523379434	-3.18569903255089
61.2232219720096	68.7112224265063
48.3567656679832	65.0964363364376
0.198342285310501	-0.458624314953198
1.20682340503519	-0.161807787661212
-0.725962993316614	0.672018322124811
0.418219758969595	-0.365126758762394
0.167842063378993	0.660637866221445
0.153218977408693	-0.145886841931551
-1.10174832049044	-0.877038221588272
-0.836544634637898	-0.899746468125246
-0.193598232309136	-0.340185089183544
-0.173321786545095	-2.60256524383391
-2.71869286241754	-0.782523495291926
0.756932822112851	-1.39501215518652
0.873525821883538	4.24623879302115
1.33904735049444	1.72846565899539
1.04993995802739	2.38567278275862
0.278341128690552	-1.16966447968941
0.161728204807675	-0.622421400247214
-0.414169819951751	0.313540334793415
0.133710680271275	-0.150408403792916
0.637370983668648	-0.72410946590936
0.287820161066321	0.413200145454744
4.22072877385756	-8.42662467701553
10.8829961312633	-2.17618319439588
7.30084637136637	-2.16807415232776
1.45549093433957	1.11165763603772
-1.37804732471543	1.35151144156574
-0.754880428019294	-2.6533964486809
0.492537506312244	4.90849577972494
0.128532639737828	0.859032018110823
-0.0958365479784673	0.163413839478013
0.187774002544906	-0.246376005871733
-0.822356175405887	0.835517997198813
-0.825453419789216	0.364423065802965
-0.169374553935137	-0.223022483149672
-0.108627449608	0.726930613478383
0.0986783617012374	0.371510077631158
-0.535294841416846	0.527711950078709
-0.067344380649337	-0.76636304625173
-1.04004551549158	-0.785589613330737
-1.19379681461922	0.0740747771929046
-1.24715288416488	-0.232921883620902
-0.876181306061148	1.09966611720819
-0.281797794374867	2.996513394183
0.547973573633073	1.44609348786383
0.402515943240466	1.75965050758066
0.407701284022548	0.876266184252102
-0.45316929830355	1.04640117642062
0.681739224970165	0.105263847830743
-0.204982998652892	0.566474983179668
0.19049471600277	0.313318169961692
0.398842898750828	-0.750101776455743
2.05058661992631	-0.996109907372396
1.53132679284542	-2.79812639476945
6.16080995013746	-3.5054526002397
0.0927616315085861	0.69226637571552
0.0733043097212217	-0.301763578051836
0.17445726050358	0.187174757051835
-0.63953388772779	0.128169522607444
-1.75045852943156	-0.988424702466814
-2.01282969778088	-3.88401904908363
-0.0582145903759425	-0.614525194261299
-0.317621815660456	-0.41274689490196
-0.419003557444777	0.687852305551701
-1.81209749453924	1.77226503180329
2.15077129748044	0.203827748369386
1.55977216689724	2.12687578917793
-17.4975164157644	-56.7092651814858
43.2537540349422	-49.1528353644691
28.1978528981022	-33.2248048962209
-3.73197760528447	-3.8831655052724
-0.594737819989594	-1.30403608326
-0.858485007391969	0.166830475171937
84.6486912996635	55.743268647469
16.7251876660026	-10.3678135861241
31.5940086039268	-6.30541843992247
-1.68333119600114	0.191658064104098
0.00361982533911994	-1.03207428758988
-0.0739723652544895	-0.217814186649306
0.147517961402624	0.518049694157143
0.0187780285627244	0.637857594000755
-0.343796177947962	0.366209022060952
0.893543566085782	-0.36897614932244
0.153380146616449	-1.09529545914889
-0.0564146542342956	-0.761773624528257
-0.923557013138246	-1.80619025666076
-1.20968262096435	-1.34820440212563
1.62088544908939	-1.41997173571415
-0.459893804540955	-1.00208163693764
-0.386163014266858	-0.869849117404933
-0.621787492333358	-0.284430986747966
-1.65826013608636	0.148850599639104
-0.217530544888669	-0.378150694524615
-0.434105018846152	0.584382279438402
-0.69971630383227	2.55980042205767
-0.980125825161315	-0.494905195502255
1.76150139398849	-0.975550517722088
2.85983207697082	0.0327010245254407
-0.0835883116046463	4.86516083148163
-0.292663111501665	2.64504268737811
-5.48382274184786	4.35530137828202
-7.76188906315913	-6.52725388330525
4.32504260580526	2.12187415470153
13.1121687427534	-42.6921976465357
-25.6453336097374	-43.8927986048549
-4.23948661282393	-33.2166792812574
1.44144090564255	1.22484435935416
1.40216718724213	0.00827058269173907
-1.00980891452274	1.75880387885786
0.706681598324422	-0.27067900128418
-0.281304908167079	-0.0357241556862627
0.465866769985652	0.405924949337653
-6.94416246919651	-1.58483917698254
-17.9426835616507	14.9786312940463
-5.00682610263697	23.0289657889251
4.10817327283752	-11.205670492907
49.950541067867	28.9333993552102
0.972021093290345	-16.4354541562318
25.2966892003011	-0.603713765009586
20.2366124778622	8.55333425323398
31.703400170992	11.401465943765
-1.09848166556785	0.319714867259974
-1.78118146563469	-1.55381662381691
-1.2918673074075	2.47588540436975
0.537121552775074	1.40486724926674
0.469822312280927	0.458804019314437
0.587548613298692	-0.538202410560414
4.85959213995059	-1.0367092897887
5.62841711612427	-0.987762203898776
5.5761682185767	1.6719284585205
-1.26052866062704	-8.04275721930787
-0.776646652517174	1.47716247537503
-4.79859940258037	2.52200816890377
5.76341738373096	-6.56698492975818
4.65251538486695	-0.640304629187563
0.84857488398074	-2.41707304163699
-0.491088509762233	0.397563601221225
0.75956175513839	1.43848172691321
-0.361972247382325	0.119038756750246
-1.15283649090638	0.383375388637707
0.966989034490458	0.671714297895515
-0.931527352665301	-0.0157965553632014
0.246855654957109	-0.332184672236954
-0.442860854353051	0.0267895600720569
-3.36111315789998	-0.44416478350086
0.123923778375384	-0.721439429863226
0.43243155268427	1.34354883600968
-3.00856624126447	1.42059951346181
-7.19388437018707	-7.81794446588385
-4.59662569459235	-6.1091496088734
-2.86556730115455	-5.36678339010005
-1.14679117298864	-0.222592139429335
-0.247397879526096	0.156416687866022
-0.954058309687616	0.883011340786059
-0.814953223171186	0.114965853002398
0.233221738927438	-0.229332509709051
0.715839527837917	2.03869627198702
-4.39710580357448	7.94012888234218
-17.2007035718748	-3.05620487991027
-11.0673416185378	-2.31724887607995
-9.56623539202305	-14.9222743874505
-5.44767086051295	-8.57294900767974
0.165234725976661	4.95923154774051
-62.473260490899	41.004160167863
-16.7680897510008	25.932716220969
-12.356768738134	26.494167765988
0.360438729870164	-0.263079454058489
1.17940396476876	0.60697601453375
-0.0150861033309225	0.102745561782844
0.545689033357439	-1.216720523652
0.935461467472884	1.91721431361309
-2.03524304194195	-0.497436652333871
-0.0438678081998426	-1.1532630960542
0.347943028641466	-0.62296332895537
-0.242346670712679	-0.593387985526036
0.0121052717056194	1.25440229834643
0.522483925454612	-1.97431751446721
1.46752145078489	0.636592871591259
17.470951447418	-3.4066821188459
13.4746130146605	-2.51383715474663
6.09260446339935	-5.9018893286926
-0.0494386216405735	0.546084536794308
0.239049577522997	-0.0395964064082172
-0.488731585290422	0.249611232698592
0.505263597790182	1.76709929576674
-1.57412433027541	0.0824394373717264
0.644543227805698	-1.16002329452017
0.473776700981985	-0.137270671624711
-1.35665088369173	1.07922112439452
-0.116264140847247	-0.196403649415118
0.24014556591585	-0.255480583305268
-2.66738637854707	1.93612848929604
1.00541509277241	-0.338900315479299
-0.0559641826568386	-0.636619250035314
-0.801545264031788	0.0702008646040638
-0.25467242090433	-0.496718442468038
0.203001056660571	-0.310953150209509
-0.0700291211340869	1.16956747321696
0.600893724167475	0.290365625166533
-0.650854106850571	-0.167400360186735
-0.0815559434224878	0.743544666971925
0.467435850806951	-0.600377099419647
2.41414242560782	7.40152149511038
8.63781995208154	3.27745367906112
15.7471355590477	-3.72515240397556
0.0710730376326591	-0.126893144036457
-0.0400253761999953	0.0084717126745174
0.372163355498778	-0.142457716501102
-1.12204046801604	-1.92691021975804
-0.429128363949943	-2.50280070633994
0.310387096601185	-5.0045327462464
-0.147894158393732	-0.243421730209415
0.0614938787640758	0.733463020909139
-0.175850979165571	0.688878093976943
-1.42271453888822	-1.34432067744188
-2.34145623295832	4.60034190511609
-1.29467251874711	-0.0440742349773674
-1.49976998585162	0.77118401321431
-0.961098172256656	1.30726988993843
-8.83011526694934	1.917177004831
-0.257617281331066	0.786244992570526
0.249617163215694	-0.281492192350111
0.0918688376909329	0.347805144465719
-45.51009011169	70.8975052688579
-49.5369463691073	81.620853906628
-168.291730078227	-3.54228287702282
0.354500652367011	-0.222241039521787
-0.0343491488242971	1.06462948642437
0.626200477431166	-0.235076354046023
0.442116161367719	-0.216119407743313
-0.21877341139601	-0.749396466477046
0.183571152964294	-0.238565879441375
0.245824442031757	0.272755225787116
0.277613891762245	-0.0388811042867138
1.44725807597391	-0.0622328958745074
0.368598018024415	-0.0733020161425162
-0.290678379321679	-0.102633008889906
-0.197808459921981	0.329407223565867
-0.199325081968536	-1.5002069556762
-0.109174112811006	-1.80260760443008
-0.10508153825788	-3.46420056968496
0.086872315978778	-0.562655047915119
-0.344954008279856	0.325537364905437
0.169287372014997	0.412848969034793
-1.66096093921686	0.460747089619511
2.01433925609362	2.01142983138192
-0.564181882880763	0.484078058223234
0.307282612282308	1.6792562627809
0.519038858164931	2.62959131753444
-5.71293150800628	1.89348808354089
0.946371947712506	-0.652999710847861
-0.588211017725603	-0.404611118705636
-2.44479001883118	-0.817354927451427
-5.75178749458109	-26.4082343935509
-5.64513787947148	-24.9013755661505
19.4491999279747	-6.34721257186225
0.8452034981199	-0.505894066295691
1.30861616578932	2.16433341834938
-1.90932427372965	0.26350990885609
1.2145207207054	0.00851185994424163
0.370565753612548	2.48319042671008
-2.00519605063715	0.420497545803755
-2.4109224492669	-0.602690519837976
-0.820108868151119	0.43322882640582
0.0335093404159543	0.299774400835277
5.23710181871754	-3.55902819442399
3.00069123519252	-3.74062555384496
1.20844777956489	1.75409249937444
1.50235306923276	-1.27838666939844
0.832113496400195	-1.60876665488609
0.316982034707739	-1.25225638957124
-0.408399835996295	-0.150277561580174
-0.218307570780756	0.823704850482345
0.0473671007062117	0.169748958260306
1.61791764113137	1.852554090533
0.468232508698312	1.52332399846839
-1.88555599445759	0.294486053168502
-0.607653016215627	3.20853150485041
2.23830796609489	3.04320755194491
5.21842022853869	1.81735193690044
0.827904129667979	-0.108107437696304
-0.518071379214783	-0.419796023067069
0.304513284494029	-0.283571078829937
23.8446993565595	-12.9699580791091
16.3495899705946	-7.24433545462634
5.3179315364581	-11.5855286806144
0.0262523626762647	0.319271702576302
0.00767804836907054	0.950914392039258
-0.421593125130801	0.384383769948908
0.867005702667617	-2.91611346798236
-0.538146706840722	0.325702551093674
2.86509908474365	0.985914792753317
16.4400158368524	24.5726452614529
37.2682246979702	3.59418779875849
50.6559503613963	-29.5266462457939
1.65326066614693	-1.26020462600391
-0.252866507779648	0.0825449408468763
-0.814612215570794	-0.0922979910555321
0.414871625924606	-7.81225693861844
2.18695427245204	-8.38905976291898
5.22951639269307	-9.10648334337742
0.902011554817285	-0.842957566875195
0.155581581676032	0.219710645413035
-1.0253762498148	1.07637462187735
-0.588750189375108	-0.00227580680772367
-2.21294367890833	-0.977968239821016
-0.490433816081908	-1.83138416911707
0.911473730259504	-0.848572113744498
-6.24616022385847	-1.53581875682136
-3.114900243925	-1.25537294990048
10.8682937579991	-8.14051466421966
2.05029238240155	4.24301918823921
-1.55741814338138	-5.3716668993968
24.2908753024009	17.8715588081179
68.4646285184241	24.9686148348078
47.3485876894856	35.9712958861724
0.330395197279398	0.0975270830135072
0.258475077955084	-2.45892510990322
-0.182609493410496	0.487388937856074
0.681548750607288	0.81289935317905
0.848531542445391	-1.29824790487692
0.0565598001254667	-0.108246637836728
4.1942576292592	1.59211735426175
2.54585786859861	3.85078913318314
1.40979715849667	4.5947347962127
0.805416110741876	-4.58518665407445
0.502784852918515	-4.91724085243179
-9.57302857485509	0.409272462763698
2.23899736249251	5.86560595270729
4.50897415024288	4.08464430211595
-0.0120045441383267	10.1119005578776
0.924328885961027	0.0194398482059437
-0.417352123809664	0.313365825646516
-1.01142482663847	0.411142804633666
-2.77407977938298	0.492349740682534
2.21088442318203	-0.251573121192634
-0.65942923455746	-1.16559610238169
0.718174234069011	-1.02679787821315
-0.317676837451816	-1.35146987507905
-4.96793667301831	-2.18288621313433
1.30704603806323	-0.611909856168153
-0.868540606349509	-0.549490742661404
-6.71421902834734	-2.67601651088124
-16.7667417598158	-19.3913536304032
-7.17680699609207	-20.0324988778943
14.9368688915349	-21.7872879589937
0.349923307514247	-0.742023586860195
3.73756425237939	-1.54827815015884
-0.16270426902178	1.32525391960218
-0.142585410000075	0.026621845676982
0.359723647916853	0.791646071391575
-0.661311020775209	0.657035059915145
-0.522861430260339	0.175035775603661
-0.31406840221244	0.505160688641435
-0.0933150612343003	0.437977731463271
-5.93328067220263	-3.73557457636103
-14.9245517278111	0.493175045666579
5.78564502366358	-6.8419617483881
-2.66482369335096	-0.955992511831014
-1.61811704460225	-0.611488700687273
-1.62139608895177	0.314670919803722
-1.4803999763231	0.250163030761774
-0.613117492181945	1.4036186317059
0.13507836427238	-1.20990840535195
1.20568842652182	0.331852812744083
0.34404757954011	0.876581253288679
-1.08544635840614	1.09737759403918
-1.8893905459631	3.2681390432429
1.60759341778992	4.3285858513452
6.23469858162947	3.94196017385309
-0.997144086180202	-1.00827616070078
-2.18159773449551	1.0797834346007
0.251967438507968	-3.04700369715763
-7.86806356849357	-5.53652634613905
-4.91246854421298	-3.57397754919961
-5.76338851388496	-0.505123527584849
-0.114244286386288	-0.195164469093976
0.0602664209831664	-1.01168226584213
0.835312292083199	0.17306396270999
-0.828149306942566	0.723018268905915
0.794639459919374	0.386770442222636
-0.543398246733629	1.23704572218088
-1.6722763781868	3.16149862628839
-2.70010994730369	0.117727610077898
-1.31954110918225	-0.170696484416188
0.269542123245537	-0.465646249856186
1.4710108679878	0.162889193412801
0.402471548298735	-0.678782610297971
-0.637159394163706	-5.73833991478659
-7.38800125357944	-7.66073012609518
-3.0121633480785	-4.98125810764472
-0.846085542206877	0.171419746585774
-0.0672348717778803	0.0810322858286519
-0.503935697725908	1.03213612951296
1.03135519777869	0.472096933151188
0.437927885112862	-1.42948967629214
0.102933428780262	-0.0334577065078305
0.742948742414521	3.57131441638579
-2.21543802820428	2.7737271290741
-1.2308106052181	2.55234689738005
0.0984751762379498	0.165614900649951
-3.30116920382658	-0.341368766296847
1.32661479930349	-1.15697810920036
-0.858190850567802	1.19605644082064
-0.490079521921175	1.43051973096634
-2.1971152980964	1.9143211431738
1.34561709955754	1.06388726693378
1.89830999317408	-1.52794373021183
-0.39136803583302	0.241834260567961
-0.38305767090977	0.321793853854389
-0.00996873595444726	0.165748542215393
0.137813166162657	1.00701509344524
0.297559309589319	-0.683799818862349
0.365806699003443	0.393827123238344
1.04146801863627	1.27856066132168
0.450503194675066	-0.595133827132014
-2.69387396781719	-2.29597034647141
-0.530813558099117	-1.25298992721618
0.0964347631608761	-0.202920621495977
0.0418597937390368	-0.129189459302437
-0.0133071229941533	-0.12015563862594
-0.0546147406010288	-0.337630367620356
1.17270437899717	0.252716621580066
0.149365491362572	0.422066516286954
1.69046719131538	1.48584947585929
-2.42247046020268	2.02836173149129
-0.981320550489582	-2.47385526691304
0.413073229029665	-1.54422263909623
0.302334834001292	0.767055786456325
0.559389123818683	-0.194607009674267
-2.27349844018601	0.645578860854389
-0.594951293730519	-1.81094728473594
0.505211845622987	0.204992690683469
-5.16640509425258	0.713909642753788
-5.50944343841077	5.14473678843599
-3.1100550577178	1.64072930856784
461.693252905847	214.971100337096
-739.443037916864	-682.175674907665
654.109914220943	135.65759475589
-0.367495131701379	-0.146221706480237
0.216059314435373	2.46839639398839
-1.14630721073099	1.12976115042275
-7.00471502720477	0.847297488085915
-5.95702960706666	4.02970306078004
-3.49864278680521	-1.5744854330258
-1027997.03146127	-3921911.8161514
7299867.27683938	-290625.427802207
-4671739.93695137	1919069.97524825
-5.92976983184075	66.3505913761769
16.9947117742804	61.7777690840165
16.2141046450486	40.3397305722913
0.273887896241195	-0.684793421344172
0.71184118527529	0.825770620515658
0.312056052492042	0.120690164237119
0.274255248051957	0.159568064611278
-0.0245256175435193	0.546867299433678
-0.305778789568318	-0.0393313300561067
17.5013020954982	-3.73562953919876
-0.239561831486928	-21.3325190550862
-19.564354191675	-15.8711441712763
12.739280658891	-6.14493238923472
-0.88743466771036	-1.6624542497791
6.3236275977252	5.26267660585605
16.4667007438556	-0.795900594415876
1.91363472751233	-7.55965417573288
-4.18248484284234	-0.215902519769912
-0.305114200474198	-0.479575074391375
-0.234874361777935	0.659938033274512
0.0120034409097045	0.715983181729849
1.10508684541836	0.11876556825744
0.512389062874282	-0.565650133043531
-0.0952995493821452	1.47919456008519
-1.12183731371561	-0.104885870754701
-2.91314567199564	4.75588660341114
7.05960072934355	3.03450540101327
-0.236031828226923	-0.146760990035781
0.0541678346205983	0.138454748781636
-0.177898621192608	0.0282627728527613
-1.40963788175948	0.0783507554246581
0.428775497661891	-0.846893604595108
-1.54732876353674	-3.07557501643545
-0.120305327612787	-0.591344692544928
-0.179716620594676	0.480872733941896
0.327714682108474	0.439245071413147
-0.518651495078816	0.613734134192529
1.08182329046886	-0.0827418316749191
-2.58690098274178	-1.19640854484115
-1.46735096471233	1.30110753546215
-1.01514395772486	1.98984179077538
-3.67763284944202	2.40813533761492
0.528934286099758	0.504289841448274
0.0685604038314516	-0.352876247787421
-0.387584424991076	-0.986028833112875
-10.3289400653557	-39.2844141226409
-7.6861605619911	-33.6847593158983
-16.3348081926106	-55.8819749117707
-0.597007562809539	0.206938865703818
0.199577140002197	-0.0801121772096552
0.706826165779163	0.918117731197213
-0.971257019502509	0.409876869348298
1.2544494646499	0.360875694495734
1.02343624602579	1.983544588825
-2.13872168073897	-5.5744614908256
1.89618172884299	-8.50407722326804
2.21296500507883	-4.82722005950395
-5.50643955361661	0.457073351316138
1.5031620539475	-1.64046844095235
-0.437174896692798	1.89085213392345
-20.6251242642536	33.116219324685
8.24906626155046	25.1010786063967
1.67803407841658	22.5829378017388
-1.7058771542094	0.160576662758312
0.337892172895101	0.997905297107621
-0.56798010477433	2.01883489266568
0.236208776627444	0.232702740832222
0.72186403206669	-0.811890812712385
0.291663900507824	1.18008930164801
-3.92557084580004	-16.1533268709229
18.2637523491679	-14.5651528530352
12.4811713501899	-10.0448877163026
10.8075717593212	-13.5574502517951
-1.11777057468784	-3.63916084425217
0.394919486622688	1.97102320967801
0.405515356268303	-2.58138043445685
-7.63028263728981	-1.97433040252449
-5.29585502524232	-4.40106503555312
-0.2466727177818	-0.263939266440056
-0.484474078846913	-0.496816222256649
0.597888804884342	0.254430361137324
1.59479361056375	-0.348697041856764
-0.0756235600365117	-1.60674318622089
0.36902469096677	0.525129849342531
-0.804091137595671	0.466921907197939
-0.507159434006994	-1.14144933829043
1.32957637207791	-0.648159298723478
0.0194525731360454	-0.386274137316702
-0.386050067363331	-0.0859510020172235
1.18778167081185	0.791308509059108
-2.67078381637504	-1.14196006805889
-3.12906337464515	-1.02398441162936
-5.15893810438302	-3.69307037425991
1.24660150464836	-0.611510183109041
1.56934061794203	-1.19581491059276
0.58913189318365	-0.375092149723639
1.17547882225594	-1.25485438802038
-4.67729075910604	0.428865949984523
0.148938007163055	-1.46075631060589
4.26945326439292	2.03141775409034
0.152131036008066	5.76264716527519
1.24908980785303	1.65335895409183
-11.2316661451637	7.80819718573972
-2.92803277825315	1.19041546554662
9.06734763096184	10.2322003299381
102.722309445123	132.933602394434
103.092554739133	27.6838779004811
98.7648415879984	97.9423800700359
-1.28514993525906	1.16695838221233
1.112872352101	2.16005086592019
-1.32121951423479	0.520755534608374
-1.00950823653508	-0.675319716569354
-1.52992485101999	2.61989264881615
-0.990530365545912	-0.0673025852562534
-0.811267623675571	0.914468303001745
-0.318601201052139	2.50507651317784
-10.9299177984754	-0.909698717378514
-0.0149016102488582	-0.353216540788881
0.974600693133019	0.667831910029082
-5.41484223247614	-0.824494724061277
-12.5351446219657	6.06691784121861
-21.5819948855281	12.4131964160211
-33.2850814055615	-50.004548996951
-0.255119487164126	-0.403746698402666
-0.111847965299011	0.884884985603365
0.14284292856013	0.484333784675163
0.652362892870956	-2.85453594686288
1.17906993322557	0.00152311235131902
0.196701234075651	-1.26830090404908
0.0954968196031648	1.0638944700408
1.25836324860905	0.194451452940324
0.183817990848677	-1.083288781901
-0.00108458447724092	0.156030579308533
0.0736830227885511	-0.0644706400055554
0.177295263247365	-0.0706149445530722
-25.5451259718957	-1.47335391913736
-20.7542223171373	7.89087217441294
-13.6706498581508	8.72637613086819
0.423362488738936	-0.645780562398488
0.0358220637706183	1.47515330192123
-0.357397856075165	-0.378705653759528
0.190301664063584	-0.992326247108435
-0.910844366174679	-0.100917500164925
1.01241341410437	-0.529185603544611
-1.22381078551847	1.99662115421877
-0.44905395022812	2.477604873836
2.1029039775012	0.67986320042066
3.51071865554116	-2.69307879445532
-2.15603577328519	1.30988532658504
0.547271536665221	-1.68178413487565
2.12982431773391	-1.0898618904345
2.9318700234415	-4.33734633017454
0.390205802838179	-6.06435521804944
0.00558507913492946	-0.568614949992287
-0.301937322381434	0.297518221785413
0.210166250196088	0.621406969307722
0.943084129645489	-0.179254135366057
0.174656421547663	-0.546918166501722
0.592170364008182	0.841170298808048
-0.454701191733518	1.52810404475952
-0.498257772476089	3.53920669178117
6.03903456464215	-1.44622897646175
0.906409224935542	-0.0804123232584441
-0.175123946349325	-0.339408701596426
1.38777991059663	-0.276126583834381
1.47896927857249	-2.43182463848965
2.5509931069126	-0.700015594484923
7.12944691422044	-5.58069834143104
0.980602469590247	-0.675276815468581
-0.0377247853374622	1.13729474083706
-1.05342094673257	-0.0542207792532917
0.898780787395108	-1.420565134347
1.07523428032327	1.20172261299807
-0.616731851114671	-0.0327649122473018
1.40554075876602	-2.9180510791124
-1.22570230498323	0.539159999016183
0.0218637925836379	0.320255807876568
4.45537349494472	-4.03794824795488
-1.36658224867386	-1.22344909365196
0.402957127157963	-0.750178326398742
-0.144513215736501	-1.93556057954985
-0.401878037524807	-0.801814416988689
-0.414841639308637	-0.96243345749893
0.0563703687212055	0.897831638343723
0.685495528396472	-0.0485561256202391
-0.983238775739032	0.72223133106907
-0.100843921036679	0.229108354697279
0.526608410894737	0.601299594682234
-0.831787270288196	0.9580731526379
-0.74415721768722	-0.00781520545947715
-1.10679824606286	1.01642075174123
-1.22572920206299	1.88863060697306
-0.530449570733012	-0.263447125770105
-1.26473984522539	1.38492540581899
1.00161112726927	-1.20261024315411
-6.0632738229852	0.0321136861398891
-3.81539736404815	0.487161212036003
-3.17099856055566	2.01207295630995
1.3094014466547	0.911349126064122
2.07827081776357	-1.55128392057231
-0.423557066462069	0.122743648226526
-2.27887653929372	-0.486170602736414
-1.03068055875041	1.99988105942059
0.446190643792279	1.88632414164939
0.406580357972378	-0.787026773357805
0.51002860569233	0.316211491418499
1.06635220751783	1.17306731390125
0.892178467167698	-0.720248210910093
-3.54588305880994	-3.18143030794974
-0.315551780937573	-1.95627545201209
-0.302913935106411	-1.23117670883988
-0.790479577884832	-0.364484157323713
-0.265370647943787	-0.193051910990888
0.943767668920511	-2.42917105474627
0.78469688029399	-1.52314012676716
-0.793517534272233	-2.05823429463235
-0.0574704286941621	0.296389637532218
0.148880489094733	0.0361085792915378
0.696310533250469	0.768968158376111
-2.1331647075314	0.604639922396198
-0.498618351328699	-3.53401938059878
0.57887669350553	-1.17471259388757
-22.4727255175302	-11.6076240236334
-2.94154127887172	13.4568783923098
-4.73942967026502	11.5731665984534
-5.52065047716582	5.39553422250841
0.424436262904879	3.24988469571803
-1.39701745626419	3.92050465572679
1.02155699632974	0.430969727305938
0.622325787652084	1.80815351489392
1.62578116609293	0.515606084839876
2.50930041997861	1.46397080125775
0.215157005091345	-0.732285814839074
-1.48449499206312	0.43611926487714
0.135732397731594	0.547571766280347
0.946264052960425	-0.00871950066010218
4.23516516832034	0.734995124374442
-0.43522863677308	4.71540936100147
2.30242870094689	-2.34872550740883
4.33053245858243	-8.01803957764604
8.91226216026171	-26.3720260074021
8.88982151758204	-29.3003995101864
10.67118600872	-45.7137456473834
0.320961943197569	-0.0817811117971549
-0.109995712516485	0.961809923756564
0.195615576854961	0.480998530640017
-0.335275126904494	-0.0280887424896058
0.144565918258683	0.901990738339308
0.195810849706733	-0.156282855453168
11.9051795901522	13.8110965711695
21.6853882528522	-1.57265648855815
27.3378052792213	-22.4366823672523
0.35293072511897	0.357355540470883
-0.102798730272233	-0.189172670227119
0.134251056104007	0.112715727703597
1.83294597759985	-0.471775414247426
1.74505278015082	-0.0944994560177209
3.03760308953177	-0.54311428964158
1.30558883537938	1.89989139490143
0.54506857047031	-0.859214405405046
-0.571775629210195	1.11053935985048
0.226243049814599	0.114385032009564
0.127632806058781	0.411114455540828
-0.525142202708545	0.879930847191788
-0.761697404648394	-0.955105462153659
-1.67059666717739	0.609854347127419
-0.086523937020339	2.61608790226565
0.929147998746786	0.785986670036044
-1.3509033969491	3.73639401494384
2.92981040460226	2.12694083992452
-4.32099126242808	-1.66629216782835
-2.97154004970002	-0.653633875808473
-2.17973798476288	0.184903426977783
-0.0826536272603701	-0.419645411740706
-0.0658202746991993	0.874808370851812
0.230218827891648	0.67406055216615
-0.25533740216411	-1.07113279282795
0.167071998274347	-0.319785712256792
0.570885760316708	-1.5101473393902
0.543908929202609	0.52538557536634
0.832427864351788	-0.683202359266447
-0.95359681477022	-1.60543258328724
-0.0187059532190772	0.045687893584381
0.116130830200621	0.0426679347217513
0.410632462654259	-0.0327167793138202
-2.56855943143602	2.61766972994088
-3.50482623516764	3.71809614830492
-2.59816318469774	8.05981995917892
0.774781636380619	0.194587914049853
-0.252952157837878	-1.02072102754871
0.623941023715822	-0.436410579927427
0.64556162656965	-0.21037106786459
-0.212223125102999	-1.11109221754487
0.311805154319384	-0.510510938897007
-7.13125197613251	-0.135690418877449
-4.33559011823579	-7.74344214433128
-2.17657149292386	-4.47745248883455
-0.496878147556669	0.452159738280361
0.161410401895006	-1.65069617017907
0.476164386076316	0.459117064238798
0.0439221276938485	-0.289512220408085
-0.12501099356162	-0.489917984693512
-0.109559239332802	-0.433126848545367
0.658655303373486	-0.54624302873679
1.27244534795372	0.556798032525579
0.254990174976638	0.141534832083544
0.777064942726614	-1.47765982079523
2.96909909227009	1.83285255327856
-0.619942151233188	0.871586836364809
-1.28335635363414	-3.16311107035343
2.35993888223558	0.747135875901003
1.66262861744067	-1.71235415527824
-3.60212108679336	9.20330529761603
0.336979302790568	-2.92862627915766
0.796650142829377	2.98454356280167
22.9896347504891	76.3804407693086
39.0807772449773	22.9260228766107
28.1513858182461	27.7820573486935
-0.0526239532773858	-0.113950510209659
0.212426846712413	0.19626504011299
0.0727948703071797	0.323843025691448
-0.158121843565045	-0.315381221921951
-0.0973169870108045	-0.527829554137768
0.696634069142224	-0.747059937939465
1.44828695271013	-0.755703387027497
0.421646854724841	-0.907297266709512
0.971250204738534	-2.50683465986549
-0.138025838926106	-0.919214244564332
-0.613584218959979	-0.289243705352517
0.993048040906789	-0.520821013886923
-3.79073405115489	-1.66873254121
-4.95529988158656	-1.79047069262303
-7.61385841906973	-5.15219428138055
-1.08223004968306	-0.276048259891875
-0.660431173797217	-0.40826293201261
-0.983027646700875	0.317330313704435
-0.846016909658987	0.807002717496676
-0.407759035984905	-0.184328895788926
0.518709548644286	-0.105728045157233
-0.0307542823001725	3.04656873510073
-5.15812906209516	1.72415347809051
-3.44547882238596	0.495365042227399
-2.57050874145619	-5.25436071700122
-1.75327906452684	-7.05055716450957
-0.435577087213714	3.89186298753949
6.15679402962976	7.16639913030861
11.443332823058	-5.75910727127321
10.6807426075396	2.40021232819783
0.0975714596255744	-0.229125892392927
-0.319997534656705	0.241751685985963
0.0961097800997907	0.773441465877748
-0.925151329887305	0.689230061651705
1.69306445190986	2.95929745237135
-0.214366151078826	1.53529214432734
-11.2283300195733	9.86180617790241
19.2985171191324	-22.3049898868067
-4.64056313875855	-22.0843875450933
-13.4802436337129	3.27229076942268
2.85235577719449	-1.40290052930575
-4.25578667082798	0.74797041028531
110.101889552192	263.658083467457
-47.9333673700559	-38.5778553448465
-53.4387895350327	115.479958943511
0.109904038771433	-0.161920622412058
-0.0990241777982595	1.04451319521818
0.384693511891157	0.232331864484374
-0.0191710820898583	-0.0703292112264132
-0.123821799416764	-0.774534788949604
0.0817972870957573	-0.773056891590032
0.254963335049721	-0.0150066822527165
0.026528927431081	-0.31108121430511
-0.0732112245878416	-0.0734112684791186
0.0589995025061017	-0.0379190498472219
-0.0517811801797114	0.00238428533903295
0.000157448504758712	0.0115996363658527
0.268595258845562	0.415528407339387
0.295238835074098	0.51837660112214
0.528639094647589	1.02312357111436
0.673245077747188	-0.883169407683304
-0.238598272456083	1.21990996525055
1.39814470094713	0.931446317599051
-0.0193685266527134	-0.148316235068119
0.398323496108603	0.816182410757039
0.550656204833805	0.136347674646028
9.26359830874654	-2.92906616560355
4.05959856963501	-11.0300746348905
-4.5618806100089	-18.9030472013608
-0.369371020373052	1.21629673518553
0.488357284524271	-0.493950199007867
-1.90785534501684	-0.218327493221433
2.24794344479365	-0.53400967786712
4.94821552410828	-1.24648091785113
7.38054010369291	-3.87572378181347
-0.684783768592112	10.6412182005878
2.28221457654543	1.95835464350879
-2.69528879198728	0.800886360290849
-0.686195770078191	-0.292360201880079
-0.302347891360608	2.57000779202226
-0.667112808590229	0.864636366524302
1.48973802959795	4.7845492359531
5.90045618867497	9.29757624780648
5.31320014922001	0.790257712796616
-94.965085981262	-3.499559528306
128.414981217996	782.763869959296
-30.6888723043369	-291.778491595423
36.5763406498756	-32.2204618920141
32.6418312321849	-13.4377650282904
35.2107340132544	-38.6758449737396
0.548931025303322	-0.0750600719549682
0.918256194983378	0.541396169783549
-0.0285386536754849	0.639127711972116
-0.124775384519868	-0.169345194154327
-0.29021150718102	-0.650189451865005
0.180439024623893	-0.81321019603533
0.664401193142995	-0.0543015918024837
0.118355338711966	0.188890532056996
0.294855316075851	-0.022817522075939
-0.1555444413519	-1.39166445272229
0.406437141496814	-0.807407049002222
0.698499093789482	-0.0216885942602725
0.400634536834002	-0.181832094048882
0.468597305581122	-0.246780885075292
0.921457050529162	-0.278698101466683
-1.45468992942259	-2.19168423005236
-2.22357499465425	1.89320494088458
-0.770850057307475	-0.383355328240756
0.982080158196415	0.0433633295925767
0.844388394606117	-3.213995679714
1.22024446623926	-1.91413313838033
-1.65073787777239	-4.72216074390539
8.12842894947551	-14.2924094540792
7.34351695423438	-7.54367953916561
-6.40358191986278	-2.65620865678932
12.4251488253516	8.84430423440473
-4.80952672493543	13.918313618962
-41.508128148957	-191.718685757581
-69.6532120153832	-215.051384028625
-7.2425426707397	-224.430948196064
-0.373020529340574	0.593072730033703
-0.0262760420527458	0.178579689826273
-0.068548034834491	-0.595670312569718
-0.0364806927842437	0.201347863796265
0.391906831826303	0.122853281120402
0.287382941219927	-0.707590968347605
0.640553918017618	-0.687364058496954
0.0729283966011649	-1.37352827479279
-1.33124879106977	-4.65546598050103
-0.0641574005434116	-0.0757588806452144
0.0412764608803797	0.152426870287968
-0.506395114386279	-0.94110458407002
-1.04883897630322	-1.01792214452248
-1.16989975878063	-1.48921738365098
-3.58165854075961	-3.8166805386683
-0.26051203243504	-0.275553539745781
0.465897149422346	-0.810322131021778
-0.365522504625023	-0.750581854270672
-0.828663133079394	0.656518837755897
-0.339249815563459	-0.407490994188943
-0.0775392092464115	-0.150026536571705
-0.891246332763438	1.0350607235691
-6.56149680339675	2.73206404994229
-1.94072491769044	-1.39113381666144
-0.175290486311074	-0.136928609770134
-0.555692403623275	0.142031403895824
-0.211456328222725	0.246798783599747
0.179479981932393	0.240790825654469
0.239075089150013	-8.78329259612421
3.33545097989302	-0.163724272220856
-0.5560351759298	0.392230028270639
0.530132998561413	0.477094068617311
-0.000961416603082929	1.2286416937019
-2.18253105185684	0.987448190465041
1.12824827203484	2.91681377020684
-0.476202628365874	1.93308610181247
-20.4622819912544	8.25999467894793
-8.66009944357464	-35.0144436102835
-8.33010935819978	-17.2572213018865
-5.43652090980072	0.517657674974528
-0.877634278118249	4.17827374820807
-1.3819223130317	-0.669375733751141
-53.9385210761606	112.406065363412
-84.5238873117196	-24.7568982531936
-37.4837912052209	9.02773199087576
0.0641979852104921	2.77096875735159
1.03133492366225	-1.36746307964982
-0.470096418294644	1.01893817051491
-0.612852272841073	2.1842034141708
1.64427257662114	0.534441284277919
-0.660970373522084	0.488814045594151
-1.35250866679903	-2.04891754172184
-3.76466003546201	-0.0735802859857029
0.246844454400232	1.58835509693759
4.37227737443501	6.21481649825953
-30.3757259821021	1.10360694051864
4.2689954272058	14.3912370915544
14.187872773661	-3.819624858832
8.08256282239875	-17.0221560462367
20.6208747119177	-2.53056083822535
-0.594512798011202	-0.484036072978366
-2.2934013042406	-1.96845069003046
1.8887009349427	0.191757858877434
-0.174878450293015	0.540150346524249
0.536862964032807	0.268662039427139
0.0870562149798015	1.00318718016818
-1.09745000548264	1.25731998397856
0.697837736011241	-1.28144587279469
0.9922985625431	0.739158708062655
4.16395215730026	-7.67607912480672
-16.8458687079099	-15.1064808422922
6.9722896783672	4.40960086896133
-0.653461799832219	0.287198282949924
0.0525057607036819	0.900999456839402
-0.406415424616981	0.378146124277802
0.67652893791123	0.857977376175099
-0.0923613102479804	-0.9833821958662
0.386372691220614	0.390349007852375
-0.362647059426903	-0.937236817458088
-1.01758982446711	-0.844658799330185
-1.18437362896459	-1.79441237841432
0.0929896148737439	0.243326495912204
2.48426236062286	0.194564101483121
0.684885622537259	1.13799649137589
-0.496503386841667	-0.590426442525833
6.29011481112328	-5.59372345105006
-0.57598654027648	-0.153977846693564
-8.10658687484269	-10.3011903054857
-8.18534067928866	-4.58666525846388
2.59048360845066	-20.8727403360365
-0.351473102062145	0.396634736249572
-0.013573751737043	0.720841748135348
-0.22707095111292	-0.497800935682727
0.273992032949491	0.0257093389941993
0.283111213793548	0.791209333945962
0.3838363056887	0.197967020685561
2.97980640035907	-5.41964083185417
-2.99388284800363	-7.02410116005871
-12.7404785004446	-5.88804854819069
0.0516077179677505	-0.0346263286065728
-0.248225523680202	0.140927036431647
-0.842756032164123	-0.186296875114336
1.69611208089963	-2.53967790968442
1.61415527080715	-3.38370977025739
-0.466797772429925	-5.57669532701634
1.20301458592939	-0.127492639590255
-1.29546490388695	3.83699637452172
3.72105297452917	0.202031637849328
-0.500057563404768	0.304107931228196
-0.0285389174605027	0.0476538304129272
0.642453961684814	-0.625330897049375
2.71036836213963	-0.944795382985581
1.88392403154515	-2.29535658070728
4.91367406124865	-2.03476743474795
11.9567969004208	-12.7542021032622
-6.50168192048428	-0.057549152504348
-17.139920865094	11.9827899181898
-3.77169653130745	-3.18208447699547
-5.52917317800535	-5.90628623888369
-3.66470114097426	-10.6922346063803
0.545911372607261	1.05659129571935
1.39092972411816	0.175347968107872
-0.624561736153839	1.46644872542049
-0.641025401630138	-0.953005884825023
-2.59041872117196	1.52093463591525
-0.720602615673588	-0.337788047699939
-0.0100717134835929	0.955793829961096
-0.280669267603096	2.31107256803977
-4.11366674666847	5.61234853512444
0.0658540850565265	-0.88754324080167
3.42046649937335	2.47447497721897
0.537902056902763	-1.47959989594227
-5.08775257470329	-3.94288245865815
-15.5029498262345	-14.3424888885384
-21.8957476566571	-51.7767465633103
-1.92205460029253	-0.808555154973156
1.7258450093119	-0.398267299475331
-2.34837280424457	-1.20144640161638
0.365574416222227	0.511162220833666
-0.0424958693506428	-0.0854937475191547
0.524246415183601	-0.385780718390285
0.893599867828786	7.49360628305217
8.59320364433111	8.45793017548899
-10.9405966969378	9.81396971296576
-36.5593270994346	45.9236386390952
-0.820505591253207	-1.43160743596132
109.100890728295	125.17502700672
12.3461159445164	7.50110319485534
22.8877172651665	-2.83972101255999
5.77334687881387	12.7145239494014
-0.236866218538934	0.104327275776182
0.132546025487326	1.05807874103442
0.291156278156736	-0.0837288636119763
-0.00975857354143713	-0.0660534031700124
-0.110209860319363	-0.774494098512213
0.0801751953836019	-0.770556586018571
0.269800377677514	-0.045564373501611
0.107252699545918	-0.27420062943367
-0.0506039914503196	-0.0668660469441819
-0.0556961731667038	-0.0333760233518468
0.048774810476	0.0631541754648313
-0.142736047160842	-0.0883738243754713
0.234881022099689	0.409933237465876
0.249577255528959	0.501038845911014
0.443186055096862	1.01346083606895
0.447856938811611	-0.514832202779272
0.244857597099271	0.349729774049677
-0.116228826663011	0.622795799145477
-0.11167371523593	-3.05935778117175
-1.97581424869879	-1.95218028604975
3.21810236884933	-1.21897996875127
0.0506606315500566	-0.71797957307242
0.115709636835216	-1.47112444067846
0.338589972167365	-2.73374879808011
-0.00724005296734425	0.0232954435587242
-0.529440603789803	-0.0898397771667693
0.163498949341605	-0.823157513373065
0.657613821134694	-2.85232234318985
0.311377248121752	-3.45259503293304
2.95794834900942	-6.34657489069073
0.364968638585023	-0.852215358566985
-0.392127401126597	0.745416318819825
0.840505338309091	0.755129384602571
1.55636911708868	-3.6005332522631
-1.52130691392997	0.28249341348066
3.28319310128605	1.8515979955559
-10.4354182154169	2.84150279196595
-4.903486024973	13.0287158057228
5.38729102058444	21.6971704367041
0.45799472018825	-0.136572063953831
0.0161186829906779	-0.185910252374827
0.0652748989852131	0.0205237104417237
0.521872959241532	0.183084655048358
0.566131897916432	0.24476509079
0.614009277612012	0.306195478228035
0.216620791355402	-0.56314847899611
-0.136507074366788	0.847703543345131
-0.923317421199915	0.856996843623395
1.23239778005645	0.549534445977216
-0.805281893384318	-0.611506865020011
1.51608465539153	0.033277038066654
-7.80089272662006	6.83330614210884
-2.20311707413541	2.41612581635833
-1.76231512613033	0.325347496898704
-6.99459114896369	12.4628559304812
1.24801561666532	1.92404798798205
-2.889800754169	0.18569778140678
-24.8390830466008	52.4965528653428
30.8841557819929	19.7105757945729
17.929512100127	19.9378919651413
0.893799266703743	-3.48583264132827
-3.32471432440233	0.662049387091268
-1.55847343058304	-2.10957225963143
-0.0344907403474414	-0.703514497225461
-0.153839985128679	-1.05522574778908
0.724500534984619	0.736461165661404
11.9184059003256	14.7623386955391
-2.48572096240531	24.7502387877473
-0.872300890276488	15.883499489742
16.2511201531499	-13.8557442613421
-34.7962923966998	23.3457118175738
-24.6097122284093	-21.0449039503145
-4.20967042240837	10.677401346893
-9.95896674987589	18.2574586770079
-16.3548471555409	11.1088638279702
-0.226206066230689	0.232032058767226
0.0492131375811791	0.939305623538675
-0.135158564848017	0.692933560011594
4.6672954821296	2.21265525784744
0.152178697687117	3.10454084068364
-1.29331395519044	-1.23010683209231
0.0825514668764931	1.68541558676872
1.77726911349311	0.626021936340541
1.80366516186066	0.241588158226885
-0.0309059323160727	-0.214527487187107
-0.194761148916632	0.123238497419791
0.0184424596682507	-0.0207840030277496
169.012309113352	-65.7513988128752
103.139112399848	-67.8894329426945
60.1395987704366	-76.8445717774848
-0.86020068730946	1.95739048118098
0.151280181849977	0.70983860277536
-1.6410457662298	-1.0424224357773
-0.0724161459850185	-0.292009872843916
0.373703515244438	0.713357177404609
0.687015004887107	-0.0419965605629253
7.20168201671202	-1.16357675835196
4.09539092710117	-7.90841806946717
-1.95299571457569	-14.8793802876798
-0.0717490965790478	0.263580378388061
-0.378652879950267	-1.9405309353002
-0.47901351432083	1.75520031197398
2.4847464583443	-1.88937426210202
3.84435907751955	-3.15466024948491
5.04515638642562	-6.2721054744802
-16.7692513714543	3.96122440347341
-9.56390111961106	-4.23642417253581
-4.64660316837212	1.20370557825016
-1.50158626906456	0.749296716543627
0.139254618125584	0.588199035394298
0.351163932046285	0.221999283488133
4.98305591676246	2.1048684333577
-1.44388359033131	-1.67757251474205
0.411989009824747	-0.844355129057547
-910.733747467355	-1497.83447568261
256.955455564915	-365.894640895845
-139.462084012359	-136.420090792229
-16.2765447044303	8.17119660821784
2.22035981269991	-5.34663920038257
-2.63936960063436	0.322251382397699
-0.052674002968501	0.717747810050013
1.7358442788795	-1.44278812824373
-1.27176348907453	0.915606336766879
-0.196082027865694	0.713903008645034
-0.393304705764107	1.26147451121534
-0.0480774742917115	0.473692682381825
-0.973628577763802	0.293131446164479
-0.90462821173887	1.02757806194781
-1.15780384903495	1.61805933979158
-3.45224878677851	0.230590915737563
-5.60603120466966	4.38063924498559
2.96086213252395	-5.85144916073883
-0.0664576857703176	3.5992483740907
-1.43902201624387	2.66220144821457
0.772888807456344	2.7197935110014
-0.269966829255957	-0.916881888978481
0.0641679901759327	-0.298580691429153
0.116998077053371	1.28157712039183
-0.412996907969368	0.384802921708649
1.23019837629954	0.352931860233956
-0.273859199371545	1.91314828046016
-2.54716273083231	-2.69644522182719
2.46900692055516	-9.18869777013549
2.94748541839247	-5.67175596138023
4.27669277019934	-3.60813597509692
3.18458304641682	-0.292124581392243
-2.22956247999221	-0.201918278426252
-6.69816275007299	-10.7298692893718
-12.6091729169672	-1.03790702747341
-8.79532675423318	-4.731589246654
-0.158997444216031	-0.0600985225088514
0.200434478868943	0.757401803005938
-0.050747041428478	0.7077054088989
-0.455770097192822	-0.15065953648682
0.523079729686475	-0.296781159206359
-0.924205526196493	-1.4499965803623
0.332253730702273	0.565551142106143
0.701761236145171	0.761235869064434
-1.61006306870834	1.01416503218244
0.0951284796154148	-0.698442799253129
-0.0962998566363996	0.323069806800294
-0.0754388599474562	-0.237382406868916
1.72348370000302	-4.99383007204277
2.06399532485778	-3.85230191261263
5.02508296953337	-8.99810360153503
0.383093078158313	-0.769797432212211
0.0481452265342591	1.01004061950075
0.797364957061403	0.495965010781007
-1.12824406667121	-1.84547253580135
-0.0175437516627742	1.05572348578394
1.84191917021047	-1.08177977053085
9.07835987929306	-7.84981179744477
-0.647791460654128	-14.6825555484752
-15.2516003045961	-17.7984754851332
-0.0163418508053896	-0.123747409847812
0.190267790105743	-0.0372173595061008
-0.324565000933531	0.471291562349109
0.294969405277242	-0.370873161636343
0.290672208635605	-0.315180237391974
0.612675449996961	-0.408212732335888
-1.38308122059329	-0.192548036819912
-0.82923891123845	-2.00764655404871
0.839562253505767	-0.781332051604111
-0.948468808361864	0.15257957671722
0.666400973113154	0.367361395596835
0.0641889437885439	0.518242288328129
-11.3122734181849	-2.89548715344601
14.9701196129618	-12.8433821025659
3.13190035947456	-2.2351895946742
0.956121721458265	25.475073224107
-70.1384492100074	-22.9302460599003
8.02723572258104	26.6771790319844
27.2144302093752	25.9449258147202
13.5001835883915	33.2220243503875
13.7732082942966	18.1282738236163
0.136527145517591	-0.2412422682994
-0.220004139356861	0.087219501256468
-0.0576146220008692	0.83006042682106
0.660435001524882	0.375796396964692
-0.0457994011892316	-1.0002890132745
1.139250446632	1.14669970143769
-9.33958241839751	6.92783791621287
4.43315527362522	-15.6282279468326
-2.17723486749017	-5.17601867376078
-3.24012944994125	5.00548563598951
-0.66149753962965	-2.03275812153768
-0.072759863106342	2.00341304772922
-15.1250378406037	-4.42131622098119
45.2973556106237	-8.1669682891314
18.7209932765571	-2.26513729769294
-1.3303891284364	-0.118810235888148
-0.193097773128838	-0.379142034656234
-0.391007304074588	0.277488320015552
0.199353046054807	0.0687814975966347
-1.01339305890109	0.408040753972384
1.1148029946677	0.286613560840012
2.29874335521699	1.4495143719962
-1.83375919737213	0.231843034604766
-0.819488986562105	0.0168861597224656
-1.71164594594256	-5.0544551534867
-0.305331586451604	-5.03611000659791
0.930281764111849	0.355109722762218
17.6972656763224	18.3070333572614
12.2423642640469	6.62995648051238
10.5445888310161	9.12896934329334
-0.176815685814167	-0.020539477913779
1.17095503693942	1.48301859926901
0.180735295954727	-0.0978863662492298
0.7334234495176	0.905049278873242
-1.10048716624408	1.4958013068851
-0.76271315696556	-0.578281120908338
-0.406657426095841	-0.520077256547004
-0.358095198517891	0.389363819217033
0.375446807940744	-0.540685800191317
-0.602598717655693	0.605206659437664
1.82604226955099	-1.05089717631369
-1.38157134667723	-1.8233496751576
-2.06306649374073	-0.32761923720747
-2.94641936103515	-0.661500677920179
-0.986474987425393	0.428854317530384
0.173556295326245	-0.267210497983422
-0.549527533963765	0.685480140088396
-0.56435832283651	0.404574590487221
-0.247570625288661	-0.233519348812298
0.0374528500654956	0.720903450968091
0.0718459164575011	0.43499645308944
-0.792086232236484	-0.552351946812482
0.0750681161033234	-1.4076611337625
-2.0932831742678	-0.916450824259353
-1.54039852656662	-0.596607624219779
-0.292577330558431	-0.212290649525374
-0.983107731977156	1.5634743816484
-3.20137984668652	3.21407385092678
-0.874478023840757	2.26804082830279
-1.14284271965968	2.42196215580332
-1.75521924812149	-0.652174364952486
-1.2818270282799	1.58274792093032
0.538780833892517	0.0757480965413845
0.327318553673663	0.431962828316319
1.67425536725697	-4.64089637107167
3.24737795441206	-1.50332938293039
3.62451899871003	1.21746156563526
-4.17362590808891	-8.6673685747692
1.26834758851678	-3.21446518846668
-14.0814195864111	4.93274161420752
24.7111561110219	10.2552464354144
-0.65017907798778	24.5015268116838
16.1425675223031	-168.256400216885
-177.644591491515	-395.135895360906
-8.22053960364592	-304.831387373647
0.157272244433828	-0.230350238631753
-0.104231564575572	1.03335897068726
0.439008652963597	0.329944209586524
1.76968782456547	2.13090940967208
-0.0711895260888537	0.272740947377537
-2.0217929397433	1.87961548374182
-14.8634701202806	-25.8515161815297
-35.6207040928274	-4.83837881175221
-52.5781899930602	27.6128137710601
-0.0179920871144639	0.0109031058552619
0.0108748673597553	0.00128412918259928
-0.00470826266444199	0.0132906585263785
-0.225993280550698	-0.201135095623422
0.178451095809625	-0.137098683682924
0.0358918657085052	-0.802936765502851
0.735660700381442	0.43549261912104
-0.678020422680783	-0.599242955227973
0.342722782656258	-0.248677938984499
0.263562264853944	-0.288542159331039
0.899738071362323	0.593250044922432
-2.06576444064991	1.36636896945159
-1.27103247665807	-0.347437525728079
0.568577695247813	-3.21237858033303
0.250707685644331	-0.509849006914593
-1.06364693861971	-0.552081905416286
-2.49145284674202	-3.74967252131559
-0.785168421275206	0.147150209508274
-2.6886419071149	-5.26655873950063
-14.7126407951198	-17.4403690924364
-5.30990561545751	-4.57715809016702
1.80634313649991	-0.117484691680781
-0.465105118407654	-2.29738679347757
0.374441651578425	-2.00154064354681
0.358412604750177	-0.223133267948853
-1.47791357735603	-0.551459588346781
0.493257213498001	-0.129584757251234
-0.2201943571323	6.11636195756764
-5.74963714811938	4.4045086186295
-3.18486840497453	2.28899727691275
0.202919484921315	2.83713760335757
9.38742205769067	-4.85557074440481
6.28002091772465	2.97309145274017
-13.5833342186558	20.076537801738
0.481822296877896	11.1829633788773
-5.44597125329967	16.0734075547329
-0.811439682942547	-0.532367708257632
0.293311718900572	-1.77718414345263
0.312297700176457	0.255784030871588
0.0210379375048922	0.589087399289224
-0.0386354568456936	0.816028634214165
-0.321162493125699	0.306882046769042
0.0832355913876701	0.178554810052487
0.0830189988441097	-0.0992804798423475
0.274935188951479	0.0056836000973791
-0.00971374410355484	0.886119295979648
0.829694296320216	0.957842147934043
-1.01976811878658	0.28302007597712
-0.593218105267848	0.308794812576275
-0.511337906887189	0.114600391386032
-0.192952791346758	0.346473244195846
0.581210885120114	0.490799230963925
0.0169572609973052	0.763270286559949
-0.534095634327845	0.617201088949996
-12.8891668318245	2.55591819231175
-0.543068646794071	-4.90173535728548
-2.58117869423657	-17.7258574103636
0.902420092207687	-4.67177383738834
-3.85537006216931	-4.56608874154013
-9.21616694345243	-2.15495024011902
0.132960538607417	-0.156124293544933
-0.393408429671751	-0.215817322052808
0.0416617514967053	-0.233910418952195
34.5119180370821	548.681328932109
118.189218806857	725.797661190426
125.796785798085	1210.53687930396
1.056936956874	0.841788945711888
0.819882338776525	-0.189934807894456
-0.744938808837874	1.24953422002878
0.488393816426574	-0.343313389958061
0.0475098438964506	0.290254623358205
-0.994682050970265	0.138751067670365
0.463983341390656	1.06611726863566
-1.05496449457033	-2.54525784788332
0.250417969238771	-0.635834106019557
1.3232946325524	0.708107023855464
-6.25338389115976	5.83976724239011
2.70947940343267	0.174444524724824
3.87959475590414	2.12818125784627
-0.15034410277688	-2.59168502312137
-0.440991476207355	0.237470594573265
0.976284022627189	-1.15878325748751
0.415329908809993	0.0801908758276949
-2.23230527619241	2.42628375435042
-0.360867677017375	0.816339724886326
-2.26983614243441	-1.87700005821454
-0.540966442067631	-2.72222451441526
0.610868730513335	-2.89343242489386
-3.93898792859924	-3.45261778578663
-1.49244973235177	-0.626348322554134
16.9231505115909	-32.2165264274319
-10.5692103351441	18.4946131856044
12.8196273855849	-11.6775090139626
1.97003617989785	48.665613246241
38.2393823642157	94.3374229978896
33.9781296812092	76.9562624431783
0.178070203602127	-0.205055231330758
-0.497598065469303	0.180736113519768
0.302119689505146	0.718553254592243
1.31796644262969	-0.24278855882029
-0.121344955263693	-0.892489641487781
0.101838738416729	1.04334987154734
-0.82906925323332	-0.0725544922153916
2.05353553576873	3.03625059871454
4.09251729904644	2.71711202575865
1.10679923747426	-2.26745519156931
-0.224606409876255	-0.310931951178869
0.479057175823295	-0.400416017982482
0.415614921460423	-3.55766358708963
1.62331252658814	-4.38108327069698
2.08093508953844	-5.33939962895201
-0.780458987246998	-1.1439305285845
-1.41531180847181	1.40934778670797
-1.74194497761022	-0.0338334811885579
2.12527216817819	-0.149892220005193
2.2960202628462	-2.37908388647977
0.809792894679007	2.3178690784458
4.17231330338712	-1.52834075804451
6.32246511121756	1.35020704635395
5.29032335136928	-1.36102734778744
6.69026156909644	-1.91566191986473
-3.5199011760509	7.45818831343014
-11.5219724603041	-0.601846165519406
-0.408511277678639	-32.087140398394
-40.9670978719015	-60.6294250333856
-15.0560211269157	-77.7976359313512
-1.38964027775798	-1.47042912880075
0.905015935746337	-3.03068658239966
-3.36677562938967	-0.302526933537919
0.221199724481442	1.15134786606342
0.0629447602198338	-0.039933482077143
1.29438399365938	-1.52102299578498
1.82608110902157	-2.51513595667145
3.34678747032612	-4.68929178386285
4.29783476487934	-0.565125698178934
11.819097770489	3.56277065075861
0.00687565520388602	-4.45083668506078
2.14205556435533	-10.2386950587694
6.96122867421777	-2.78277442531844
-9.70669786838031	-4.04966631067241
0.997580311010364	-11.2229630022642
0.397243402295266	-1.1330589933028
0.77671988812521	0.00403096037566076
0.27548335160628	0.00572748886642185
0.454689531304508	-1.82280707209592
1.97266367924527	0.880562171003211
-0.74717072715013	1.28700893463784
-0.496809440654438	7.48748086572034
0.109011187341424	0.28134347399254
0.631864518911953	-0.304138177780571
0.177926131129166	-5.72548369376402
-0.94237834525689	-0.542130604178149
0.146443180164352	-0.217225342732309
-0.986559826405391	2.68346065702549
0.0798247521909143	1.42212025761613
0.28379423491219	1.33662012230573
1.4341561348237	0.498548386707422
1.98586668799767	0.140884488879056
2.09279983822577	1.2511231902245
0.408839529200445	0.597234715137888
0.296574387048605	-0.408057817123996
0.725981675035446	1.21278476213093
-0.808834071527988	3.02684269112098
0.345794002721809	-2.46339701933523
-0.957872973298274	0.462476889122147
18.3045370055688	5.24761441132114
29.680344323348	-3.80882763282799
14.1211852993713	0.399847609562174
-4.07947042096009	5.21086174461002
6.92270707517415	5.46117107282455
0.642791886987657	2.29484029546045
-0.246317088178332	0.165000997959236
-0.123458931332349	1.08560825127752
-0.624991237863086	-0.317398851334376
-0.254921208538705	0.119407761353378
-0.130029931479188	0.945625645714347
-0.478758142809034	-0.249482167313764
-8.11711019165259	1.04292726260447
-5.0116485558439	7.07183414832475
0.481678453005053	11.9170977803273
-0.328911189078385	-0.168715160799803
0.522362940215896	-0.108994214224655
0.248932068661034	0.558029604656033
-1.64284462485355	0.818961228001148
-0.0116696362029116	0.0459563119508204
0.339097375779843	-0.214979153733057
-1.23040149534739	0.538627689749519
2.49253471285633	-0.0378483422080097
-1.9334182401126	-0.457456244002451
-0.487355781652056	-0.412535506362463
0.641638307128046	-0.632529931465079
0.235347554829109	-3.81832280787662
-1.37085809459139	0.430985806646472
-1.16501762691306	1.88734854566892
-4.43232379808406	2.08329288445592
-4.31968150248017	-3.45081840784379
-8.21242807556892	-3.91610872848135
24.6847701032839	14.5240046171436
42.5684974941576	43.185511900853
40.0628491079668	31.3964303698976
79.033762939352	70.1686842955234
1.87146531472317	-1.19628650280538
1.6972055568554	-0.689204688291441
0.196995620261848	0.281428697901145
0.798340013271202	-1.69279565939361
-0.636850847137099	1.52046938908716
-1.40909351411704	-0.848655194410552
2.72610347698932	-0.0519635691892301
1.60280976942431	1.79027613703719
1.95346125484267	0.118246127621422
-8.50970965015555	3.76426501147
-8.44054236362023	-7.26421675409337
7.74889798035359	0.589162655407029
-7.36856342270617	-12.4726638021241
-8.39529175995992	-5.46896169209759
-2.63272211653026	-3.11479943410761
-1.56928185540379	1.42034581680688
2.60774147076242	8.4589930074224
-4.63202216259603	-1.70663027956436
-0.707301236250084	-0.781967612478864
-0.026498607564662	0.884606184835628
-0.293907182736811	0.128282851693818
-1.55542914363078	0.930388614454514
-0.227701945363274	2.26872191551692
-0.269836236760149	1.32368669866216
18.3531142303561	-9.40373172011427
142.095394685407	36.1104483685902
-66.3981379684624	34.112737588769
-5.28225718821869	2.72879538571045
-1.53933175873009	2.69752884619259
-2.58925651590939	2.67919957586074
0.0808446598267622	-1.46694366624628
0.958868792656222	-0.0740113258142506
-1.14498137167002	-1.20739137367901
-0.563913983044267	0.457766140787435
0.68831476737315	-0.307884558554142
0.339309406233825	-0.199288547161153
0.898430157810111	-0.00225763440222971
1.34836586717619	-3.84959673802998
0.752825191425495	-0.603213055553515
-2.79586530497154	7.4719064250523
4.90949714729777	-1.03717758107184
4.02293157230802	3.88029711584515
2.06800378393305	0.144201472620868
7.08713688989102	-2.82225303421432
2.73964750685013	-2.31416003549192
2.36850431857454	-1.49277237174051
2.56947809097237	-0.782599272623409
0.573480915213164	-0.124308205803327
-0.984459282251663	-0.364631947466229
0.536457748543658	0.167250499080775
-0.0726381269028467	0.733247598802283
4.34475671057784	-0.190636179784555
1.04060272133671	3.13612666616444
1.58399097278713	0.0204400590588722
-30.3435957937593	21.6275915310639
-16.3028169966393	-17.6191904192196
19.526329624812	13.6924674136528
-11.8277067833145	-10.2201232342731
-6.09856054000696	-6.83352253154882
-7.81692032404714	-4.07412728737545
0.960809584539352	-0.805364305403343
-0.239116435520161	-0.41795475546128
-0.170680792639568	0.65718312303693
0.961424953773055	-0.82763013288959
-0.687162245850284	-0.996199661200842
0.284477954434505	0.656284863401906
0.886307267163117	-0.00863108134623829
0.977995145145812	2.75261771118583
2.2975054695545	2.53607871396654
-0.65793916447912	-1.99928164554121
-1.34593258234164	-1.26764916404718
0.456703675925637	0.072959955523302
1.23369976090341	-0.520964685929552
1.46533030495677	-0.625565776679457
1.69523479641155	-0.927215740935813
0.116848376245361	-0.364508152993102
0.655497139396448	0.860990548907589
0.113910020173186	0.313924957485111
0.44835050962299	0.133757815386039
-0.0178970230084751	0.282224864910385
-0.137550042682038	0.228227200609135
-0.589283181417158	11.2457886115692
17.9440159234192	-4.1690388067766
13.05436510159	-18.9209310275894
4.2260248661672	20.7286678690039
1.95551626283352	-3.68021347497793
-3.01204537502268	5.53482150246203
-8.91747165227694	15.1512766121915
3.03413156597779	-1.90047070435771
-5.72610534609307	-5.66744957049861
-0.0721458268505651	0.874581952653918
0.723790576072533	0.60473170241648
0.19279016431337	-0.856173210285802
0.0963879459540778	0.428031196697301
0.168534850229732	0.688850933829923
-0.437790695691763	0.545552398733506
-0.378882936125069	-0.424444989395003
-0.862730757007196	-0.0234174743791177
-0.946639936353364	1.40031591218244
-0.0533923555752722	0.130211777989454
0.0587194178562731	-0.139232930122187
0.177309586276414	-0.523378536630708
-0.936093307913475	-0.690112026344347
-0.662768423117664	-0.548630424165312
-0.668394720936087	-0.00133789902409115
0.749470218194248	-1.72577429552479
-0.692263244142574	-0.231100953343697
0.115533045454713	1.54157342483577
0.837760805765172	0.260773780217351
0.485496320414588	-0.121831850630718
-0.478974036701989	0.749052595311075
0.155107925912199	-0.0055431691942834
-2.06227668266827	-1.2091719271217
4.58863525048133	2.4364385961434
0.276300332640086	-2.58744206971915
1.67143469588273	-2.2548891811137
-1.91938792948003	-13.2533019211989
-1.23195194693151	-3.5087487729553
-3.49613687176491	-2.63087410222326
2.91200123074146	-3.57258936121446
-2.40517478710589	0.995478487444573
-0.406987633576651	-0.593344196449923
0.143553688857928	0.279369507486233
-0.619049638193698	1.42688822428345
1.80977334511767	6.24010428224461
0.498270118099829	-1.35464302327584
1.68351037398118	-1.2743371629583
1.03891883968396	0.576167582406292
0.565023394583269	-0.00286649034256481
-3.6916189603288	3.94517977041486
-13.7236742543627	-4.1798318239121
5.11885548466869	-3.52919415247909
-144.88083695568	-58.5699883417395
-113.742339332598	53.4539013145452
-111.74388883076	31.1750310636555
0.444841316822746	-1.06287537660456
0.481532553176734	0.897670827441746
-0.621139489194084	-0.497115632141333
-0.763183025006303	-0.725937876052748
-0.000630215758562251	0.252805160829829
-0.253856845722354	-0.794599367961263
0.694178745603542	1.27946281786772
1.82236495072698	-0.265900964418461
0.777007448935301	-1.22476719884719
-2.51413784428005	-0.0359642452543981
1.28254779479769	0.776387686583105
-0.764609729821771	0.764748606828242
1.8914588133602	1.41409809152603
2.83166402506368	0.97337356113869
3.34889152956838	-0.5984741950114
-1.12326611580874	-1.68060245940101
1.13154348781398	-0.997533408683697
-0.810735659534428	-0.359163134010093
-0.740493001247714	0.197747823274918
0.747271609807722	-0.272843314093152
0.292223095817678	-0.0642164137884143
-0.0622721281590118	0.534312366813543
3.97885080132944	-4.54848272026434
0.573985050942363	-1.23594671850005
2.46389592508629	8.89500982916978
0.29712641008125	-1.11351955828144
3.84603150368554	4.53933450227266
3.50110688306027	0.10405567361655
8.31134221521384	3.83914068809015
4.74577269349238	-0.366589595108475
-0.309203002696478	0.954187208701253
-0.0219944870028528	0.0258183400446691
0.594143086032829	-0.711206039566302
0.746115354738581	0.88044564940209
0.0885910974933068	0.794366621547559
0.605788006663807	-0.792424147058824
0.73706834500884	-1.84929589006544
-0.125109890157661	-3.23537362827269
2.98113074673742	-1.18437562605224
0.894478858563897	0.445291521593491
-1.77793401450829	1.35032410488149
1.80990059302933	-2.4913516294417
-2.68866966690331	-3.46258564569261
-1.70134328321654	-1.31463881356362
-2.19682715556516	-1.05009678596522
0.262330494730979	-0.787023069302212
0.775866692058734	0.310450568159765
0.0335869139374269	-0.986114894849821
-1.70206214809099	0.715227898552217
0.0779831777370237	-1.33593683521113
0.294734593354765	-0.73762178935973
-3.04670528496756	1.59156637763273
6.30986162962881	9.39826930936258
2.30034057970929	-5.95775941457669
0.0696412979529563	-0.0708349979797248
-0.070511953001436	-0.0386882181442759
-0.00802449520045654	-0.172371687618376
-2.3911808623257	-9.6623508897445
-17.4743806074656	14.3400814678261
13.3105818765056	2.69158710950973
-0.083652262644005	-0.0571708491814695
-0.364147529668071	0.228236065922171
0.205781701283385	0.0326309634422158
0.812804668904064	0.252091807687548
0.138447785179692	-0.411913414557806
-0.25594935155919	0.285604235832046
-0.210482335973641	0.551727989148599
0.200869665008166	-0.716595381736906
3.22226768379083	-0.2033994461949
-0.233594855842549	0.0616900741598356
0.135165487235451	-0.537996340734058
1.61628013526504	0.756230647570694
-0.517912440741565	-3.76479788378085
-0.723578621406724	-5.19396112227957
0.799087700066924	-7.76913591585771
-2.49341134268373	1.42396633988418
-2.6360978913918	0.385135429469118
-0.938317088837718	0.464254181980843
0.610389786247087	0.848128072002958
0.888728595655674	0.368241203352902
-0.877440524790041	0.594525186389483
0.0777318790949199	0.592460505393149
2.47027694020806	1.01372473079451
0.520768398549808	1.73159264598172
16.8857377276645	-9.17610384601289
-19.5618159551627	11.0644289505078
18.5929643325243	-20.8409711745347
0.773384447170494	-0.761701166865941
6.80572347260391	-2.14492188135793
0.0428821499349904	0.0741405514258228
-0.842729321982302	0.822364474745704
1.79551664919556	0.991600379199289
0.729574341985457	0.0656897703224545
0.766157715999662	0.0779120149081079
-0.0625696984664861	1.9076017032573
-1.55468286924059	0.12728404436237
-1.49466341694798	-0.681170977680687
-0.698816684514701	0.138938880820315
0.144145670931545	-0.0531125447666138
2.07061532710655	1.89695973897903
-3.6238222965373	-4.82318595076555
-1.52097819518828	-4.5958766824411
-1.84712618678547	-1.94214443898187
-2.17953496100024	-1.53587987686136
-1.61889071796009	-0.475150765531372
1.35314449954534	-1.73578967646812
1.37868805226161	-0.932691945087217
0.117250609583895	-1.25051366963016
-0.445841100550165	0.225220106931699
0.420957431721149	0.34727812481069
0.0894072984033089	0.811038587562388
-4.18895501021039	0.88968815256227
-0.643906348231687	-4.88887911850587
-0.0845014122382058	-0.912914395244453
1.94670159500007	-30.3220906456095
-9.35912724720745	2.59076060916545
-16.540349208831	-2.30675200426287
2.25344000227608	6.16517022621517
3.94257834312781	3.0197648716236
2.55034009391832	3.06379292459501
0.0453127028300016	0.771179876454613
0.464992347872404	-0.11861431174717
-0.434301919740212	0.623501950576771
-0.0033443136817061	-1.62847588408454
-1.37487622535195	-0.512946526187955
0.444683467667223	0.431429088030024
-0.155864586416565	1.40903196814454
-1.68711423307073	1.79077595112621
0.358025727828329	1.37127594737171
0.386383772655325	0.301549949793071
-3.27733782896623	2.62395486643179
0.95742704154125	-0.0943906404505552
-1.13762849522581	1.48827462848082
0.272469316576506	2.77375453014912
0.815001037028175	0.582004237767618
-0.0574428230288558	0.932057929265751
0.369203360078343	0.330903556705351
0.376698203519128	-0.447619156217732
-0.288609881684653	0.864676751674488
0.258183393632517	0.257969321758004
0.725759143080559	-0.584448352350918
3.22279218719938	-1.13807928713419
3.08041559977211	-2.5116162718552
5.38879106224194	-0.767422523711748
-0.0539944720693815	0.295246529111818
-0.184632730679213	-0.575218548126007
0.785714112248576	-0.103560690764997
-0.6197376522686	1.60121445299075
-2.51075487231479	-2.52807071865707
-0.0407969381050376	-3.9051479748343
0.475555511604597	-0.654850115145217
0.787332886547912	-0.216391024181197
-0.304355849431535	-0.722657342684647
-0.570782219994907	0.395784240116773
0.0748275842911368	0.176969942998354
-0.238092482006567	-0.0314724790488418
-1.05582379798547	-0.664573169889233
-0.589713578621117	-4.11652917268072
-0.234320114359365	-1.18353258866462
2.24436903322688	-0.766156325660343
-1.56081525402915	-1.49174458930074
-0.119309182589924	-1.97222869070064
0.546713944013197	2.07359869609864
5.89059825362778	0.491239092426926
1.89291819759888	2.62991785915135
-3.80261742781355	-1.34344571514065
-1.26358130951629	0.179284430339999
4.02029895608891	-3.12350478918491
-0.794599796652394	1.74575850010177
-0.393324745877837	0.940705334358191
-1.11432560391244	-0.271109286077078
1.55428730502253	4.04881082986887
4.96540991937964	1.30774811447138
6.96665580897657	-5.51001967129309
-21.3917267432533	-6.83150782530693
-3.50830803395014	-1.52255075940057
-0.35270999085489	-65.0984599264352
-10.1175671423187	1.25339313828844
-8.14648240523148	1.80096041241405
3.31953000828501	1.14956002752419
0.317645591708467	-0.296727097042263
0.0543196549932317	-0.677061207605217
0.640566971067992	0.949129053756772
-1.0780918752583	2.7508611058759
8.0489145578298	0.339178886955064
3.28036278794607	3.15003340641178
-1.40493707500422	-4.53385252920824
7.8994041922671	-14.7028903836408
4.85820786840624	-4.86221157393775
-2.42316978617511	-3.59364705279841
5.16472569559009	-8.06948715186058
-4.24266357628638	-0.770843936664799
405.872355495951	351.568677477885
467.45983285194	633.869080374926
237.038662637794	311.310115493421
0.54894097440968	-1.10791409959845
0.882529211571734	-0.0100393522167147
0.302111281765699	0.0420769080025041
-0.367238866826067	-0.301773239703839
-1.32618608023175	-1.01054079869114
0.880409821818803	-1.62933313312153
1.75591146743181	11.2687866714813
-0.823595796434982	0.93267832452628
0.508378294876215	0.540924312615939
-2.13928999538665	-12.211872704388
-1.2239886732064	-1.08968949601562
-0.226518480482091	0.0933618721888503
-1.1312391648184	-1.66754262097918
-3.05706145464361	-0.853451586353175
-1.95844538945992	-3.05910933778427
0.648763611980623	-0.332148572561545
-0.478150555164252	0.450590697121138
1.73980130628015	0.00567767959203509
6.32236515762358	21.5195464618709
-7.33114463450361	6.99795017196306
3.07389356860219	-10.9679869992096
1.12286683312076	1.51429830211188
1.43210417303125	-0.223950956833433
2.36444020726998	-0.0241636137406738
1.85232790509172	1.76634788183353
-2.91782218086996	-3.20854400321928
-3.05644292360234	-2.09133323537126
2915.92209550859	2560.93778117163
1820.70293566377	1244.00662699496
2072.74711272037	511.869039219284
0.456985153391399	0.213179530883327
-0.512764633919692	-0.588946990583817
0.442247350305627	0.447065285043605
0.0880824105921635	0.438476175171126
0.122894639307568	0.0762489641671002
0.254217217283441	0.695642479891095
0.912835453209638	2.82760224273917
-0.646923282804955	-0.0885504234531783
-0.0810045325423052	2.38747867153635
-1.02750427379247	1.28648412988142
-2.4338251932275	-3.87761964788119
0.107911612875697	0.983238865038304
2.69744162973726	1.51453026587822
2.9152383121306	-0.616413176722032
1.61023441764547	0.0736877238134027
-0.465639791017764	0.477779195029453
0.940826018417508	-0.478356166481843
-0.733534416265363	0.163201160524262
-0.236136539129635	0.0369786982645784
-0.0660030011107784	-0.722620221074429
-0.204754157738931	-1.16630384305943
0.00559506068167329	0.0984345713249666
-0.157293967682379	1.02431964992182
-1.36391420767357	0.748005418822301
-0.445451222857752	-0.283337134861765
-1.66618168371197	1.6677378343072
2.57147676133655	-0.835354344930783
3.34915471662843	0.981979985407577
3.67235867099757	0.734237985041712
6.43535104760379	3.37780548962049
0.326530428072912	-0.146834669738282
0.391310182747318	1.66498061179574
0.935389440281756	0.110825209592129
0.946975825178849	4.0751179739015
-0.959395999666967	-0.00457140159340882
-0.902262301526398	-0.757972925377436
0.778130751291434	0.423093169795028
1.45460680861909	-0.131564071818533
3.64310003276082	-1.98929173311654
-1.3759398365953	0.39218066780806
0.830554140595571	0.288363204213559
0.790227991237874	-2.09087449616884
40.8452755031328	33.2091666769708
39.4115490449158	28.5101786912919
50.0199039947459	-7.20496125752028
-1.5153976340446	-0.0865674053687306
0.177392505736304	0.130498292294232
-0.284470125976417	1.00245952530105
0.769342532108165	-0.153484346097064
-0.442109647997875	-1.10392540382424
0.229453614468516	0.752096688199277
4.88791941998141	-8.50708823530835
7.32379200242918	5.2025265249382
5.19377687538486	3.29716963491378
-9.12793711228231	13.6400466882215
-4.61253897384167	-2.92390403323466
3.41194093514267	0.126133535121875
5.42523719678102	10.1356275954138
3.40426464949707	12.7258190443711
1.60555435823063	13.5361776072861
0.923447267703985	-0.658454770281794
-0.180131066046649	1.13424045705157
-0.925044562829448	0.0276289396029638
-1.21412550960217	2.08045346244716
-3.54051925588724	-1.32790964625561
0.751486502013691	-3.11314255463801
1.19002132988179	-3.21527771032955
-0.86567606830644	0.70569215261014
0.287558704883925	0.236003617071902
2.96226116496724	-5.68041018670303
-1.87831970472086	-1.05998457634941
0.138877301478362	-0.9565771373059
-0.712365213902719	-1.46200965610053
-2.75778699193283	-0.278099091365796
-1.72253854390273	-0.564611145290626
-0.629368897226131	-0.578233271614799
0.476357403266042	0.743605881285516
-0.702891747482788	1.07011819325127
0.378936381126156	-0.475629703134539
0.562510241707103	-0.934427143212499
0.648851018078121	1.13875162284295
9.23667984982832	-5.15704527803714
16.2564268674859	1.12223152343229
13.0489564880256	0.627966754998354
1.2319151022104	0.659880689684061
-0.233014616464055	-0.51082294529539
0.322422258687535	-0.0578743557115853
1.22067678003854	0.56411286386162
-2.04046650686268	3.67411869417941
-3.72001036333563	1.67169319425845
3.28276102473367	0.347650116620084
3.20750644662143	-0.65717110969308
-0.114995360999027	0.249627198114894
-2.63497515590944	0.692809095609215
-0.354202737612509	-0.0964694756303593
0.551739505902956	0.80958334759981
1.46675763863109	0.0952160862036021
0.769039210945193	1.713222139182
1.5832285562407	0.673775433029648
-7.90408125720313	-0.0580764206961581
5.53864796934203	-25.1942756887722
9.93832216925174	13.6094242846068
-4.57172097886239	-8.20702448050162
-4.39137797392609	-19.8931399786409
-7.6693083758304	-6.4090082699175
-0.375826869801909	-1.7753303791345
3.3663266172082	-3.24824017703297
1.32408618281611	1.30073804503409
-0.447614697044839	0.399246298471023
0.406087961463599	1.01282292132779
-1.29771450408007	0.442660739183257
-0.915563933636402	0.393441779185072
0.0880715553115211	-0.517914664160946
-0.172923802071143	-0.106105528167121
-12.5493584511389	-4.63755347042063
0.836889344534118	14.0394537792064
-6.11492642926225	-13.0967804702083
-0.316921923626801	-0.759217156302134
1.680621172284	-4.57211904429323
0.0734895628573475	-0.98476664996644
0.74414213153598	-0.496455227769522
1.09062352272909	0.397492491768814
0.255703644262501	0.260053825798207
-0.113895600797988	-1.96724065605147
1.29602370579556	-0.0559924578609561
-0.411723537531752	0.620548705341759
2.26111250203799	-3.96074176846046
1.15066669030537	0.401206262761644
1.2259117897843	-0.725088077011555
-7.6597548760927	2.15367856761488
0.126241794591159	-2.19539846038261
0.805229126319008	0.868574423236182
7.78685204704452	-10.6107234433073
1.63960801792054	-3.97219645037294
2.65428530223925	-5.31961373550968
-0.111163563236448	0.517159652462726
-0.0974006783272191	0.943094783204594
-0.53883866719385	-0.293098436217558
2.38690167619351	3.38686433285846
-0.367471178965367	1.09844329961644
-3.34284801699718	0.68124559586878
-3.43852069826704	5.78305375604938
3.11864072882336	7.33189157401666
12.0270011099512	5.22551468062117
-0.0590207834874063	-0.0436302215485282
0.131998182210359	-0.0422303511426361
0.147113096290917	0.106695520550588
54.6412198795507	-24.5290485121691
36.0769084284167	-31.8479247928598
5.09028417047537	-56.5488100591687
-0.201241219876996	-0.952065055222993
-0.152276138027711	-0.471009531569703
-0.549198417199984	0.490877604732139
3.93124184237422	-0.563704082274143
-1.82945021281247	-2.67645449873681
0.755751299317923	-3.52532878012204
-54.1574198828144	11.6877059462744
-48.2711750287109	-45.0658838119132
-30.8569931075845	-27.384652865575
-0.00998230663635187	-0.0304704212301846
-0.0111784743409079	0.0105478011927088
-0.0314999212523672	0.057447521582682
-1.03974057296871	0.131547455426071
-0.50210679063063	-0.726992599040752
2.0767225785821	-0.39846618377212
-1.55337749507156	1.00416123247948
-0.83089119699162	0.371965810164048
-0.857693910741006	0.248423267185776
0.0649781553275089	0.0605426495336796
1.80809595491843	-1.04913960511371
1.63199936117197	-0.154060700857136
3.25625920970232	3.4544256878046
0.942451063291587	-8.62758043259137
2.63016031726003	-6.00006524259967
-15.4739360413831	-23.1143588189864
16.7064785460507	-19.8814891329081
-9.43519863326081	-2.23744160399151
41.8563438649683	-41.1560902510022
69.8009689952874	-68.4624409376258
86.6619516109986	-59.9825536127894
0.544411476337759	-0.779670422192352
0.934262954480279	0.198280217589861
0.232314965745442	0.123677116641322
-0.237363560089167	-0.3157021648129
-0.82696494457893	-0.882988476885517
0.729279342233246	-1.20869400963017
-9.47084089307637	-7.18226867815774
2.20578071667543	-2.37943626068024
0.190454946011419	-2.80758224114201
6.75387707990937	13.8358511246054
-0.71625958266806	-1.18412845731429
2.24075743537428	-0.615108928894336
0.977837184054225	3.6413546708197
3.80647753268231	3.65910234964802
0.833038219085648	7.13634517821941
0.491626140303695	-1.29874562827622
-2.31477179208275	-1.20876117547148
0.958612021804658	-0.972429929647969
0.773687610363607	-1.27104345599915
-0.783317992632037	-1.02644747974211
0.69031202819008	-0.074024139096239
0.301297156422117	2.0805581749262
-0.598788596279979	2.50112380148807
0.804194885953129	1.33738734007323
-0.617247480810581	0.616880344976408
4.69826762489429	-5.13727751548707
1.52104211949621	-0.240774505053355
-0.477538527647197	-0.696710007147927
-0.822622479508464	-1.04502484366639
-1.3419737650701	-0.790690341631908
0.20876828668142	0.276115907878361
0.0239322739823737	-0.656975347006181
0.641801711066883	0.302258087960201
-0.0196278760852459	0.421338841873978
0.300121469749979	-0.275052472648035
0.746001121189497	0.599319027475557
-6.35247166710435	0.22126014822636
-3.500185705936	-6.89444824968269
-2.06016279437162	-3.9858918131947
-1.24693641915596	0.545050562281172
1.59058739145678	-2.01260143295609
0.248386308844968	0.456384868984594
-2.68214520529524	8.77481820900303
2.38531967921815	4.48291367158819
0.407010824648434	4.52058005137255
0.769759979758267	-2.97012873202883
-2.24434606376114	-0.305121250275538
-2.03552334776458	-0.538456039974258
-0.683632002052641	-0.949804000936614
-0.663318790656821	-0.148337955859999
-0.50258652600261	0.1858087139402
-9.05149648856483	13.2901476221055
-18.6626774156587	-0.565054908563907
-11.7236354935469	0.583128353810419
-3.57422119462172	0.291390157714487
3.81408564491365	3.09413872139016
-1.6621332013993	5.77940494687101
2.3182666619087	6.4384737361351
10.7114368050159	9.76457796080718
6.12551825616558	11.2873817219191
0.516396327844501	0.566633641131385
-1.0341564626972	1.1431670337846
0.347144376356645	0.120121329690479
0.96735500523753	0.366909431206929
-0.222167524537173	-0.930761619557879
-0.509070916400497	0.0482175313762123
-0.745615592767063	0.050552345567584
-0.0853236906473973	-0.0548754675976384
1.65671274420344	1.43513603284829
-3.20796513487038	-0.0674803061477374
0.252327542608749	0.104466072092962
-1.03392494766656	-0.136946921778197
2.77732036305787	-3.94907621238104
3.703204108408	-4.80803637410381
6.04811059400448	-8.04204856227849
-1.1204053340717	0.111311643564239
-0.350938111261414	-0.738476310993953
0.0174929648889434	0.033626845422173
0.33383854093792	0.908648644569178
-0.127488607929912	0.764121512309807
-0.110857469762362	0.200984578337333
0.800679504686003	0.101071025231699
0.568972939799767	-0.475520730833521
0.58655829584577	-0.350898025575432
0.0910134449099601	-1.17512385301765
-0.770620295069191	-1.18158797661147
1.35623173990541	-0.17750586525227
1.5789079471281	0.501764089080915
1.20014149008254	0.515303214776047
1.00455822074676	-0.288963493474219
-0.0585398608211658	0.231630063631333
-0.0017429832806689	0.310670500156045
-0.0860897862481222	-0.678087447804088
-0.623650522882911	0.0949460417047005
0.97510493564028	-0.534278712207818
-0.0852496871938515	-1.1736705982572
0.439041011766817	-0.434160674715297
0.151030154830843	-0.76088819759874
-2.0350083355338	-0.444256709606973
0.0424280618545834	-0.0484721991299784
-0.0223063372419541	0.0968562352538102
-0.58659911221157	-0.115895295257102
-1.97429746033563	-0.708437149672225
-2.1094548912875	-1.20458783673255
-4.15642461291379	-2.04311398755696
-0.240477002591526	-0.0339699008541487
-0.233780729122183	0.665871569680499
0.259513931839435	0.057448714213303
-0.0351560371585661	0.460539876701295
0.272464200094827	0.443488183776041
-0.020383550041897	0.585703507899209
-0.0384189352953521	1.05908108217289
0.698447279940407	0.218255667234141
1.32058040405147	1.75324679402542
-0.0319655562739027	0.056722892330142
0.110310503707075	-0.315697013996061
-0.114333245308689	0.851151696916833
0.0586015014239625	-0.433439258130797
0.534988794279409	-0.409382636549766
-0.0919115410100037	-0.072593990463172
0.183195257690455	-1.21267869041367
0.645302386441798	-2.43990461321433
1.50652352926755	-0.754621163810833
0.74962074694118	-0.633177782771904
-0.599809390027456	0.0602979278107698
-0.361182244165133	-0.169786961103797
1.05509214632065	2.11425439890661
-2.15749493244857	0.644649084913021
0.408477976520631	0.2176873995081
-2.96123962775275	6.77957854765402
-14.9273722909993	12.565176854341
2.25051270616775	5.08147284618828
4.09358427291441	2.87238616713214
1.56683222992932	0.813597697147697
-0.907593653790196	1.96221387691389
-0.158265331025775	0.467562438811415
0.137276576431253	0.652809333844005
0.0255126525185884	-0.0283163422191208
-1.21047111391586	0.10785167918744
-0.142383711429653	0.595636363008058
0.449302996982975	-0.732140815277568
3.34193065757054	2.30187795038895
4.65420387380961	-1.22138446789045
6.51482045781269	-3.47498808428574
-0.296517269649735	-0.280415816067979
0.709023109013827	-0.257769118107255
0.530162317703209	0.778325158767921
-7.29216144812615	-4.57459792771777
-4.94681114797892	-4.72155823742909
-4.8071313738464	-9.12115731546348
-0.325253842086943	1.19560297828243
-1.32191133989877	-0.0143727502271023
4.2727406944756	1.43119817270677
-0.599656654049003	-0.0194379322713098
0.0542939045204912	-0.428332619940903
0.419771801574561	-0.612084800461081
1.83915322438634	1.06486759622354
0.228618357746476	-2.00871582264957
0.570967496054043	-0.751460796447427
-14.8537602949742	46.1498914884761
5.46224820079585	-28.2203797968199
0.135339785441661	-0.912215270411437
0.487185011604714	-3.10780254531252
1.61368086885343	-5.39365667512872
1.70992146599399	-6.31134579900557
0.642628897972233	0.870436879309927
0.61574769487833	-0.530505655020301
-0.239692578856078	0.910036177649594
-1.37572265455885	0.730944753236165
0.288938873828081	1.41168303003339
0.185787953170054	0.623314623630442
-5.46533824340144	-3.94253142760031
1.65551114514613	3.35155456013281
2.91590746717297	2.89802598311027
0.130429667788698	-0.0932942796573084
0.37242243930156	0.70301879588623
0.144664019042078	-0.162438366759357
4.51391350101304	-7.34646650832234
-1.16213734591021	-1.15231379754346
0.125622753377372	0.363003355875409
1.66182638652281	-0.660514495556771
0.659907730508886	0.301954311949109
0.971198420993419	-1.53311040071264
-0.0172489879346645	0.389252359743606
0.593868049973788	0.0544510183905569
-0.4643176889313	1.56091864475853
-0.462219354083897	1.68070757873938
-0.307047056962544	-1.8063660742094
-0.523928414596707	0.35511972613853
10.781049461519	-9.26783545172866
-11.0121791732688	-1.70787941834081
-3.22063068233351	-7.84260025379319
-1.77973925231353	-1.89279033756519
-5.433129198628	1.91785059607345
-1.41978343157735	0.92321858737432
0.636222261058482	-0.383733755334546
1.03455983698346	0.146142728653371
-0.189428654176159	-0.381938543306746
-0.346443993459961	0.280393807357734
0.0908695470283348	0.401478786766158
-0.575793411106816	-0.00351349396994181
-0.594985480045224	-1.50029502269837
0.270884654004676	-2.5889831986196
-0.256815994958685	-0.891847709077416
2.94398603014257	1.56667204985386
-0.996171344098234	-3.01455095833336
2.1743013032004	-2.01294625454352
-0.810545647255489	0.950769718647831
3.1223020159506	0.582696697917801
0.376776270529057	2.38550859169392
0.806496272054669	-0.240873433463573
-1.10105096908085	0.0948851819472712
0.341134485350693	-0.917689047908254
-0.699915929446087	0.850342302011398
0.853353840479671	0.386177862667571
-0.543745771119294	1.2192443393931
-1.73518951825994	2.97724593379095
-2.05887447473508	-0.152353478036006
-0.799196582848731	-0.376163823626453
0.46206233841369	3.76979414775828
-1.68306437864407	-4.21913457383465
1.5308091972666	-0.776830590925641
-0.367200093666499	-6.28198685906901
-7.94453231965454	-7.77550830546812
-3.18133381520842	-5.51792249973302
-1.11458192114295	1.20949617763913
-0.462147681232212	-0.22598819558345
-0.1779655694768	0.163514323975329
0.0467842583769451	0.939673516275009
-0.167952537195166	0.368945998492231
0.0922884331338163	0.560183887927668
1.3314939549952	-0.606801593798939
0.466749434750598	-0.989786954650168
0.339491021512484	-0.495980583066389
-2.07392026879545	0.46631576022187
-2.20145682012345	0.726295707226293
-0.08120169703472	-2.17953837043545
0.731630286136531	1.33748829427851
0.689627856072495	0.872516102366684
0.860739744267429	0.36559737102015
-0.351338514949675	-1.40090077286457
1.77803317578673	-1.4932812752482
-0.428668441425319	0.740773260149598
-0.119982252368292	-0.160198531246991
0.576618921606568	0.710483998908918
0.153907806889784	0.28630791462107
-0.248092240969104	-1.51492397031266
1.62894259163056	-0.860769307750428
0.777524393310866	-0.392398947430728
-0.584120292092601	-4.87854134703385
-3.46531901150876	4.5505458706093
-1.69229966127189	-5.16424628545932
-6.84218877476097	5.39695475387333
-1.93282979108236	3.9957486573456
-2.9089411504089	3.8828169874695
-0.373869521864753	0.763362705680584
0.354612695519738	-1.45229230435315
0.606503614143198	0.116699285707681
0.576825859584416	1.09538738075782
-0.991121162170156	1.34573912287459
-0.489082870595052	-0.718899755120077
-0.224469270707604	-0.443212728548413
-0.389829086121932	0.467103910295645
0.30031199662767	-0.142390961214099
0.749342909477613	0.437098688801213
-2.17909200296632	5.46365169727599
0.27385985592128	-0.276299736504623
-1.19532230109928	1.22743227863157
-2.46210064625505	1.56441185290197
-0.242284175533521	0.870204043622567
-0.674238097365301	-0.294585959473737
-0.232911870871938	1.22678081483516
0.176348145196146	0.28292416131355
4.79774580105084	1.94923575705278
0.188058406104511	3.24686021963505
-1.43725786486257	-1.22839767447128
-0.103803609431321	1.52030973724081
1.65500211944284	0.626385946717675
1.68009421015631	0.20004281123942
-0.115791375102072	0.0221712243297782
0.0994175701397099	0.0223583588556418
0.163227345176667	0.126255777683441
158.357337332089	-68.3426377455922
96.271021055052	-70.8753803006384
53.3637523724679	-76.1902261484357
-0.263045408917658	-0.55329162673215
-0.298302724350636	0.635374364509779
-0.0241769606504709	0.66996052814485
0.971684208745578	0.0580784648804116
0.347512322823334	-0.441707040579163
0.0144265968996218	0.944079345483662
-0.319277014156659	0.572759423336529
-1.22583394136019	4.64812247155057
5.79825088657198	1.01457647292857
0.300401613125928	-0.7495541233057
-0.396703817516635	0.204934364815803
-0.229260227793795	-0.526024078162809
-0.250650364406057	-2.47589794056723
1.6755137745931	-0.493894309555678
2.78475539913746	-4.47014717769469
-1.03257280626498	1.35227202891329
0.554304173045321	0.884365517403075
-0.599486555548604	-0.798914787763105
-0.327952316930913	0.397844602160191
0.201280396998689	1.18293481976633
0.0414841860680082	-0.0932509786466246
-4.17179441528576	-3.81840960570907
-6.38031484055295	1.27425248616821
-8.11947185705128	7.57931353513672
0.316682695360671	-0.395655595091347
-1.13641999659441	1.45895144502848
0.0158691630234332	1.23931762707752
-0.342662972437991	0.141386551358131
0.252432355327044	0.921032411357609
1.0180492370208	0.0492775012574429
-0.19878851578446	-0.775694515887538
-0.293597771208783	0.571088904205936
0.43729556507871	0.587134409332387
0.886217716680129	-3.6177996760586
-9.99588469947433	3.62262282879236
-1.31149663968306	-0.477285907146157
-1.15095225939369	0.381887941624548
-1.08098529179584	1.08007190872324
-6.05483717198089	2.91733910194961
-0.0462870926356014	0.52950666780919
0.230086588727902	-0.193344156646552
0.410127182494008	-1.58070877667349
-281.103636991388	-144.376518485029
-335.619496909564	-218.370363369932
-242.537894407447	-703.204688011469
1.07003588406713	0.367010290946041
-0.184349035210449	-1.46519169590268
0.802346928584748	-0.32512321902709
0.978750841148217	-1.43010011654061
-0.933501854516199	-1.07833891450512
-0.749439567879811	-0.916040482656196
7.5714581431489	-15.8036769581993
21.2054547399097	-3.51749949627246
13.9627523119868	-2.15448297711228
0.600966449981532	-0.51766328144104
1.75376968156434	-1.86156557784484
-0.955596688597999	-1.28955542362982
-0.779866872451917	-3.61012637572052
-0.876322621840007	-2.43436286514127
1.2855581235601	-5.0901731477551
0.962467702352448	1.24384658022896
1.43826276331508	0.164904041688787
-1.02156999690151	1.69527101056564
-0.03566465303784	-0.634078581316474
0.0503946003771522	-0.483995746054198
0.457521589292004	-0.696338846331132
0.0179252807408286	1.07353564804425
0.474448854817181	-0.826340573702357
0.225791175285726	-1.38470680725461
0.948874253074419	0.400585240254027
-4.93774485225963	4.8100829264468
1.87004103548386	-0.00805534391474855
-0.728472481834193	-0.953295772392156
-1.14756798739659	-1.26359287999354
-2.03857308209508	-1.08445555910391
-0.18981266523577	1.04533994736801
0.167746733429631	0.144729423444976
0.159210575146087	-1.56566669356978
-1.12131171581525	0.782751626970203
0.0948317047332658	-0.467030175445609
-0.514673727332933	-0.934346505234972
0.994315835670809	-0.489164826754332
0.427568273988134	-1.47816248155484
-3.04489614245494	1.45115752173228
0.144405703768834	-0.390551953331758
-0.591276732927025	0.509102463020602
6.55594374686047	0.131872424850061
-2.26753904699926	-1.10175401612132
-1.80022797206448	-1.71053840757233
-4.1082693603404	-5.55295732953455
-0.0874137230758376	0.952652857713975
0.0740389429470645	0.709638919012109
-1.10672287245605	-0.319947031975133
-0.0769993165673135	-3.44120219526383
0.144840493896078	1.75695043936491
3.18981496950351	-0.179939081474016
4.41566585197487	-5.92955917316864
-2.36092487517407	-8.70463610947328
-12.1830272731281	-8.76131728292775
0.486145100268116	0.368589126252306
-0.0243641752225637	-0.374822889092085
-0.550744975667409	-1.68333415043086
3.92000289364309	6.26394671316476
1.66108737535785	5.7029822343208
0.19348850897484	7.51200883602973
0.560760561234979	-1.82653762345577
0.748005900184779	0.71944223791928
-0.647242326465936	0.192023593740883
0.996617983753877	0.317646367774987
-0.649858401619641	2.11935921074506
-1.64125258667556	-0.504233913800398
-0.957592604966545	-1.16065557829919
-0.396818210458569	0.0153084967043753
0.240890395096795	-0.370168009241399
1.05740823028729	-3.86477882062764
-1.37513432398274	2.36263074217874
-1.00873051284611	-0.491646023165433
-0.952101070291572	-1.55682257011081
-1.53279636111018	-1.57516871247372
-0.953111452569558	-0.603345692058673
-0.174454918356874	1.11087112191766
-0.295623452321278	0.0559401021779729
-0.480938608692148	-0.375032764027717
-0.11172758176693	0.338153295448994
0.17579222031748	0.31639650067221
0.359844114496485	-0.612751847907731
1.66620359944098	-0.349659058755201
1.5914619841247	-2.11562358851088
6.22415830293468	-6.50805999420615
-0.164558625081834	-0.0549185176903198
0.640558961988661	-0.560482149016933
-0.288708951372855	-0.163307196368488
-0.698268048300332	-0.0861190686129328
-0.682442510658206	-1.26746187104283
-0.767515137182919	-4.98492816634818
0.134475386799139	1.51934017441263
1.07888902368448	3.03360900403206
-0.20080201029774	1.32158157017279
0.889575493799867	0.680244310564128
0.996651086064152	-0.124487988008555
0.346214449320025	1.94788835180235
-0.465078619346842	0.998659548641981
0.283939193168045	0.931578425401761
-4.12475659198494	3.4155217332944
-0.527084482706195	4.42625447360072
5.32715655847358	-2.76145704058761
-33.0680477784131	19.4487013908055
4.65004070952337	-0.276897942665156
3.47575082366487	2.50568815918528
5.4092313177634	-11.2138946662498
0.109200318614264	-0.983440864540783
-0.829390606734535	0.761174947284463
-0.652410532229334	-0.991043328911652
0.855548597769691	-0.200977081251453
-1.26829646269756	0.0480919268677328
0.468547977430313	-0.743985897111656
-7.59911907841899	1.1303933643151
-4.05446244336061	-1.02778022111606
-2.57638817790666	-0.739015033440828
1.45247340609184	0.107207752311002
-2.31779381283825	-0.213532909505782
0.134723326355456	-2.31059713632819
-13.0606138197913	18.1413525570179
4.4964698826402	-0.236104280891169
3.09598185390286	5.89399656294565
0.74883797065814	-0.616840040055619
1.02679404983043	0.384419943998191
0.293386869298229	0.275118070896964
-2.14664364253652	0.407292448072461
-2.28366934230185	-4.14328611045546
3.49385073252213	-2.43486362170907
4.75297969409291	-4.52421332088573
0.739485089399995	0.00677213535674446
0.801077711868383	-0.72146593056055
-10.0433746737179	-0.512228298087924
-0.0730687456832624	-1.90941665007698
0.827411288343827	0.212594012976794
-1.61750590595868	0.245210183621682
-0.666479608146076	2.72140259014863
-1.25759094328855	1.95724332763734
-0.359031534648799	-0.0818404041833444
0.167302501354749	-1.29143480025197
-0.210030806325707	0.0253808969686934
-0.738712875056604	0.441893894975478
-1.03874477583434	-0.212459847922284
0.276043613541466	0.0790591845229825
-0.388793320631408	1.79749971609323
-2.86104543700769	1.77439205677742
-1.61002942625594	0.548015524579906
0.113700281607871	0.496462270600927
0.200236715367689	1.17696445022011
0.217366705268984	-0.32302773660098
-2.72990462279277	3.4373591454152
3.77342286841029	-2.0391285839493
1.9189439471693	2.8700522127926
1.01326369734797	-0.0356118541932625
-0.312504915434032	0.648696310462179
0.656787230348631	-0.464590325986736
0.519832089186363	0.549909389150086
0.977408895453728	0.223103766925692
-1.63558803561821	0.0542162133667562
1.64835128165912	-2.52700477835508
-0.115491706167497	0.285063430645012
3.43593536520173	2.84627053877714
-2.84864737751278	-6.7019374831596
0.0574995522797444	4.92228371732202
-5.76630577105495	0.772897542930556
4.39216011773085	3.06656722554974
11.7204873785644	8.39866643023164
13.8613541849391	17.56163254953
-0.787797487178754	-1.74671148136465
2.96449068793855	-2.05553076917888
-2.30856706800246	-1.65589480676024
0.244204475961422	0.992460954085918
-0.179043478414184	0.206855833933286
0.236371430030095	-1.68327651394818
1.81608796790795	-2.24000983186653
2.90079239943611	-4.35389843542155
3.58908081370861	1.0377486457819
16.9899165813994	-4.43457310535408
-2.8077869234369	-5.35437864597436
-2.40477264727798	-20.4648185440716
-6.06086621895139	-0.0269904874305388
-9.36110344091915	12.6446379935208
-12.4796083806291	-1.32264023350033
0.185242434026681	-0.559036494265955
-0.428694511476766	0.1935506037141
1.06846644654999	0.196228158753698
5.04883158738497	1.75358292800986
0.698738436514187	2.65942312502343
-1.6863274108544	-0.502670049658467
0.76665309325536	2.06236930676273
2.17905468306435	0.676012518072394
2.55905227597716	0.0137837408441755
0.0645028164611377	-0.40044675543137
-0.725228148846585	-1.80365114020482
-0.901863964670161	-1.12033859897707
120.424793540754	-154.118426503557
67.0379115153234	-110.598272503222
19.7226603272586	-102.397040102649
0.479219863047926	-2.21361613778695
-0.793849966881702	0.683871945388255
-2.60257888938248	2.59629141163385
0.310042133074454	0.428950589012902
0.212707221125811	-0.124903054822489
-0.974779878630797	-0.432719180470886
0.357770260164034	-4.10911463898373
0.45189189818776	-3.97733206629907
2.03544562786417	-0.566414674377016
13.8467119966921	-30.0308184934712
-44.0136214145013	9.37073852655048
22.9414398870932	-26.6436909212538
6.88978617443659	4.97099422802318
12.1584174230205	3.89655318012317
9.25742771933572	10.0575008844516
-4.92687345762529	0.603099334545234
-5.03643741722319	4.4960243797623
0.205792125147244	-3.65778127987529
-0.422265710572103	1.04718257179682
1.03531060923038	1.14674367808841
-1.28004893974362	1.18833592744993
-0.706913637647286	1.32284539923931
1.71488675871131	0.970086384267254
1.68981693062606	2.19560567909021
-14.5018620440704	-25.3022233639005
-40.4583420521157	103.60083387635
-7.08151785282461	-48.3174822322629
3.80592315157527	1.46253066473577
2.15553260199952	-4.79121570339576
3.79020521120949	0.828506716105297
0.399255067943848	0.552429098332846
-2.28210003517278	-0.561802848015764
1.16572778047005	-0.469232183021585
-0.393025758268167	0.655121995028699
0.601121298139583	0.206226685721678
0.0732355087192095	1.01710575377135
-2.18633421730412	2.34459379028192
-1.39029082567252	-1.75240327243547
-0.153514957436492	0.055592633202672
-12.4641792173137	-4.59104174968381
-4.38708825049584	0.129116569030532
0.858723978206687	-0.834427260756588
0.283992401689107	-0.447075441751853
-0.156545828731393	-0.63305798267534
0.0770372957660578	-0.383367975241754
-0.000891475217599166	-1.301894836887
0.856172346229173	0.0399689959781401
0.0538446216527044	0.117142823393685
0.483552096994151	-0.33544123686951
-0.575613349987919	0.632079583226181
-0.344429462217304	-0.783793180746426
54.9424055252732	-24.0968611496152
-5.93909733551338	-3.7350315868219
-4.32752006412778	0.0273231849954495
0.927135026371829	-4.15165203944979
0.0452640796393745	0.0245701824095785
0.177108101770107	-0.0656621072039584
8.19741893906632	-45.0497029441937
-0.977975478146233	0.18441586070622
0.498128506032249	1.1709093644899
-0.807664058205674	-0.0340883400662193
-1.13169828461919	0.136693367408627
-1.35795796084276	1.03705969912432
-0.690836749521625	0.955450356347481
-0.050008529610191	0.0466270104513484
0.229274389840246	0.119935233336054
-7.23450646748304	2.79504328328782
-14.2544325291051	-0.953743170986214
-13.0387338969908	-1.73424957079285
-25.4718005832542	-9.19054749877007
-10.9471396201713	-3.48947942716751
12.5620960325525	15.4308777226672
20.2440463904238	12.5224795765565
22.6501674479503	-9.76045629246842
24.1105347540684	1.20195651929482
0.394897478410412	-1.03787062416094
0.803994968181745	0.0748279097815882
0.252012483151985	0.0323936267256742
0.346494104749847	-0.612536939798555
-0.550011800575275	0.780566435764789
-0.709982905283998	-1.04122130340997
-2.82209587495235	7.99114321393244
0.00679817474369594	-0.335147373857509
0.232838528597827	-0.57097996280288
3.71094539927843	-5.75203598137625
-0.698825628796652	-0.733002924109203
0.196420293674493	-0.386770815060773
-1.80059408031927	-1.19966705884248
-0.156649104325996	0.489894050156368
-0.0851638834896396	0.00965316217732546
2.12938399856808	-2.42418190926222
1.32310321457776	1.18193793420001
-1.90673231589322	-2.19633342120689
0.0612941077301347	0.644759622409706
0.0358689930993131	0.725717675820505
-0.296777759947931	0.38480677454352
0.464251846560248	0.14259660751447
0.245949920102219	-0.394042959362444
0.161466125399596	-0.15459471287383
-4.97590531884904	-0.264052959576777
2.52392119720097	1.67243572541706
-1.08486154311054	1.29979854366994
-0.272160183828581	0.0843042900185608
-0.242956958336985	0.0315624573455608
-0.109268739593828	0.136894802543997
0.188888762887672	0.27473739271183
-0.344276647364077	-0.438846948453093
0.302319655728077	0.509890045756769
0.532633215273524	0.247578032781918
1.11207901848741	-0.806400532556492
-0.971056589511481	0.890785428130523
6.14078599879222	-4.46737285294396
5.36112168761966	2.38776744585675
6.84531630187069	2.50656925745911
3.57808216835802	-0.406542364966663
-2.77820416995564	1.96055380702588
1.49748713867525	-0.0913804430411528
18.8449008247009	-0.513892131674486
28.3240879015118	-10.8765221955473
32.286569693817	-4.28076361562268
-0.00395790606072788	-0.89034248971825
-0.287613440461408	-0.398054198597496
-0.242979211528639	0.635530228656187
0.514243995021848	-0.654867954415665
-0.3115022429185	-0.896910990800024
0.115030805336407	0.374954787015659
6.69939855866905	0.914185607335638
4.29098260468965	8.2508808508803
4.00735018014469	5.58558880586771
-0.539154152301334	0.106314611564416
-0.0800458412483508	0.272913265962731
-0.0775748458959992	-0.0633355108692404
-0.0819919412702504	-0.108368818162281
-0.0847982205598271	-0.124529457543476
-0.0920269076543269	-0.136233983158878
0.522391859114637	-0.052248886229892
0.861689667101136	0.552640540045066
0.0391478615537673	0.590947996266417
1.10453772208683	-1.15329454421931
0.368048745422176	1.03907353899667
-1.26048171113727	-1.18921922090106
0.969424944908556	-0.175006441444833
0.20529806515308	0.0964071364832424
0.270692718057893	-0.107488369964608
-0.286931938711783	-1.58270717351108
0.528315857973058	-0.752924828005722
0.647303188401055	0.0211548016480145
-0.0902765500318977	1.91316819322429
1.18559156761516	1.46924584241167
-0.089991200343106	0.0333439648295837
1.44136593081733	-1.3004292922318
1.97302367084157	-1.03946182660615
0.349398358182016	-0.500076661500678
-0.634117614657114	0.0388339351167797
0.426855628901715	0.336510690080745
-0.184457853070304	0.692415971530106
6.41833558091144	-4.12505259635556
6.00187562727498	5.91969687324833
2.26304405925478	0.165147846119876
5.43813911995668	43.3808214958086
-10.5716796451375	-2.5278138879935
35.3640426612617	-4.14376484957235
-19.728682354588	-4.50445189643311
-14.600907791118	1.31775830047877
-12.905397918738	2.00106991085398
0.608695031183661	-0.302599672135403
1.17714488642599	0.716629592288488
-0.0388940198699435	0.200103615643414
0.275549660729764	-0.672615772398312
0.556877325453465	0.880378351299312
-0.159109236540312	-0.0315059316401249
0.0979420085247854	-1.28655054893968
0.269035416194592	-0.186733261545584
0.18043941104562	-0.402025190490064
-1.1179216884507	0.989630567956395
0.771115612445565	-2.07731673257989
1.04302822533096	0.615400955456692
-3.82542543064799	0.298533500316406
-1.4216071629567	0.867288279314964
-2.09287646052013	0.63738824567728
1.20676447536989	0.171254730165848
1.48724134985941	1.13215690383213
0.306792711633753	-0.223736613073384
0.26812778133035	-0.67495861240146
-0.289161406332808	-1.47336922194967
0.901484057220774	-0.901472346821789
0.157942055708794	-2.02876395373688
1.3584592725111	-0.355813800384002
-0.194630910520866	-0.834351633641138
-6.60555745817346	7.52759183456948
5.34937445383712	-5.00660014483959
2.82463374933854	6.57000024728979
0.50603603183099	7.25426145169696
2.19369781713948	8.76497871270949
-2.90563246110962	16.5368266255573
0.274581290107178	0.420138478722387
0.307481150734257	-0.123685373213668
-0.288822710194931	0.567453172657524
0.614309501175285	2.11830514405783
-2.31589396036043	0.405412801157014
0.778386659148308	-1.95622366064688
1.15619934205482	-0.532433104166882
-0.527354252610752	1.76988140718115
0.181692919734598	0.250194353392997
0.327567806578747	-0.802992140491787
0.0958787381775233	2.25443691949708
0.784872678579202	-0.878004348372379
2.97850401574707	-6.75473724103999
-5.86280815642413	-7.87254620897521
0.18637175085387	-5.67925409140533
-0.693666049422838	1.87926006371819
2.84226314214039	2.31036993343583
-1.28795420293156	0.548130334371549
-0.230836620006029	-0.757515778550825
-1.82135555706519	0.203294884734643
-0.391212488236577	-0.410462681493792
-0.0964464106372291	0.825186069392222
0.090439240298568	0.977022583994246
1.23789125544085	4.54611357660118
1.62822771380279	-0.687329858102255
-2.20869362200309	-0.285940346280511
16.334783246384	2.68332132179059
-2.16611806104231	-7.21510343930494
-1.93736635629149	-9.98133768874423
-6.16772846997928	-24.818412808405
-0.134961659714127	1.82571229727236
2.19663194994893	0.65954539773291
-1.7342702914146	0.786533643858867
0.140579449529204	0.389211237146697
0.399605449793896	0.688116484808595
-0.423359704047816	0.796038629892863
-1.04839849250053	0.583090118135415
-0.441356713762983	1.64666267682567
-0.0751939619176685	3.51086100105982
-0.372336385252647	-0.660718418312367
-3.00049501170463	-2.04491004308412
3.90233089924341	-2.31832971383978
-0.327910823086992	-0.2581300912491
-0.178964181087107	-0.141327634033518
-0.269215842098027	0.0153112303024326
0.569685209240972	-0.353772748985712
0.553321056960714	0.211320964408592
-0.0930369911738013	0.730895210260709
2.47354021665401	0.645356353192923
-0.524939142696748	1.86265606991386
-0.997095341442066	-0.609924104116693
0.344352209892625	-0.0701519886653537
0.607485398879988	-0.0472141171828564
1.17397490902736	-0.805182319402209
-0.35361246983061	-0.546364879886386
-0.439106891510417	-0.451819715416081
0.528646032215221	-0.467736522461925
3.76497547374398	-12.6642671670873
4.63529020373728	-11.0129313345386
-3.39656692516498	-7.73578379076145
-0.366758087852142	-0.693922064758664
0.221866219026353	-0.339788636255502
-0.292343693469325	0.298100925385208
0.554333910720532	0.0772978801916455
-0.451152090236233	-0.200513496265038
0.650093340568377	-0.117983612252229
-3.18399998146812	3.73772724447489
-4.62491360433103	-2.65753664137591
-2.4413076501683	-1.27501608723988
1.56316422632417	-0.348124267061688
0.186860484646943	-0.810509449572058
0.220554889765013	-0.379905237445929
0.477277372605334	12.9870609372798
2.21622248875092	3.38878208252489
0.760270195301311	5.26742405987092
0.789171525945646	-0.140814747532309
-0.281325290170971	0.0623260995587353
0.336805046473707	-0.330866642307793
0.477524626558872	0.146360633512198
1.18100418840034	-0.031333765024975
-1.59747737475249	0.456836216062746
2.92484976263357	-0.524137637063465
1.01870815540851	1.86054939247489
2.18693325364969	3.39826446799266
0.908274505454935	-3.35862467375857
-1.8572924409264	2.36027791974663
-3.63058826332963	0.576479450204957
-3.87527559471948	5.79346394633747
5.66061584195637	9.50479419072831
2.613626361006	16.9706681224849
-0.458121130702164	0.23109204112248
-0.282598851651405	-0.901352007483165
0.925471202616713	-0.312745566702314
0.355046827549127	0.501481913878323
0.554473049571304	-0.259135797697851
-0.876934364635624	-0.182348936949455
0.234534396625129	-5.59614330473741
1.44803568421067	-4.37566379946767
4.24941598139903	-0.988335089126205
1.5469167112165	1.96286194693987
-13.9288353042108	6.36106268782621
4.25769768717944	2.51279133490065
9.76471280221599	4.52437880466637
16.1360550180209	1.42148796418958
17.4814914273988	9.57128657212114
-0.293003631599092	-0.634272732257152
-0.162243607144119	-0.291372110635951
-0.462940580280458	0.602650803878844
-0.886185385715237	0.309255474216459
0.695199298306405	-0.238885436645903
0.242547458807595	1.46693145088449
-5.20350759961161	7.19264418972263
-10.1847511484121	-0.548679324840577
-5.91117126122581	0.107792852138783
0.129854505163172	0.121407727862487
-0.412941200049235	-0.622887968992037
0.158555380068668	0.0707780703956817
-0.23953760878291	-0.400512016618339
-0.507405254603583	-0.357731546837582
-0.224074015164375	-0.14485794532171
0.107507500019555	0.115181454782507
-0.317602383124656	0.545546229159675
0.0879055881000082	-0.234689940124294
0.749996564636659	0.226547893165823
-0.233561040254779	-0.644846677258114
-0.378664912531613	0.0122851611135439
-0.542855610750236	0.10443780357407
0.0799597663694589	-0.221797185554163
2.10367620056811	0.951422470490396
-0.454602268772505	0.177299500936252
0.539428539779953	-0.405009935391642
0.558229553287971	0.95225548957951
1.1593451428415	-3.70259943643127
1.88436659817614	-4.54181434614988
2.82352670624246	-7.46163095981411
0.275675297772266	-0.216776244976724
0.282063922538569	0.318733284883545
-0.518653301872118	0.64174698183264
1.0898321316482	1.28406755139855
-1.29751714553895	0.16138788364017
0.54192854628191	-0.631282020998946
-0.470236943383782	-0.627054504627261
-2.22021832301413	-0.357527791377934
-0.749513272704222	-1.13491796854514
0.452650284269334	-1.59750133871577
-1.18538580646111	0.68858566879213
0.237861140783352	-1.23044321917372
-8.44607686043131	-1.22534010731526
-1.09924356780187	2.86538726670146
-6.49590245194416	3.16247111364486
2.13487937208134	-0.059221193347176
-0.672585823629384	1.99195436114259
-1.07078929551017	-0.165048598336135
1.16908448602826	0.998982676237205
-1.63404858264353	1.92503454790984
-1.36071813379265	-1.24482155612093
-0.447823809097146	-1.24053165838252
-0.301061459287902	0.375494847829347
0.484176469712168	-0.352954183831656
0.367175561646941	-1.42255843986831
-3.53847385629617	-4.50449927193052
0.878082808428392	-1.60500775315363
0.286935504269353	-2.17766294622471
-0.77689613371683	-3.24856923774355
-0.435689234498753	-1.32748164775619
-0.25040199086347	-0.398158909221691
0.191822013305996	1.345453554132
0.607672547241543	0.310981148653056
-3.64746044395656	-0.534060183577737
2.79624682697275	-1.75087465692406
-3.19677479245764	3.21664273934736
-0.0369296958754724	-0.684981732747253
-0.411910887893807	-0.511069069473151
-1.16503813074245	-0.20962520605412
-0.708526611135962	0.296131831161423
0.744561070897668	0.164108028135345
0.290672655490719	-0.33437987773894
-137.745333362394	-15.2360385791554
-88.3776905406464	-12.6808002219637
-68.7723172569454	34.8158246484212
0.76709320145947	0.695488010068536
-0.0998654017253897	-0.0851384711282871
-1.11579265844131	-1.21976622679683
1.48207695154228	0.723524977686678
-0.702958537029923	1.44673843571467
0.636772425082478	-0.798350850703708
0.289314027412338	-1.00803724035233
-0.428026191903325	-2.02487969149238
-0.941809753197126	0.220642672636147
-0.717496937364329	1.4835818498004
2.96307335120981	-2.90442521056624
-3.02190761608105	-1.71934810981642
-12.3916481463337	2.44267363938468
-6.56315767189815	2.8486372531966
-5.54893746845137	4.90434823220756
0.0134880775580803	0.0176821086473153
-0.137249230556019	-0.00483135212053104
0.0471516666090119	0.792806596992141
-0.234252484280501	0.191241647815169
0.111597553742431	0.221873326049039
0.0937911980406397	0.894320516476157
-1.01733506775373	2.76747695209256
-1.45485062034857	-1.35504449891404
-0.320699582033455	0.861759891171473
-0.260304982131444	0.61071472269799
-0.134807638710289	-0.86323126192669
0.185749631662793	0.307338154098697
0.582282020867099	1.34597740457641
0.958992225339299	0.330274034229911
0.593636009840252	0.485511822517872
0.143376203204882	0.375471927113148
0.165851407256569	0.247037996973966
-0.119941009920571	0.401637412866431
-0.0684430684987004	0.0166406512123683
-0.0537319725813181	-0.669519544848415
-0.0116629948343108	-0.744799996804985
0.277665266410418	-0.226214895171292
0.648992085909046	-0.598718809970796
0.238217851397356	-0.0811701270683719
-0.297271876645673	-0.345913363320535
0.435399801969127	-0.578823705691991
0.216193082103383	-0.0748315154923897
0.144876058177277	-0.0700529336777135
0.169936232626163	-0.0411235365107015
0.399298531552333	-0.126505382379911
-0.839935220179355	3.32651224744958
-0.120887116828115	0.292874804571609
-0.772415916234455	-0.605298040704557
-1.06513899680862	0.829177892282
0.236524391834235	0.515219844093205
-0.260953626690315	-0.125030247317806
2.93614744149736	-2.24333284563724
0.554344311362031	-7.47903050610507
0.206113546820448	-4.87795186955999
0.827010463757588	9.86826678108665
26.3932147666331	-38.0394472066395
-24.0223908485912	1.52580183356168
-8.76150310376893	8.57348046410533
4.18027453873045	7.03837335868318
-7.10146394409267	10.6367706906354
0.323424979156938	-0.242609026357275
-0.248384939670644	0.0030136328900093
0.0200882686547272	0.322234415368543
-0.78332969684829	-1.67222410566755
-1.76347673711126	0.202131941226243
0.561690697523382	-0.541842576493955
-0.325456801329072	-0.541537108222375
0.762772822910282	-1.90380106791031
3.98633092079242	0.0614542439518604
-0.564283015800831	-0.103892465583515
-0.539438366846138	-0.387827810397259
1.5622924286757	1.34002195388782
-3.01670981185616	-11.1826388589489
-4.89076719784438	-9.50274212771102
-3.86046496755179	-21.4293433225764
0.435383950213336	-0.864593718320341
-0.157831389268942	0.788793646083507
0.841568732123886	0.746396348464778
0.550245723337764	0.888070698639032
0.247669493929093	0.88256182848596
-0.91278039174594	0.803354422951024
25.6590640707755	9.62213032907006
29.3564993276095	-18.1467260960277
20.8261546281414	-50.406403701214
0.148535038402549	-1.19275013103486
0.0214211607037288	-0.220247012349998
-0.0655218029025578	0.0656791400151852
0.18523741728704	-0.377097069612579
-0.348831871437667	-0.353542778527763
-0.130257675727531	-0.394406376865659
1.31346384968249	-1.45653985969331
-0.333868573118219	2.64180308934085
-0.485415477089962	-2.33358373360276
-0.448908398425372	-0.358776677967563
1.2744124273124	1.8194247437786
-0.181539855519441	1.58493052906702
-40.6056367189958	-8.68064294670597
-26.4912395663922	5.07577655102288
-3.15710606632477	-4.52302087147039
279.077994881469	282.660390025389
-165.123113504904	-123.578712472043
168.567404609476	-109.830793443927
138.492827363821	353.322342291088
247.151486947808	134.665885793631
206.189383808329	87.4451038233351
-0.226341452674271	0.679471582076278
-0.0188480233447127	-0.305070644248875
-0.0963908155454118	-0.0881181085589923
0.34881292744612	1.22696464215755
0.046686729844908	0.12600821455691
-0.149578700778413	-0.674992968507454
0.688722753531441	-0.704287472681017
0.0119351017365246	-0.165665737124313
1.06389072349903	-0.294445897677138
0.126978850267652	0.00477025731831224
-1.48811215610971	1.05098143237943
0.6271574924372	-0.233095362778499
-0.4526147528421	-0.925387882954801
-1.52081925333869	2.41311803132203
-0.0111389153920078	-0.747209268830639
-0.231639721933152	0.0490167045299809
0.34041269238978	-0.180203847648683
0.570410743128907	0.620681060524288
0.269170659457253	0.19685112251772
0.1644397459555	-0.743223181001014
-0.721726133218107	-0.0495127526810302
8.96437806770125	-11.5387156366763
13.5152852337716	-7.16290732009713
11.3685226735188	-1.87885440053097
-7.33126924653622	-2.17990823809266
0.875254960554248	-5.74320935563826
-1.94573405896456	3.67628385228272
8.08178301945541	8.88231326535072
12.1046080237115	10.3962138095833
6.88662185464041	15.6135151275809
-0.265956622743373	0.603249843706788
1.03398171199382	1.03339035954735
-0.423515615849941	0.560330122327206
-0.59117074417713	-0.100761259434202
0.592639604678004	-0.155919145782775
-1.14856699996107	-1.54485319756717
0.232823395439524	0.57645539460898
0.435014245181122	0.707189847443293
-1.96392416476507	0.967399684729294
0.142113575274358	-0.602785304904483
0.115777633087471	0.951567794754248
-0.151299328447567	1.80986796965449
2.60231874608327	-7.31749370715187
3.16606518059249	-5.96000430831922
6.06767038386338	-13.4828683939806
-7.93970873951505	-1.74709230434433
-5.64685334049893	-1.78939177424635
2.31286176129129	-4.06358209259959
-0.154578327838643	-0.103865079558245
0.349070160924129	0.743293193904196
-0.250923749229472	0.629454558135452
0.602083308785765	0.88183084395408
1.93029414528738	0.967898173615345
1.89091938422403	-0.264458841123716
15.519184230011	-24.4825351008387
-59.1020726654985	-140.028349438241
52.7060985394855	37.4822293879309
-1.47740456224732	-1.67053567610197
-0.829846994251196	-0.600446471934242
-1.2341091424614	-0.445293059502368
-1.13186560648614	2.08246882315569
-0.176569553937175	0.0213758180782065
0.113014231408025	0.153222535291249
-0.021447204323203	1.57944970392484
1.99381269261131	1.62499751741453
0.384516860683868	-0.567248688644109
1.23622331605288	-1.7644398130255
0.594077506397652	-0.564236854030372
0.149184074953996	-0.379447287826357
2.30278843538227	3.29167697660702
-4.73622078628124	8.06829544971841
-3.04153972450223	-3.3618814561777
-12.9390588957472	5.55652591006902
1.9049410692058	12.9950944072851
3.34907089761534	7.94238538268012
-1.54339127165111	0.492268247520307
1.18172580253569	0.642550981241884
0.196653934664355	2.3795190926389
1.86883390838036	2.42385824980121
2.30446045336377	-4.08405347250623
3.29517827758161	-0.32489464215763
-32.6437465759728	-3.47941557460698
-19.0985126830534	-37.147875111499
-12.3136221363566	-22.9685025992491
-10.5873349256941	8.2596112756889
5.42056994292814	6.90726945229112
-4.34708696821559	0.0527047541198691
-160.902155292531	-69.6092805631118
-89.6761078962297	-80.0027959651551
-86.5998140494622	-48.8145384822457
-3.26294727043734	-1.82566665299704
-1.80769078576751	3.88829238657866
0.752528321598556	1.37899134970394
-0.192690255176425	0.471885662364287
0.0524847507798799	0.460935229965134
-0.0316496526873765	0.745951542069438
-0.0954638137006911	0.514946468539218
-0.0594253529658829	0.227143414431888
0.424808759264817	1.28605494825826
-0.829384394242276	0.304660603220711
1.03240734495834	-0.483629655456474
5.01710364519606	-1.66046650897802
-0.508872934683774	0.0493690117409697
-0.426389302385893	-0.044017467783748
-0.217712632381844	0.197303828145324
0.494516806736815	-0.360037320941558
-0.251955674229655	0.829231244624459
0.0422127584893814	-0.0868592169456058
-0.0990238203753071	-0.245100198509209
-0.260879137630433	-0.794515273340382
0.221687751213152	-0.805549263942532
0.489454224673139	0.365048396356892
-0.455509741096489	-0.262318114819872
-0.200232507279969	-0.165031203600195
1.48462264188831	-0.147146233499131
-0.872116101442859	-0.334519985058638
-0.151396747379747	-0.148989473032218
0.300937849570703	0.669793074483064
0.392255683464128	0.889161464046461
0.558283917295524	1.48579611367973
-2.46368388201662	0.773312521748365
1.50521493711382	1.5926496211937
-2.43209631410179	-0.43312311442486
0.85641458912323	-1.33550266399806
-3.67107299887515	1.42468512966185
-1.02055756012656	0.0167024559704296
-0.665578284622529	0.991193415768581
0.267107065322483	1.85509740569917
-14.2741477472805	30.5312689994122
-1.4960703145729	1.69670892868357
-4.2119219377199	-4.17908177570155
206.080788168566	-72.2575410553253
-40.682641066591	-22.7501384744394
-57.8458096090853	-25.3503317230364
-260.135608823432	-458.923470639536
0.125760987813344	-0.1388772013065
-0.0875176881563636	-1.45748232488973
-0.0819010052998393	-1.46005816714028
-0.708671827006043	0.663532982345326
-0.65687197332875	0.201990873584175
0.170811193898025	-0.111417731362594
-0.63524499052198	0.786883146457295
-2.3035719931278	-0.143698648310166
-0.715409532865985	-1.04263106424267
-0.464037301266403	1.38714943456266
6.28824027590748	2.32403541403893
1.82193566532505	0.0619348205084485
-1.65829866216743	3.71785063342896
2.40188360638625	-1.54270920678437
1.64575311579725	3.27872350291657
0.692930514013315	-0.89025908871717
-1.04510747795373	0.395132950526297
0.0736541479816517	-1.22188609156483
-0.59121909982678	0.0418329791801754
1.83205660217926	1.04747508295499
0.267886055133845	1.42641597492985
16.5692642322024	-12.9620706007594
11.3992072718776	-3.82716272985346
10.3738515519628	1.11184325560253
-15.3728345130641	-12.0694156038186
22.813759222686	21.9094112475815
-12.8696543684257	26.6529626916402
-142.528414087017	66.760649009837
-25.3953160535449	90.7645682606648
-35.4496977493188	75.8154601929624
2.47051725038727	0.181294880308477
-0.350593726088961	-2.38954672327793
-0.28815491653899	-2.4017447620944
-0.724074173095461	-0.548729741381824
-0.947281720671165	-0.208685580300557
0.240711123605129	-0.131496337716477
-0.679020010498531	5.46999667229204
-4.79575905215191	3.58660198152661
-3.54713170172366	2.03180929310509
3.04731345414315	3.32263256134657
-1.7356609988024	-14.9642083201604
12.5086059348749	-7.13820838756024
2.72223651525748	8.51771951589428
12.4156863312945	7.12531572951622
8.09254809610816	12.3473554645752
0.138042683596786	0.0887437776201484
0.790657064476489	-1.02656932946908
1.10046325955215	0.86966979165767
3.69801026284142	-1.79861615318361
-8.04115371367243	-3.65806895972781
-2.63959936827184	-5.65645261655761
0.314697838966342	-4.72159027064827
2.29455194279578	-6.17159857547374
3.87379519960585	-2.95967228230425
-1.98833895737578	1.68330867287031
-4.26899877756319	-11.376217592775
-1.25484012268773	2.31594643766264
103.272061297043	459.472193135557
320.58348686965	548.455591693194
40.3145803613059	291.829128323756
-1.90763738311212	1.79680726523045
2.09814279323693	2.2853567489214
-1.83007454136394	0.43728213268145
0.936011413672561	0.146359371944119
0.589440627444518	-0.262100670766375
-0.239957138044395	1.41325329930349
-0.493489664340909	0.417724551391065
-0.348887473594456	1.12652159857433
6.17239335762605	6.03898360596284
-0.295553877393911	-0.226945388976176
0.834558103822592	-0.944098431152317
-2.04224823388156	-15.1251243917837
-1.90391876998507	0.0461793851237234
-1.4571709398622	-0.30391141439118
1.1430212857703	-2.38832886399604
-0.754294457978125	-0.37942897796188
1.32315667284312	-1.1047628796395
-0.886982104789777	0.954137236064186
0.321243942009643	0.2691817479872
-0.212118250248393	-0.743560356170404
-0.54735154594352	-0.488938238619875
-3.12262890263419	-2.29538706323883
-2.8600411329148	-4.12009585504815
-0.925729027524868	-1.96722704684831
-10.2002902248001	-7.01328500251485
-3.23213815696829	-0.501862440504517
-4.08716365610318	0.219733403134879
5.81974855422197	1.54046014208591
8.93729662642958	1.38564024331273
9.25089607160408	3.47866126136664
-0.335036420566724	-0.357640332040688
0.832681176809549	0.250718663492534
-0.733325084821165	-0.00634446205817243
1.01295848796947	-0.06402958962999
-0.336886657262836	0.105174969218841
0.330837912334342	-0.158833112899607
-1.39364641980445	-3.14993429453618
-7.11608222185513	-4.00626284817738
-3.08918911827083	-1.5537980873382
4.0265654014672	-7.64101173160774
-3.42373320938076	-3.24638477913107
-1.9369213336829	-5.28480478610279
-5.95886068918298	14.6346005556079
-3.28776557655336	14.7086566372652
-2.68593110392383	16.4575165558276
-0.0928085966420421	-0.341409172758206
-0.621256121808164	0.838041800833379
-0.818910961355948	0.552137327684314
-0.318697697854329	-0.176410653487721
0.362193492877134	0.446867973969362
0.287424410850943	0.631364038271061
2.58468052617776	-28.329434647084
10.4051210428361	-24.6411811481476
-9.6016811825232	-24.5952408299768
-12.3736161642349	-33.8867310990675
9.29802779978321	1.66142692955113
-7.07873867798871	23.3937963481545
-75.6680364450616	26.5035920682466
-34.8148137952062	23.304974889851
-30.7641007207069	20.8601723877619
0.0729448466201166	-0.165349240476144
-0.68521305489508	0.686587583554375
0.0529145739835444	0.922058511220041
-0.794732595133797	-0.603205148325333
-0.167143167903175	-0.332024806202242
0.62931315645848	-0.460803608389701
3.55013273672853	3.11900626552591
2.1139026210043	-0.0933426041159352
2.22902607745754	-0.316920524977999
2.90697906453239	0.781845187582021
-0.726113127272228	-0.296358403600986
-0.328298552980177	0.237148756877658
4.67159955377541	-5.28546545151836
7.22271045459303	-5.41029453776975
9.59566310631543	-5.40011620350428
0.559820957527905	0.0155828764600684
0.830804198290112	0.609601638724786
0.0493136759771392	0.650278168596426
0.193543309013512	0.563145829763259
-1.10369117392677	-0.649173791675146
0.648288301066627	-1.45650863230723
1.0212205389555	0.0865919843938324
0.279942463506525	0.117591572785764
0.336357955675881	-0.0779417927205447
0.102392251298105	-1.67734239400023
0.677784024515747	-0.599834305300901
0.609281291334768	0.07692158327667
0.272991237518533	-1.05621183083269
-1.29322264881211	-1.58216846590299
0.191222266920568	-1.37957118005962
2.09350353782496	0.834919388802175
-2.94740141165888	-3.54665861311227
2.51526884540839	-0.388436817488245
1.06895680725329	-0.737990068454818
-0.745074019907692	-1.2075939021153
1.40645520149083	0.292530858212944
-0.848344606511618	1.83295501948022
-2.62453785219438	4.11231602212101
-0.193760742404424	1.01438861673378
-19.316313237666	-14.3727024973692
94.9749615301884	13.4007693321571
-10.3128242854763	6.32472793949802
1.12146088995572	5.35130835851497
6.75912501370595	8.97796187296065
1.74426162803769	2.87046808279339
-1.11812167534315	1.68790407288833
0.643002878318597	0.737302752274886
-1.50316580331903	-0.5482368004232
-1.48901614743508	1.13672054030748
0.357423277819607	1.09269593700074
-0.937079468765445	-1.02704826808882
-3.19973922018242	-9.90141914667347
-12.0287159872856	-4.58426830066881
-19.4985288299771	6.61373473336447
-1.93138178954913	-0.166769564740275
4.05237913071691	-5.1714823056136
-0.853478893772149	-3.09615203720257
-1.08606126776558	4.36925041177112
2.0526098811948	2.89299894012704
-3.39902352768187	3.00254079869548
0.487020318467115	-0.720473287907757
0.0286017932054388	1.01166405725086
0.880431547797918	0.711742243659114
0.474934247110469	0.414553864495348
0.0370923082411577	0.9657287500795
-0.364935380791656	0.606181505743552
6.33061623470443	-1.01385284559314
3.74555415446077	-7.00903177461086
-2.00671536198017	-12.5610607685665
-0.110852442421318	0.0787249677757935
0.411998225247782	-0.12765207356604
-0.378987457517807	-0.00798999373488577
-0.036136435795167	0.21050198631401
-0.0372268568404289	0.300856059568985
0.00981179024096168	0.106831729375597
0.0605622949928469	0.395837105851167
-0.772735902822967	-1.06400009506564
0.977547488544904	-0.295055672205516
0.29113788495206	0.981168391532782
0.867110233761775	0.494559227438372
-0.736371389374329	0.905885007822564
0.139656139724852	1.0772493664646
1.59533391216413	0.038190485459553
0.153724342744619	0.140525317311122
-1.20918457906619	-0.366138750376759
1.72133274708311	-7.55020489133936
-0.599052996694136	-0.0833968525208552
0.32436330548106	-0.222931946915931
1.0592314844333	-0.817771454477886
0.144158942612557	-0.4434205469691
-0.413358169388668	0.946893188516001
-0.112050729692459	0.0165031276087039
0.693339818596983	-0.672598801692983
0.488220142718798	1.05379048055647
-0.310189122729083	0.482197965547965
0.510174313977979	-0.426580809524285
0.626007128560902	-1.69837143025023
-0.199299598554865	-3.1097978864355
2.59251808609926	-1.13327151385508
0.893699985352499	0.718277819880061
-1.72732507766174	1.49625412645447
2.30164170588509	-2.23969542055332
-0.272643852656975	-2.29817866007626
-0.545626358680696	-1.323983547161
-0.700094203933865	-1.19458987056053
0.245973962332971	0.052719360603207
0.274309923015604	0.0351098581893044
0.897704179715753	0.6625877845
0.164143297193674	0.816461319404556
0.493273852068964	0.335402684915412
-0.344081863570749	0.757346174353962
0.483053707238506	1.73428992227266
1.40582151841109	-0.295760709582929
0.929440592513812	0.331776936150318
-0.0476908757789631	-0.00120285937036589
2.4407788943892	-1.63713723895588
-0.218774176243182	-0.570400141944763
0.157796514666626	0.0816442675981365
0.362819039985406	0.0215460592307006
0.156150423826246	-0.019253952557716
1.66438959233561	-0.249973529503068
0.693897359994578	0.707336696333818
0.829354133380938	-0.946023732806742
0.432697907030879	-2.22243386594468
-1.11006160991776	-2.68158734274478
0.482378382134666	-2.29949666111168
-1.48958465714115	0.75591463859717
0.182297479264528	-1.34447618599464
-0.789509003200097	-0.509333215100905
10.8188547638389	5.0024103138204
-2.99887210929527	-6.44492301615525
4.19585423728706	-2.61980527167823
-10.1473963857511	9.84243958195614
-16.7324519328116	7.83389192118549
7.5423860274107	23.2665169520157
2.27611209556504	1.98837170017855
-1.72764531042296	2.7337652075192
3.82552601891089	4.00730874259054
-0.27551529910991	1.0689500156183
-0.135419652316233	0.846086725329274
0.729020416890289	-0.848672355808947
2.05613496252953	1.40120998613906
3.22076079848108	-0.693251677709296
7.22162599092551	1.95059186919288
-35.7343535722771	37.0119672659994
26.9915755846793	-6.4724988212011
95.3103259483641	-21.2498461972926
2.67158828866003	15.9909820336402
2.08164521836187	8.06738127643619
3.81598143613991	2.60876135431713
1.11380824766366	0.659761501650831
-1.23257182634691	0.54843664427734
2.49756583579393	0.307884600337064
0.105304114428705	0.647460080588692
0.202284989968404	-1.17035351109773
1.3479977996308	-0.580984656832122
2.2052932485834	1.46167791990946
0.982233662643128	-0.258930410772273
1.50757566658472	1.32256099968276
11.3404959326164	13.1126426219559
-8.14081286943562	-11.0495110104446
3.33102235352545	-9.41944779604371
8.37854174748988	-2.87971223186504
6.04193631538511	-16.0544570577626
12.3931812648331	-6.17641531757477
-0.0959617294201878	-0.288842116883953
-0.254033815370656	-0.383424967815913
-0.171674243546221	1.01908874405773
0.41011747993621	-0.744671268519483
0.349510664858749	-0.855172409886107
0.342004708096709	-0.318917533095326
-9.94892067387595	0.673207809753221
-2.96097533547373	-7.65735604075511
-1.75311734924796	-4.28864346434544
0.609164240182838	0.714354798008419
-0.0870863270294409	0.350477285903393
0.0867954519870353	-0.144004882859435
7.36173901811934	-12.6912667298403
6.03131449529501	-10.1088580206475
7.38693450568363	-8.97582222242362
-1.28067416422107	-0.0660320332555996
0.490034965170938	0.0629638000119263
-0.205151075369979	1.29853795410548
0.457579197904311	-0.237394647061748
-0.206287529349699	-1.08577614527822
0.320418021254865	0.561195021663758
21.5797639879819	-4.88215569734045
17.3693685139142	20.9522525639476
12.1952731676775	13.2622821209555
-5.33131992286766	6.87553479207942
-4.08222167675072	-2.17680123029803
2.5408298290136	0.428643929107933
-1.4840913011212	7.36376194258327
-2.92364705422625	8.0510312516423
-4.60947474999216	7.97198457677305
1.12710395637942	-0.385907966598582
-0.316200544062988	-0.754668696393601
-0.130133495562083	-1.39808605730691
0.00660631177775588	0.639346726200612
-0.0977507446242495	0.755775523640702
-0.256043657011952	0.294243998034874
0.160845168256317	0.127908442581413
0.0868251907948591	-0.162661597371952
0.40644560392953	-0.0532996358803033
-0.0741790211512555	-0.00419104867221484
0.0900903643409435	0.0202215913204023
0.291510637014606	-0.0138633964840351
-0.771317743228875	0.351556853035111
-0.650361755527738	0.127968784746393
-0.265408464231391	0.429819150706576
-0.352352421739527	0.629942472704533
-1.51287562433756	-1.58387946582179
0.907604403234537	-0.381051941260714
1.93464694709216	-1.2358610029651
-0.512210310737743	-2.11759983203024
1.09902483786738	0.606611236425108
-0.842863277334872	1.1603942653054
-2.31830390227382	0.583533514257847
-0.123107368734524	-0.273001912473975
0.366152341645631	-3.92433127523791
9.12925674944872	3.84238285237315
0.771367404789916	-0.684955657579837
0.152540176847166	2.15337599439885
0.898317044904595	1.05988488058653
-2.50187564490704	4.77649094886928
-0.898429261255764	0.469739156233381
-0.154681333960849	0.283792193817966
-0.544457257818646	1.23439960228787
0.0745751472597514	1.69765872625104
1.20877764912305	0.203152681700944
0.627441355627701	0.651720200424062
0.66515717246073	2.78775160738422
-0.378638363922659	1.95040685727462
-0.184538264087469	2.35147250127613
1.31747874714452	-0.704251505878852
-3.98953057048392	1.07146964294056
0.454123018906482	-2.69064083771247
-0.410754199997911	1.21448149483665
-0.455054960188975	6.01796966325927
-1.41617574758842	0.517164664823901
-0.308363862937591	-1.21227503581144
0.50813161421397	-0.584790128255427
0.725097493980367	0.531556053369461
1.53942656277839	0.390980461752196
-0.0715911466434973	1.35791795967106
-0.657557330909193	-0.0355645865958103
0.738545530787171	0.315167880581238
1.02468430194308	-0.336311252276034
1.33269217023758	-1.09873710025572
0.57444450567551	0.0765557805798273
0.636448744194909	-0.375223182403768
0.0248359778536571	0.744526308862923
0.576671166205357	-7.55367201316973
0.901467873651551	-5.59101367909066
-2.38776651597061	-4.19648359021938
-0.315143112579822	1.01964174334125
-0.540115484036687	0.0635019524952762
-0.451341121380758	-0.763344683374264
-0.784739085158235	2.00522160370233
-0.764104618451836	-1.04521653365178
-0.877948854504436	-1.07665545836796
-5.635616921875	-6.26419562288701
-13.4551111812653	1.63305494641468
18.5501282210365	37.760164200587
-0.0235560510616714	-0.550552342413159
2.77394767920787	1.11845169572449
0.00865611445475027	-1.0508128747507
-6.90295115847214	2.17367173808887
-13.5621039634679	28.3299005570956
78.8812062026888	83.7526726546408
0.0236387373593801	-0.44270314571325
-0.196028317840263	0.259098845197901
0.296151592409863	0.344390118805659
-0.176983202859285	0.401010383367117
0.946951632133595	-0.531333154761659
-1.80470537561713	-0.489669117041776
-0.383624829620203	3.13818288244568
-0.147860693069495	3.39086212946318
-2.85969848379694	3.90643124012603
1.5939928746781	-0.0781384031545916
-0.137336685846384	-0.911790875161716
-1.55921926805716	-1.06010512829058
-23.0040346614324	-9.40323480223133
-20.1718638188345	-8.38220244032399
-29.4827952721139	-17.2370616993735
-5.40856640600884	0.334213783211572
-2.73097829741225	3.88304399578771
0.000586355555823688	-0.856344180198298
0.906253673649994	0.158929113809874
-1.00355373095897	-0.717947018154847
1.21881454231779	-0.642531952132924
0.753824726310935	0.181259338278123
-1.23370811663336	5.23486440193828
-0.163457390196666	1.02748311762871
27.2607155053279	25.2837258212013
-72.311528803756	-133.363876120264
73.8302081159087	-11.2387212928804
4.88024858624213	10.5072127378792
19.6037376438749	13.4801412606472
4.80122048398332	12.989198935364
-0.616253554988933	0.671234107180827
0.81258023243502	1.47413676327924
-0.560500905702131	0.559217078833566
1.22717042820695	-1.37727481184999
-0.570949553245199	-0.98997997877867
3.73825693726644	-0.134264450817078
0.569206550955707	1.21299795775577
1.35543481522816	-0.416768250872585
-4.28289434575745	-4.19343997818948
0.583591188911322	0.452154699061081
-1.70470797091284	0.212212831571432
-3.64112299115522	-1.00799129442954
-6.32702143585775	-17.007382137266
-5.55430696752604	-35.6326382826678
-88.0061075589559	-55.4405189130917
-0.0486339029710665	0.686916561016989
-0.349011239119481	0.29589430282897
-0.0853405080057492	-0.71614371581918
-0.936551160506355	1.72291565002708
-0.534827972506363	-1.05050375759287
-0.57757440759806	-0.986505804591469
-4.88453695301688	-7.30334325457657
-15.6065196397996	-0.144457377506434
32.2272460809176	29.2263488485728
0.132616715812265	-0.686570106969209
1.89070844642207	1.6517613732962
3.85907762813384	-0.745352908470824
-4.4425238751226	-3.23756735746549
-25.5763632361544	14.3110423021676
61.04452740461	80.3889875387655
0.171895172405255	-0.272022627036967
-0.556846278414227	0.911231792796669
-0.676220614415584	0.576290448066241
-0.510623695160233	0.354962458718577
0.196858632854264	1.05433221415195
-0.488966074439912	0.216538675315512
0.442733502779439	0.315230080201442
0.651990834946333	-0.864439831167448
-0.909138599405117	-1.5416734718252
-0.208625866394234	-0.300549536552723
-0.69823352327068	0.25919440411355
-1.07830603375845	1.24988998504101
-0.618994033418494	0.0573724029188034
-0.0773401193541601	-0.117825594087122
-0.130116478685184	0.194745204123436
-0.192904683942587	0.691156884015633
0.733153929265317	0.859763328409808
0.416346533049503	0.781051554121098
1.08508052407164	-0.214966354705708
-0.344593209044909	-1.27784429561729
-0.275237124465146	0.894165411756997
0.255962676111114	-2.94336022479771
1.59789166112727	0.951813016214436
2.07970556743642	1.39317918773749
-4.01004460501003	-2.52965855364061
1.67403887441685	0.0594101620866439
0.226260701451533	0.149885252485801
-0.603676996786466	0.0663211011434029
-0.721680328591373	0.0265874470419216
-0.803208067582544	0.0123620796450603
-1.11805380930282	-0.320854417985122
0.0814625690650497	-0.026475971491128
-0.26572003942397	1.31905153912508
0.11306661811285	0.294640469163483
-0.48413416238845	-1.17730978672678
0.732843297805118	0.561347017183673
-2.84241494221213	10.0058511969559
-10.5476186201798	4.06243311509468
-6.22867788155578	3.08516326195652
1.11549164000819	0.859470576050953
-0.003945135809574	-1.2065830621031
0.435731619308936	0.281514839630435
-11.3252051851216	-6.25918789387306
-3.44268292288628	-1.457356302233
-6.36011856260727	-2.43168669793114
-0.0278391009069235	-1.68608812613031
1.4248753019571	-0.00775216236701049
-0.284812876700337	0.0331201206390549
-1.05488168289495	-0.853179837689823
1.47870521216447	-1.09150592388278
0.771571886252743	0.272793379028648
-4.11003793771757	-3.87408966733837
5.76264918828827	2.37708626374025
2.97929788299622	-1.49647268265452
0.275258884978686	2.34944050534938
-0.18588670963431	-0.638155631320753
0.434625985486115	0.54810460459421
22.0783590272421	2.78879886066126
-2.37794097076894	0.765666165307239
3.7374688179265	2.44245179670222
0.733960065775561	-0.45072992385327
0.561608150074509	1.03917986885356
0.142178621435254	-0.543104415342826
0.457958242696811	0.39787153492099
0.331808954936419	0.391183687677289
-0.488924378454047	0.182930424237018
2.8873286855799	-0.534557034463009
1.47307384406234	-7.26508106405096
-6.87666477967428	-1.89249369604232
1.78515604543003	3.7827202767295
0.562559615732213	-2.32380204044084
2.85817636728489	0.915175546527461
4.58079683422374	0.506897030464358
3.30100681483648	-7.06138676812992
-3.95304018993822	-1.78963855191582
0.373857118766095	-0.166930934074983
-0.244149810962984	0.20022913789962
-0.266210096063222	-0.147715776605327
0.589757868470211	-0.572739376571778
-0.912636402451493	-0.36540193484449
0.0688942057696219	0.150602125336133
-3.58875969662049	-0.47743049875631
1.53897722987558	-4.1980528260767
5.66766203040171	-1.41870574647568
-2.69906315831457	1.73462590367321
2.39156145460057	-3.35387430947914
4.41278341444738	3.85068445839611
-11.55443886598	-10.0247231672457
-9.07659435741446	-9.11243356114056
-12.7617755727505	-15.8904817515132
0.224366134743309	0.262632779386785
3.38503220844475	2.35152394321604
-0.0668442072476765	-0.250482794675723
-1.00940556897112	-0.819338589202626
-1.72916891414782	-1.18157766723592
-0.581725525435693	-2.26787873746697
-0.327655653382785	-0.179523916022127
-0.000552258814640184	0.71589226978263
-1.85577350237395	1.08655576366765
1.48760184291029	3.54863144387857
6.24803605089383	-12.0914842724915
3.31258550442602	24.6741773956139
23.8748447247119	-9.96561800670174
25.9683192092871	-13.4780543070365
53.8362903245012	-10.5422165765461
0.505224148096312	0.68550758930381
-0.498208431254002	0.622351838668665
1.29916294455116	0.216709219934704
-1.05790168457066	2.0636864108692
-0.0730074021311273	-0.55717947361169
2.48029488360539	4.72452713188818
0.462291813406363	1.53221482757188
-0.737225713582724	-0.262230185589037
-0.821409140258184	0.870820591842467
2.6527996308237	6.25805266449971
-0.025036878203021	-4.44758667091717
1.79149438512226	-0.0210318155580338
-55.4866414671202	30.2117370042644
0.343677018795247	49.0743875207926
-0.0473970971737291	0.574892901954368
-2.22282042989537	0.33539433211015
0.429895710691403	1.16127486807938
0.866659340771162	-1.93394777355607
-4.52535018466146	2.17109947568274
1.5349720875529	0.168664340442162
-2.53712731105486	-4.44691617416261
-0.0087029036480564	-4.60783900508445
-4.42077002689687	-3.52521184820172
-10.1077756227487	-0.188321767665582
2.22040030706981	-0.464618341254106
-1.93467872269159	-0.806013535781691
-4.13591024279015	4.51432169442996
4.21651903979969	-15.2643864055933
6.79376330059499	-13.4770750914369
14.1231277778305	-21.7825058020331
-20.8071212623271	4.7237815011155
-9.33990493855542	-3.07118473446963
-5.88203797070934	3.69393589450055
0.632885782780778	1.46301935509703
1.10045839598919	-0.604520521396714
-0.390590791058811	0.485987864524814
10.5741230571121	4.81887968863523
-0.450874450009173	-1.61693592009692
0.234363662503547	-0.870086858821696
-2708.92093888745	-4110.41830157751
-16.4355254673075	-547.52832938928
80.7400675554883	-210.547259160012
0.259661852982861	-3.74753100805281
-2.55394877809299	-4.5189930590225
1.1902105181582	-6.90438497344999
39.6387069284874	-8.37701658071727
24.286788998535	20.5887112832304
-3.48589026597828	21.1440491731574
0.18857035036166	-1.08604947663337
-0.505021941218301	-1.17460429115982
1.02399085452064	-0.702346829757938
0.889732344782941	0.0420471602422957
0.769701565814769	-0.194164658344855
0.619587790988854	-1.05824000348714
-261.554024439869	-572.263619050862
-507.288469669286	-1476.30929206092
753.904820193223	80.5844805296628
-1.65138367314096	2.42132518288752
-2.15980513694681	3.02383051908378
-4.28912354613034	4.94795990079182
1.60779779635637	-0.274037879056964
-0.997903931508717	-1.91104422736117
0.465095272853882	-0.683096659085404
-2.13087673335576	-1.02500642161406
-0.327197953623644	0.293169388974423
-0.491529332276837	1.36133640409114
6.94372266680685	-0.370320490626178
5.18856692717474	6.7982586703925
4.37842882779407	4.38366773870485
-0.523970570020319	1.82868826592471
4.06529088977068	-0.239306492389641
1.75970982684498	-1.09677830223739
6.23422175884501	-0.467393907656399
13.2245393409002	-9.44425022897054
7.09674549597321	-7.97766929043919
-0.279307710990634	0.0829868751124829
0.815775627450917	1.18296875209824
-0.117625424714338	-0.0675283242851315
0.458202072900443	0.26151289141795
-1.11754545098826	-0.277044890684627
0.562904509185911	-1.24492105206455
-0.393581927075426	0.0450563019384466
-0.124865917803197	0.914130768648186
0.0178353111645859	-0.512723736525361
-0.299557637584295	-0.359556115131039
0.293771333521457	-0.0229855756536029
-1.89734358836843	-0.607882328594812
1.85525339443598	2.69613277840515
5.93081286240279	-1.18538478149937
2.56147673592762	2.75757601066572
-0.457132837498918	-0.511539219731498
0.225050412243565	0.652045709144059
-0.404415228144216	1.5712899428279
0.306581514520311	-2.06199162372757
-5.39132203953435	2.94454749040641
-4.19905772188257	-0.260473574752052
0.109351507475237	-6.11870419527339
0.564751648676487	-9.27124925814765
3.26804831334136	-3.98219156119533
-6.88887374702767	-10.4899708051973
-0.761423899299166	9.47364904353407
-3.61025064187568	-3.97810853696998
279.328631584774	-288.852347595096
273.714173106555	-402.886877355105
150.122683658834	-230.759814093484
-0.703314394736484	0.516235085325832
0.735655795140485	1.73222803480873
-0.0879810534790863	0.466667304108413
0.0701308627823487	0.307373086739484
-0.304802374392641	1.25673722297018
-0.655527982497377	0.307541466675545
-0.476790531501601	1.31430526118687
0.984596624827223	1.02461079077135
2.43545549625083	-1.49595915956403
-0.0729536145284064	0.852679635130511
-0.359420762539059	-1.51197471340601
1.25521895756405	-4.20542247112958
-2.76298193211456	2.35170068626568
-2.25141573664387	1.81444663352198
0.229318063654483	2.60884038207159
-0.269780966010134	1.59211654456624
-0.298423055219676	0.862045496213565
-1.50673457755609	-0.437360733982013
2.25519994205843	3.47560413391569
-0.313067537834449	0.851686492606623
-3.32954199996332	0.524508364855545
-3.62086644784874	5.02345576441613
2.31644781485218	7.02590266666264
11.0360491981729	6.07623395268929
-0.0864234488770365	-0.117377538870856
0.778897460276082	-0.0752910076496228
-0.174971288546718	-0.227842646069236
57.8058180442344	-17.9318058171041
44.3883817103078	-28.8633568506886
21.197573350491	-59.091855309759
-2.0004794714193	0.375758003134374
1.66545733110677	1.29479979831432
-1.88192011435533	-0.457266731023948
-1.46336238162123	0.462415336448873
-0.0697542997315248	0.954676461376201
-0.578739100990092	-0.267147745214491
0.382520147071308	3.85014187139524
3.50558145863234	3.99209524887079
-22.1224649626891	-1.41387733805526
-1.73279820889724	10.7171027819011
-18.1807521029149	-11.6766110953919
75.0508782545935	131.503376104789
3.78835245822749	-11.5475278600314
-4.18408005446819	-13.2827424553372
47.7096411398173	-38.5333183173633
0.606624667597119	0.0470145530791088
0.0875118049696782	0.886449668326703
0.0357728072723613	0.709601856618398
-2.43554065721067	0.258063673008587
0.031726878169231	1.18318070137053
-0.237150331998151	-2.30550853476938
9.67581579400134	-4.85589525137707
2.67313336277397	-13.0810156183296
-9.15217747939018	-19.0071700291032
-0.0749397899363086	-0.0567486413657126
0.411293221057317	-0.298079562636443
0.0352646079866203	0.41785084960692
-1.01220738361209	-0.354269050235138
-1.10391466016871	-0.170757177901452
-1.72217963089673	-1.1722293515049
-1.14624341980888	-1.7791262587354
0.231657506079324	0.26658279283943
-1.06743981081182	1.16205593968669
0.701575325856591	1.11218000449251
-0.597503175340975	1.46312260200733
-0.699637059130757	-0.5995019153244
-0.386919084902307	-0.196953387665045
-0.0873614781090759	0.571689332569064
0.645103076472287	0.245992185302913
-6.02035331961061	0.419557636679402
3.42629936542584	1.58598439527062
-1.14040285042035	1.70088253527763
1.20924129674513	3.26993093999739
1.09811815952325	4.08520611138316
1.69489407744958	1.30406217143744
1.21400368195454	0.979681788846302
0.597817183748943	-0.700820215245077
-0.361002832485022	1.09762604355402
-0.0282737793159999	0.193298522460804
0.40386089138624	0.341178414875331
-0.388488872787145	1.13325312141002
-0.668564974874421	0.424834578089723
0.742928021197756	0.669682390002619
0.975176132416813	2.15967449389473
-0.0380441228144168	-0.115648898306277
0.747498341894764	-2.07985227390968
-0.0838176553682289	0.101586733162216
-0.57442824108538	1.99859340801093
-0.628731880418093	0.6451901424525
0.433186120225082	1.1184725860597
0.967242368285666	-0.547693779866979
0.142809934419578	-0.179970780825433
0.542329969096292	-1.11134194749862
-0.428138017475587	0.420376731618475
0.782202009399179	0.401174916885619
-0.845468184768425	1.53303724424498
-1.25746588662671	1.55780264634499
-0.746038145716327	-1.90752272915413
-0.54628369253744	-0.686620607523004
3.31530499321064	-2.06139456336053
-4.33227177160144	-1.40966883393249
-0.354482797141103	-1.81034794777558
-0.993080122934067	-4.97761927694944
-8.57458257196258	-4.32316166550634
-3.4202088842724	-2.16638644116422
0.341295093064356	0.0196725037767197
-0.564186799218612	-0.394655175839997
0.585547792291397	-0.231673182143805
-0.0439520848131187	-0.150178836928945
-0.461237177248615	0.440499445807226
0.155138877712484	0.3608805701295
-1.49192959727333	2.90270780314894
-1.6923839231761	-0.0727575050906164
-1.27714891856692	-0.370462723392472
-0.55071585016908	1.14363723009161
0.898181375340606	-3.71673680498442
0.517926087190643	-0.718610799424966
0.926348062142415	8.86411255686106
2.17039181517496	3.48386137457652
1.94838185245676	4.72658093855522
0.528321482381129	0.0639587393394334
0.472426767685627	0.593847253741144
0.344708574204396	0.351931035554659
0.576766873743507	-0.189042582256393
-1.51509401099095	0.316914905715483
0.275202999387146	0.352634088493631
-11.4577742731132	-24.7873012458566
-7.51332301774507	-11.2128116237471
-17.4233131938298	-4.20264252911478
-24.6693027646479	13.9587917641911
3.39386030232807	-2.73844716616664
6.61751085983955	0.376660131847628
-12.7074169188271	-129.517220508028
7.16393917815093	-78.3287851412972
25.5228926824169	-72.7569246721501
0.170342550052384	0.20168808156545
0.478119964899924	-0.0367563362005892
-0.309614030483981	1.1586814878485
0.0238095745477858	0.123709939275786
-0.0729709815383831	-0.410767365114481
0.0778178522362486	-0.380599575971298
-0.947912208756689	1.57395970263611
-2.28472205572701	-1.35144489147035
0.226974091789486	0.243624383773227
0.341953026037178	-0.0469069848099588
-1.48031204401413	1.94829539980176
0.291063311179506	-0.644990118176859
2.39261867229365	-1.50193277301923
2.90647489006498	-3.60042345612014
4.27572117061744	-3.1782092053736
-0.748079407298702	-0.108190484104968
0.418369106309361	-0.516070026638298
-1.17051506801746	0.680537692200932
2.2952775939317	-2.68577984609699
-0.275062545339199	-1.17721589377813
-0.184160929461536	0.819329535999451
-8.61265926338953	1.73392138537408
-16.2818346359646	1.90936768347998
-10.104768849455	-1.20109518321583
-20.025930836713	-4.1787177650747
-7.97313950151142	-1.0404346315612
-0.173124220551242	10.9180609188145
148.64145207213	-96.3014841807848
139.102649125822	-96.604901102776
144.302543096666	-35.5098801757898
-2.25616054439065	1.63745925300478
-0.342702523794556	3.46514919983539
0.077445439958644	0.36556733536253
-1.02426687718146	1.012197239447
-2.59489802410151	-0.106254459992354
0.716204354079884	-1.13255162677344
1.45125651767115	0.150669352858681
-1.01480838823829	2.15740651555539
-0.321352183954293	0.485923721223733
15.4939238329232	0.530516194964358
-29.5686894281378	0.252741293312371
10.7131418293506	-25.4573007112247
12.3840834790618	10.1049379417473
19.1075796459243	-20.8115040079887
18.2322563466788	-2.94781778154254
0.946957020468019	0.171348357877271
0.826116927675828	0.872469020465087
0.896254220751463	-0.186708883622879
2.0247491898123	-1.24951507343307
-0.281816064902229	-1.27705881268932
-0.224258729610085	1.85697007087524
-0.376524819722448	0.152939420096202
-0.403971353040932	0.549379124182677
2.51898226608652	0.951510807278164
1.12773333357878	-0.0241764506632031
-0.854373079294339	-0.974123185818031
-2.86789331946788	-3.6076360597047
-9.8401960212307	3.440914075621
-10.8242757725136	2.98651708544011
-16.8131196271206	5.69480023039726
0.273941627870355	0.230487356228438
-0.469109088918279	0.542025928891712
-0.324896137983589	2.19117126457231
-1.99744098753147	0.00675017307418288
-0.23325154848716	0.552850618179803
0.630004187681711	-0.625633314006894
5.47348878281893	4.70289938953574
7.84457443811292	-0.908831913834943
8.46364344286966	-2.98339892966784
6.60294341195617	-12.6028644467538
-3.96159277474354	3.49345332537469
1.11540629730858	9.07299117064574
-19.806498703587	-35.6964205569225
-12.1358153426725	-24.826558522194
-1.70154403284246	-30.4155374757071
-0.387152248582316	-0.454736347922644
-0.320615573807285	0.626583972735047
-0.228239264789672	0.681667620321604
0.110476824777795	0.313286357773268
-0.17631010153503	-0.369932213749121
-0.224347318048728	-0.363876727340225
0.479976070552286	1.68728131220097
-0.533258068942919	1.71336902438285
1.70259373149943	2.20009967896233
1.32197923509459	0.155998891426482
-0.702757173542454	-0.479916456035735
0.489970207085295	-0.43570801343711
1.25243375480076	-3.47309321516818
0.414670955204197	-4.91065803017361
3.07927945137273	-7.29052942001907
0.368643426503413	0.364404273291946
1.11460660880255	1.33206906595989
0.210184013885579	0.168822959692167
11.2405238648958	-10.0784344002805
2.3954217172156	7.59749997465601
-7.11517641438999	-1.61602551345766
0.461873745943738	-0.542561233228509
0.462353148976788	0.744503582141449
1.0109821287468	-0.367821362758426
-2.63236203294425	-1.33948706580705
2.47473916013951	0.459950054135265
-2.27728399335292	-0.0937670252185578
-56.5375241772808	-165.175688875793
-282.346736024595	-212.140619905129
-63.0309290924887	15.6700174764499
-0.419508673793166	-0.389607619659069
1.6452737269364	0.345815887365152
-0.97141479287873	-0.634080291469929
2.02630072274169	0.283227184227976
0.032750437059806	0.988167041515915
0.193647354428202	-0.950058657665042
-1.92716341658886	-2.1642656436863
-4.20469288488061	-1.00529336248498
-0.652114831140276	-1.60204517666855
5.22740452794156	-7.15760525404272
-2.16060426501561	-4.92728278454323
-8.68111743522485	-5.42037421409314
-15.5947405730177	44.2944003555499
1.48423893390351	26.7762876672417
-0.125773349844178	26.4372591679285
-1.2189589463829	0.0186633758636211
-0.414285882775736	0.99000970734623
-1.26874090816384	1.28593730750622
2.68390540067261	0.387618609492555
3.71840988118152	-7.45147944207849
2.84384651026425	-2.49383268794022
-12.1790262348028	6.32827881693912
-24.1903678961804	-13.96320055529
-20.5041275853234	-8.35948289936403
-35.253612376567	-14.5089653150309
-22.5409411726676	-19.2878295490586
24.0869540328744	6.35634200918311
-1808.36776230808	693.949263936075
-1501.65307955827	278.936121915913
-1936.09244798624	343.564960318224
-0.125267834496187	0.393431832529833
-0.261336501202074	0.26111407722753
-0.302290459198423	-0.647775025464406
-3.67100048645736	-5.12986695865172
6.67466688435766	-3.64388114734442
3.33774238003409	-3.76356555815856
1.00235795986788	0.027999290480289
1.16140822037772	-1.49862023101836
-2.36937119608048	-2.84540304578764
-0.0364034480770145	-0.05905694751719
0.29196150298372	-0.250070826314148
-0.43963846639837	-0.757894141012929
-85.4223541506072	-54.7659442198993
-73.2929584325899	-51.5808080084452
-59.7491476665491	-85.9272039396133
-3.33364719391989	1.40220743794969
-2.06441803280594	1.03269818068665
0.378211958012184	-3.19594000346028
-0.737154753969969	0.408290552688407
-0.316859012177173	0.85254686065515
-0.48303705363124	-0.35592021727096
-0.0815446564903547	1.65622140195866
1.27901606478281	0.458586195304864
3.81258610266213	-0.438429552684088
-7.82503485183903	-4.5364371602597
12.6408241150793	12.0424864113368
1.06186905408305	-20.9027078932276
-0.743511438622305	0.332492121967805
0.582003354514917	-1.06259107097824
-1.83934754383481	1.44693543316526
0.413759184967686	0.690739665721957
0.660551877291992	1.65318818472986
0.33577919315807	1.03816226145664
0.407567991337096	0.971363586253573
1.14115004229754	0.373756516929338
-1.39985374854439	0.844464209085719
11.1213207834031	-8.26154305747849
-40.4750301596935	0.841178053016161
-73.5325575115623	69.0944692232237
125.845779488306	-43.3425857150568
7.0535529625973	16.1478027620706
-27.4254962699767	130.45266332891
-99.4205914151885	-21.5142405986895
-129.550896944614	122.408496363447
-186.667622609972	186.991920855386
-19.4348048613821	-3.30940287605664
-29.2168561576219	-10.0814023312795
14.5823859469123	-13.6933095273045
-0.378652668423108	-0.494719031238876
0.237465853630159	0.992715701730564
-0.137029164152295	0.211518257078476
-0.4319987371884	0.461260554059995
1.19975534822265	1.23739002387762
1.1482916126738	0.404109836636131
143.322013037922	-304.645882301453
-887.852265690419	-2205.86983378169
853.067365941891	371.181381315998
-4.18406132112012	0.711321943069928
-1.66551052739727	1.34412381440007
-2.29932957702731	0.960992681657088
-3.66041167275625	-22.2768003343238
5.5108208562969	-9.70221135283692
-2.3415777227218	-6.25594501599558
0.0690015937842707	0.4089049955209
0.101477625171464	0.0685447686849837
-0.228997352353517	0.861918571325382
8.65410156003419	3.73161651792798
-0.240255796771971	-1.86677464199105
0.135372815019543	-0.705240258335573
1573.41135025899	4103.89034387168
-18.9336865091496	475.957052020605
-193.020521839275	363.114459018273
-0.183818003246303	-4.91797789890434
-2.58590375283968	-1.40459251176684
-2.040070818655	-0.966810717823322
1.3738306379832	-0.36503326836194
0.385107810298223	0.340240387570275
-1.03269940059236	1.04566593853669
0.490557100639908	0.268252972841495
0.2300338200997	0.216369558371115
-0.472154178723132	0.323010778156235
-1.17868794766275	0.648614274976005
3.5567498729383	1.59059903357946
5.62633262877588	-0.134344767876222
-7.19404065126774	-1.75826276224132
-7.57798638963576	-5.48627702184203
4.56667013186104	-2.92723593968234
-3.3786972776367	-1.10388737998491
2.33660993482951	-2.3594890559343
0.853429222379514	-2.97564704701577
0.145673355011028	0.484231915081385
-0.161122454380488	0.197612424264242
-0.111832537640195	-0.285917958576206
0.167839723988026	1.29903044731076
-0.833620418171369	-0.424392079548897
-0.58690572931529	-0.415679638973467
0.476204058733475	-0.914108734039939
-0.169672402597241	-1.29811522131805
6.99817907890515	-3.24588050959491
0.0229811585812354	-0.15157708407094
-0.158703519236413	0.154679492765797
2.7193834469689	0.981973148863608
2.57401503736179	-1.34121450332171
2.63859222319783	0.534629488805844
-1.18691355424882	-10.2120260130488
-0.664316952758851	-0.0638514690229271
-0.346989862123686	-1.21137760295555
0.677288645633282	-0.977431219411708
-1.18386620785383	0.115268093096172
0.452048065226373	-0.298830719877544
0.363044809891096	-0.0129214215209866
-6.1150151652867	18.8222149450895
14.1405544271986	-29.8857249810595
-6.34868041612852	-6.93662800496618
-5.43845032210853	4.92102977641924
-30.7031745616737	-27.3759305600158
-4.14800925526139	9.98037087031922
17.7474960220738	-33.5136666865469
54.1206534543788	45.5462891464496
43.8239639856077	2.35662514997663
-0.234841548019266	-0.573989056620593
0.395473260760019	0.11154921096482
0.0348489302235161	0.502264736057465
-0.279192821223157	1.15042846332018
1.24045139630443	-0.29959647036821
-0.227425646818153	1.51750016877336
-4.62502796864397	2.24306979638793
-2.46131358971372	-1.50589731034101
-1.50751804327185	-1.45163756798454
1.90554389767016	1.97621138041944
-0.0409033480361063	-0.66110546614623
0.834748853195614	-0.29902527876465
-1.90839347139149	-7.17032417655939
-16.7755499734581	-5.91016570531746
-8.87704920604784	-8.4481753760757
0.328457395514295	-0.341301239175091
-0.412539414155273	0.182513400732605
-0.0834088056595564	0.0114795921883558
0.133256764972154	-0.652406971356124
-1.30733838319228	0.467832920133641
-0.15739263786165	0.0790355163449411
-2.95328436913135	12.5266445446237
-10.9002210140548	3.00728529194684
-6.17721503729375	-10.9081402978346
6.02471854664394	7.68214379414565
-3.29207801974618	-6.47194678223936
5.51988168798259	-13.1319634703232
-7.34365088028788	73.7183962558127
5.40515119028026	42.8619690391239
9.59843841843842	72.0624265841064
0.758564256100423	0.0971279941946267
-0.183866717925092	-0.893443133356761
0.566782049424039	-0.183592025953021
0.347388736637962	-0.185769819676773
-0.277392515075986	-1.08887913545074
0.435042721371305	0.0535599037641652
-9.70985481875662	-30.8261384711082
23.835883608757	-31.1825475207505
16.2976265003979	-19.5008548099227
-4.9614607774341	-1.80990617646335
1.43603527922099	0.512830550231279
-2.03679280881284	4.91457530174789
3.51756036394993	-5.06861919881532
1.21499345976709	-4.79385375471172
6.28323240444051	-7.28307173257428
0.0920555439429791	0.112103787855879
0.124253071412881	0.949484032446805
-0.0697107852028308	0.372105686502368
0.7295586296493	1.13759244144586
0.408862906325404	0.641269195163381
-1.00355191784922	1.06109672040536
14.7042363070088	4.21389681349442
15.1333028531404	-12.3181969783095
7.67959199786693	-29.6458254610423
0.173237625842909	0.773798322891354
0.257055713938058	0.0556685423477065
-0.246674576268784	0.165490634153143
-0.452930117594386	0.450020704661746
0.202573794515745	1.15179527287194
0.198027705055314	0.968636189824503
0.319361488455721	-0.0601880187622747
0.155939544919346	-0.178803741594284
0.00541352171574202	0.951655813010231
0.641775022352185	0.199463837902649
0.25305170418097	-0.593036036263025
0.403509861623491	0.860267175884928
-4.36607795943886	0.761461782679647
4.4602910115287	-13.0079043639902
2.89430281642618	-2.95823930237216
-0.559618153221231	1.15743846601152
-1.33291410092784	-1.40047870078676
0.143347136594241	0.843819667553169
-0.393120087042923	0.62443640651579
7.05366516392042	-5.94205262086727
4.66739020954775	0.242126323500418
-0.766644233695605	0.562014832593596
-1.6568574833662	-1.36338394011638
1.38222024770656	-0.972512944826641
-0.87763700408315	0.0589281533953748
1.26661064044853	0.208391314015192
0.103889934197717	0.28789700335134
0.789430933674602	-0.51370018637568
5.08884743568236	0.604169725357149
0.810227945564405	-0.38872367703443
-2.44279911142419	1.66979965538542
-12.4604149945185	-25.3609128198416
-1.05752859542828	2.78449809013179
-1.01834707454993	7.14064756910827
-3.34862821981734	6.31348004466471
1.13764113751368	4.29932673973864